345.407 181.66
70.4848 17.5183
426.554 121.519
340.309 397.728
326.459 480.655
93.1312 358.892
423.738 428.497
405.006 282.018
444.692 274.887
83.3536 325.875
423.18 66.68
263.104 496.206
384.357 294.679
59.8436 149.041
438.405 124.078
444.253 383.299
53.0431 393.222
51.6526 366.947
225.458 389.028
171.402 64.1762
281.734 298.783
114.017 267.061
169.881 90.6247
489.144 352.056
401.285 293.119
72.7467 375.449
253.936 41.0624
455.532 59.6199
417.524 482.376
403.437 394.271
157.792 316.361
97.4817 180.22
128.188 434.405
17.731 437.152
437.444 476.854
166.815 196.228
454.689 455.8
303.71 216.979
338.722 42.4012
42.4159 403.709
368.94 484.131
372.586 406.542
420.762 384.868
478.776 396.433
99.5809 438.919
446.513 199.177
271.354 81.4562
131.378 421.925
325.93 273.858
24.9707 212.032
212.809 133.853
300.46 277.276
346.261 81.1151
462.076 61.1059
197.461 276.831
56.3037 261.364
492.915 241.445
113.119 256.377
475.972 264.025
112.856 217.453
408.284 321.314
292.351 324.638
164.141 4.22565
390.615 433.296
475.52 21.655
265.319 145.538
172.466 421.275
285.453 478.427
284.801 51.2414
227.357 472.333
377.336 444.42
11.2454 95.8492
421.475 272.008
232.755 179.92
25.8468 43.0014
182.177 184.833
497.83 100.692
484.264 339.666
253.306 23.5494
223.854 13.0221
344.319 316.291
477.879 231.709
330.062 421.699
336.912 287.373
392.647 155.207
58.2224 96.9215
383.206 248.222
319.413 66.6912
299.388 94.4399
415.056 31.5482
348.037 374.872
85.0553 296.935
290.695 78.2994
393.798 353.95
201.983 329.808
358.187 374.421
77.8115 391.095
92.4343 170.761
295.107 75.9563
101.231 58.2693
17.9279 479.252
259.397 453.659
399.962 140.799
42.8818 418.03
43.0855 406.8
476.41 240.229
164.838 498.431
87.7016 295.458
49.1239 423.302
25.0926 483.592
4.53202 371.11
60.7343 381.953
237.865 252.799
298.856 242.378
260.333 305.138
224.298 360.823
108.774 89.1584
455.866 483.444
496.078 442.944
171.101 229.718
320.846 215.66
452.71 119.352
439.905 363.631
42.7465 438.099
86.5142 439.74
294.683 475.456
401.082 365.94
429.285 250.02
261.145 179.057
314.195 368.653
7.77897 11.8953
177.487 309.9
376.048 57.9344
148.117 316.363
163.737 132.985
406.846 6.72676
86.615 7.24327
241.974 94.6735
359.384 122.227
243.936 387.684
271.356 411.041
487.801 265.708
321.312 58.6827
389.504 368.244
471.235 72.8665
329.853 454.5
438.844 261.295
156.503 209.278
215.905 250.526
278.53 373.612
37.5394 480.27
439.739 274.955
319.88 403.62
331.592 309.766
485.854 434.677
172.506 473.829
143.027 140.227
221.36 59.8816
146.254 415.723
72.8197 313.818
23.0814 319.193
261.682 137.214
346.686 320.835
342.634 440.412
245.393 427.553
256.729 367.818
14.3213 138.071
155.518 116.501
345.237 124.374
43.3143 433.553
163.781 494.229
226.827 161.2
82.0593 395.228
209.503 405.094
56.6067 231.975
18.6028 6.65562
154.466 4.22778
31.0691 244.001
412.656 186.443
491.708 403.633
311.633 178.411
57.5755 214.511
39.8516 471.854
21.6794 145.145
427.868 76.0078
97.2877 293.409
33.4775 77.6738
448.203 192.398
265.205 308.396
460.428 345.468
181.852 20.6452
227.016 298.224
481.272 355.542
12.3526 128.671
112.729 69.9505
472.128 28.1715
218.493 162.213
120.017 470.807
225.053 307.363
482.7 131.98
222.409 450.552
62.4991 95.9271
338.354 16.1113
177.485 85.9531
316.398 294.633
163.411 220.828
310.212 444.837
473.155 343.198
431.314 348.466
213.727 69.8373
117.883 59.8396
93.5509 1.63318
423.371 332.515
490.833 423.572
347.908 387.683
220.533 294.972
428.509 86.4633
66.6964 354.094
373.47 373.556
261.005 71.2739
377.138 400.117
48.9854 8.36401
410.542 81.4337
160.925 14.2235
56.7829 293.981
490.615 14.4496
269.026 67.7903
222.564 301.345
182.361 141.471
427.819 289.29
243.391 310.852
163.709 295.874
76.9674 234.174
419.709 104.164
110.657 231.035
34.5425 162.94
345.882 484.287
449.301 64.1463
104.632 323.031
220.06 80.2206
442.938 495.64
112.339 4.68437
60.4823 134.612
440.428 399.729
468.461 315.077
122.572 360.751
296.48 343.875
73.2904 186.345
413.553 415.905
30.4191 128.814
263.64 352.955
43.639 100.468
277.276 418.956
252.674 276.636
152.002 366.219
74.5837 435.048
105.915 328.323
149.484 153.614
16.7053 311.56
459.097 4.20536
484.585 490.585
54.4555 356.834
14.7902 288.84
437.064 393.835
333.774 411.855
369.472 269.306
373.665 163.153
243.58 270.049
152.655 285.789
478.694 266.765
64.7858 363.154
488.928 152.839
280.712 459.463
420.403 171.831
188.537 412.1
100.834 476.004
261.544 150.554
233.168 184.525
127.6 323.122
12.6615 84.0927
183.478 317.09
37.9855 437.974
44.0497 18.7057
22.6567 157.785
305.461 134.336
493.125 144.292
293.938 152.987
367.281 259.14
466.806 181.12
426.38 261.867
283.055 356.659
190.949 229.607
123.418 326.457
425.175 352.923
278.551 427.913
306.395 228.618
247.465 250.484
397.27 46.7381
312.661 406.128
183.913 418.333
413.406 146.366
449.563 424.529
288.413 167.215
447.043 348.727
226.751 200.266
492.431 9.6794
428.039 22.5298
84.2567 151.217
306.756 124.535
176.884 491.947
80.1294 197.188
16.5093 68.2977
43.9906 88.2319
317.872 331.959
321.313 377.132
129.34 455.587
239.307 484.209
256.392 385.005
372.155 478.909
396.032 463.112
280.781 121.743
192.441 362.843
79.0363 1.30257
433.484 457.289
241.856 276.686
46.1166 422.888
262.277 416.436
54.8802 39.5441
490.011 33.967
240.019 241.447
67.208 301.653
30.6532 472.589
487.47 214.315
304.824 340.029
339.596 257.405
285.636 141.835
283.456 327.356
269.392 314.54
399.722 256.822
288.123 380.789
20.4502 92.503
448.258 439.681
65.3825 420.93
237.809 103.162
390.413 280.899
22.2661 386.549
411.013 213.81
212.459 72.9815
182.202 208.76
367.846 184.975
301.275 358.88
345.419 294.729
11.2824 189.31
120.756 25.5097
231.844 12.3702
32.9097 334.367
486.997 173.569
128.156 277.791
482.616 83.1453
427.342 424.687
196.676 25.4611
119.747 230.542
481.746 43.4641
271.348 251.918
403.723 446.058
79.3987 49.772
142.842 319.639
352.991 62.1015
204.459 80.243
12.3816 134.845
38.3301 263.244
364.942 44.7262
154.111 468.001
308.994 23.735
373.755 35.6133
239.375 362.103
275.2 300.226
389.27 430.46
348.658 171.907
365.104 215.189
272.3 277.923
235.817 168.664
389.848 17.2767
469.873 253.386
26.2294 239.017
122.399 262.941
269.079 311.613
423.938 323.454
366.644 3.2213
454.111 18.1801
5.74431 472.898
412.994 124.316
492.967 157.414
329.275 125.064
264.828 116.26
484.494 429.533
494.934 49.823
253.05 347.391
398.323 103.382
41.1161 254.384
128.616 390.912
363.392 417.149
283.546 278.967
465.448 163.81
317.617 120.328
6.80058 81.006
360.24 346.914
404.326 49.8628
8.54938 120.99
115.14 200.837
5.89787 362.289
466.95 176.31
260.631 234.874
388.819 322.199
132.004 331.872
454.967 209.355
38.2289 321.28
333.149 470.429
278.366 293.564
349.226 434.198
232.421 77.2806
66.744 164.618
208.432 16.5086
135.692 228.461
196.298 431.132
467.671 121.297
44.2646 393.832
20.2171 333.599
353.79 343.496
274.436 7.70137
68.1386 474.043
386.242 428.94
36.7794 429.43
269.358 379.303
88.1631 355.581
462.205 491.594
378.508 105.985
425.998 414.459
213.765 339.193
14.1625 418.841
129.885 348.974
435.345 348.212
368.529 234.334
155.878 40.6512
281.023 56.952
295.044 146.727
339.87 19.2224
178.139 355.017
378.034 101.04
177.538 328.74
131.775 55.1155
482.766 384.463
420.063 312.904
25.3824 297.476
494.622 166.429
122.403 116.219
332.712 382.734
34.5162 205.86
160.214 203.313
46.2108 283.232
55.187 13.7497
485.711 114.104
14.0389 206.505
240.094 487.774
285.99 47.7281
443.336 239.19
134.636 277.95
68.9838 379.259
161.945 387.66
315.415 9.31967
242.902 436.765
408.607 271.888
431.622 451.956
21.4579 282.937
285.894 129.902
94.1292 427.526
64.1491 477.024
104.676 11.0628
33.2335 352.187
71.86 277.524
417.046 279.365
186.617 207.916
89.2872 437.985
184.501 209.676
195.415 294.537
205.512 427.174
264.696 14.433
494.151 473.572
481.498 469.46
271.581 163.143
271.403 367.012
332.289 252.009
187.479 391.056
17.8198 449.675
284.327 419.04
196.9 270.093
57.2468 445.239
123.066 167.456
389.482 361.803
304.306 46.4583
304.995 496.126
399.771 282.401
472.573 335.923
137.805 287.529
461.377 207.198
26.8617 302.729
432.967 464.637
184.686 411.422
288.463 177.396
456.694 323.577
21.5099 216.298
391.473 304.585
376.979 329.114
384.83 318.19
242.963 293.575
451.448 186.246
410.365 290.939
190.943 204.519
442.39 43.6182
161.302 372.259
154.598 139.424
97.3776 264.862
72.9889 151.709
284.393 82.9428
389.845 13.5438
481.126 258.361
355.148 60.0141
126.869 35.1558
401.031 319.043
472.754 266.44
14.0939 100.769
36.5587 377.37
303.458 479.162
470.614 206.047
443.44 212.384
22.98 154.005
200.883 409.177
445.558 99.2483
451.031 250.097
95.1295 291.179
116.38 169.89
341.95 164.337
105.842 183.359
468.666 444.039
201.133 148.47
333.304 38.6442
357.912 423.826
343.161 336.44
436.31 176.391
123.179 39.4053
260.24 407.155
88.4922 494.248
224.778 248.44
385.681 204.128
25.0815 360.688
129.552 415.313
264.326 433.048
47.7594 345.784
297.599 217.194
494.707 419.4
336.242 160.359
401.838 202.277
338.683 330.049
11.0546 319.491
451.064 339.359
174.264 70.058
307.715 113.055
95.5917 237.83
8.55066 407.245
149.687 301.951
6.23397 182.592
447.616 220.462
452.823 97.698
280.058 134.27
61.4243 199.926
294.919 218.118
308.073 310.222
15.285 346.557
78.9236 148.866
359.925 229.863
47.5489 10.4287
210.714 43.2305
456.504 13.9284
292.015 144.529
369.086 195.067
113.257 373.738
408.934 310.334
414.644 327.463
494.967 385.043
411.261 127.541
266.006 261.35
417.843 394.784
255.255 70.4361
115.577 445.33
171.006 200.957
406.135 94.628
335.797 358.125
292.422 493.574
304.705 186.705
184.056 434.33
409.983 460.944
118.483 334.381
19.5083 409.336
464.31 431.455
198.679 389.744
47.0183 252.35
148.556 244.463
439.549 39.5487
255.208 479.017
143.353 181.148
424.988 270.871
225.957 265.543
435.804 90.1467
373.265 282.49
399.999 248.669
41.8898 163.884
316.793 389.38
181.533 44.2166
208.21 22.4048
350.548 187.705
287.634 256.338
427.967 39.0508
369.009 428.001
444.019 165.751
301.976 138.891
129.434 320.865
197.515 4.78189
222.007 112.619
449.331 421.268
246.276 220.491
67.2954 381.082
322.15 277.016
227.221 66.4968
118.859 16.1719
482.039 207.648
157.6 86.4843
381.354 126.854
112.513 175.607
144.066 10.1642
116.565 337.494
386.129 464.523
228.33 117.692
94.458 205.027
413.385 220.216
92.0839 284.206
408.536 56.062
395.263 299.309
71.1482 352
350.426 459.939
199.879 127.571
233.457 431.148
479.035 35.2124
2.91716 175.968
390.669 191.208
230.08 322.792
296.974 122.401
225.451 153.269
199.333 449.403
36.9047 30.2012
108.813 292.491
456.635 415.287
459.735 58.5207
269.662 376.673
320.326 282.809
22.4787 109.879
285.446 407.408
494.868 207.537
48.2024 170.232
467.467 487.431
253.716 76.4303
357.073 52.3018
462.23 116.787
436.071 134.358
491.624 480.818
461.82 142.377
487.975 60.5248
286.615 72.4521
193.388 434.473
284.531 233.248
323.714 481.045
294.119 455.82
247.727 122.94
298.522 141.17
172.71 254.796
361.747 65.1371
245.742 58.6385
394.795 68.6936
446.06 76.8713
280.047 154.077
451.818 11.7408
24.224 399.734
70.0867 50.8321
194.87 226.471
69.6958 200.96
47.7557 406.91
390.241 30.2461
334.039 241.408
120.129 427.167
491.441 2.12529
339.396 358.695
181.838 59.9246
262.578 437.362
356.48 298.852
150.359 255.467
72.63 453.444
391.047 127.512
359.066 438.599
350.136 154.742
304.522 309.583
428.095 114.659
139.249 67.9333
360.715 405.088
134.367 85.6862
469.202 240.316
411.304 242.842
136.85 183.539
207.189 80.016
62.8958 427.505
466.581 63.6973
80.6958 190.12
349.56 497.148
334.83 280.355
179.173 61.4151
343.011 355.46
422.726 286.289
419.793 493.804
26.2107 367.796
382.302 145.869
29.0462 347.758
86.8624 166.777
181.794 144.143
73.3386 226.131
383.715 38.7038
436.711 301.736
347.028 60.0163
217.582 478.335
137.214 475.463
251.848 380.758
423.857 391.443
64.7933 377.112
370.178 464.115
291.784 235.936
21.6882 71.1426
41.8412 450.848
232.622 159.364
303.872 475.388
45.3614 104.267
70.7506 335.696
440.529 136.87
75.2243 107.551
173.05 140.677
35.8746 473.088
275.08 152.959
70.3297 26.5717
339.659 490.181
297.468 401.97
336.702 447.955
326.412 488.679
400.776 438.664
209.46 360.204
116.996 81.706
42.8289 16.2393
133.664 156.277
32.3046 13.1749
26.7871 317.142
389.594 113.398
235.138 272.022
451.048 235.897
183.833 366.851
245.734 307.845
217.142 284.692
259.93 93.7707
332.563 5.93141
345.614 221.925
50.7574 89.0099
158.151 140.424
445.166 371.989
132.448 465.669
210.444 353.101
210.659 36.6358
118.654 64.2301
307.806 154.513
370.902 361.25
74.3359 210.568
466.587 370.501
475.18 459.369
224.808 366.083
220.882 21.8082
222.152 160.539
331.388 372.815
473.577 170.453
198.347 435.243
279.086 106.299
51.027 399.896
29.1903 134.52
9.46859 205.388
157.123 326.553
139.501 183.186
250 485.197
381.415 457.666
57.1631 267.203
63.3183 40.394
382.71 271.31
224.813 457.605
389.379 292.918
20.8977 133.364
239.042 187.447
391.875 374.045
23.6412 198.852
334.189 368.378
122.768 265.764
160.895 461.025
92.5348 57.4871
398.99 264.264
267.708 396.749
387.876 231.934
92.1613 88.1123
121.857 204.7
481.995 187.676
469.991 406.597
246.86 21.083
44.6052 47.3584
335.34 498.554
141.831 292.353
57.2714 91.8983
447.713 322.38
193.935 471.724
311.2 303.724
79.0306 248.901
367.389 411.723
254.763 394.809
159.943 116.444
226.95 72.1905
377.899 53.2067
360.282 458.648
99.3893 401.746
431.078 138.593
341.859 45.9022
493.83 149.864
373.619 120.935
32.2312 8.88938
490.473 172.216
152.902 119.715
408.623 476.307
295.929 45.073
299.874 419.846
193.505 122.191
270.711 190.492
178.526 447.763
262.66 238.571
56.6111 455.676
241.393 356.24
276.971 248.591
327.641 99.4675
355.846 266.661
9.88662 421.94
147.308 462.21
363.84 232.117
79.5696 435.473
441.662 492.001
368.453 133.562
14.3506 382.587
186.159 466.806
158.245 261.783
206.545 413.553
238.612 84.3898
91.5745 119.871
59.6656 356.296
40.5413 217.417
5.72666 223.702
458.703 384.793
21.7571 160.521
142.08 265.585
381.458 250.567
232.628 85.9047
182.235 286.36
253.055 374.232
186.844 55.8753
162.459 265.17
168.583 145.304
417.201 214.532
99.5479 382.275
362.159 456.192
378.932 76.9227
220.174 440.789
387.715 120.822
432.306 425.262
429.875 25.4928
196.829 327.511
193.106 384.705
408.099 130.277
471.81 75.436
346.62 141.248
258.906 278.212
163.846 140.038
373.326 295.103
312.291 51.1261
464.278 195.238
417.529 156.886
305.858 290.131
210.343 263.625
341.87 362.224
449.091 234.149
149.07 313.484
112.253 397.341
50.1157 452.101
107.915 198.61
408.833 61.5202
434.308 102.36
322.63 379.597
479.287 293.446
168.451 182.192
379.811 87.2908
488.28 229.47
490.564 466.874
479.355 152.399
331.363 265.669
261.639 153.939
48.233 3.47094
322.051 238.44
139.067 323.437
387.012 444.647
221.958 68.5245
187.204 85.6667
234.7 152.356
473.101 456.71
267.062 355.201
196.79 415.097
450.288 476.799
392.616 167.341
111.427 38.4381
59.6196 400.628
299.933 198.734
70.0959 419.854
114.392 427.156
290.653 8.34744
488.469 49.672
105.002 211.51
287.546 101.133
281.3 388.815
442.924 267.506
364.466 165.451
343.488 248.801
347.752 150.865
264.394 425.845
162.942 210.074
313.453 356.972
291.691 17.8356
260.075 349.965
6.63247 94.2217
175.649 326.56
359.024 185.809
334.051 287.755
191.33 393.628
191.794 187.699
240.699 310.635
224.323 64.3889
65.4232 73.4344
481.976 47.2147
104.257 315.608
1.30969 443.245
93.6979 226.721
104.405 145.642
16.8364 355.777
319.982 109.66
440.421 52.9021
65.4207 20.8874
360.193 52.3782
280.423 443.334
45.6246 182.986
457.616 487.319
401.423 429.011
407.476 246.97
287.048 330.744
312.706 33.3582
482.62 249.484
63.1791 468.514
209.502 225.048
330.561 378.552
201.245 461.189
329.984 435.155
135.534 65.7151
192.726 126.676
20.4126 211.678
432.297 14.6229
304.638 70.1132
8.21151 7.79915
303.446 416.51
169.499 373.602
383.636 33.5926
216.981 259.196
35.253 112.503
404.158 329.675
17.7659 296.282
424.816 75.8874
309.371 271.059
104.493 397.9
70.2827 114.954
409.468 166.672
84.9785 234.8
77.1775 449.16
494.47 94.9983
206.418 255.066
296.324 8.22519
320.943 3.43433
243.196 303.504
406.455 198.468
483.912 367.146
473.141 240.049
110.558 245.264
191.366 79.4549
245.846 201.499
170.481 282.226
27.096 4.68209
221.562 205.183
47.4892 464.432
322.419 392.797
341.602 413.426
57.7978 339.108
57.9637 424.348
416.963 266.534
21.0732 15.5241
268.412 165.096
43.5419 448.016
323.576 314.623
165.895 400.105
330.605 117.966
222.303 149.193
442.87 402.656
201.08 371.516
45.1013 350.584
383.932 409.892
179.877 205.849
384.563 119.071
410.736 179.593
425.576 401.481
362.644 246.092
56.2053 114.807
494.236 88.2658
435.547 438.262
151.737 126.536
434.366 178.172
443.195 123.888
248.486 332.402
270.058 245.81
276.588 228.116
345.789 309.163
359.257 154.335
5.17833 57.1775
389.086 425.366
399.625 412.207
155.35 392.334
383.369 219.305
102.695 319.328
357.476 447.036
274.679 295.693
8.68796 335.503
292.738 54.5644
418.221 339.171
187.479 406.158
293.509 344.924
83.9187 237.252
353.995 378.177
297.325 58.4785
159.727 217.905
442.789 7.30348
240.182 232.501
446.957 39.743
95.261 437.465
279.311 238.67
404.12 239.601
218.724 68.7027
133.054 357.749
176.533 334.942
487.566 179.082
50.6059 415.39
457.297 233.044
273.727 38.8808
261.19 7.5441
488.77 159.697
96.0414 58.4179
33.7349 86.2365
229.873 449.652
276.698 442.985
43.7199 361.414
28.4943 6.75331
405.697 276.297
265.561 453.997
324.087 91.1839
458.942 178.311
272.798 239.322
207.155 7.02883
354.521 8.67214
111.906 367.654
1.38032 242
279.324 189.574
321.313 245.312
106.21 225.31
375.327 51.21
96.885 120.36
75.5218 281.719
256.961 61.2589
326.986 151.281
445.166 43.435
436.746 404.975
171.687 25.5429
45.1476 59.3012
69.8129 458.505
244.553 175.659
168.218 2.91456
333.958 373.485
414.73 202.376
366.368 281.968
314.297 414.674
462.177 132.272
29.5338 225.583
42.826 321.077
209.289 184.021
272.713 172.407
470.168 496.271
261.378 68.4196
348.219 166.511
6.22934 151.729
34.7619 402.613
397.579 292.542
304.35 233.422
306.29 96.9414
321.388 413.024
78.7267 490.753
383.199 372.906
313.721 475.714
410.982 50.9391
167.037 489.198
415.654 271.175
255.616 282.924
363.138 50.61
270.647 271.264
9.49569 277.885
266.669 98.1464
275.442 489.064
98.7249 159.668
465.03 221.882
119.818 172.032
131.641 102.501
433.837 386.767
45.9888 82.9677
129.463 337.864
279.327 96.7559
77.1146 464.575
124.507 334.442
70.6199 80.7178
426.975 417.103
256.446 297.254
363.771 224.005
174.261 1.57169
462.57 327.944
457.167 132.24
103.428 97.5427
263.465 65.0186
334.284 301.891
140.633 340.24
167.319 435.355
240.391 89.6829
400.304 216.382
9.42755 104.495
427.677 245.035
157.807 124.716
23.3193 132.098
420.843 185.332
109.083 482.547
70.7041 268.66
199.39 120.087
489.336 234.612
189.064 378.76
292.507 391.55
360.415 137.657
77.1437 244.427
202.277 33.0196
296.868 377.92
395.913 317.757
485.104 196.533
226.416 127.749
431.08 145.003
399.237 271.661
230.558 127.292
299.473 39.8746
364.877 365.567
242.708 321.085
3.41406 262.847
86.1642 58.2215
440.524 284.829
356.179 141.395
450.816 494.76
236.572 62.4967
142.255 144.699
266.754 181.515
155.867 231.189
14.5804 22.74
397.987 145.465
358.185 402.185
374.975 130.132
279.536 346.355
286.954 454.924
455.953 90.044
308.202 243.329
199.374 272.052
397.426 183.601
322.853 15.7907
493.115 334.198
479.682 248.815
204.003 414.253
471.658 42.236
33.7746 228.886
496.573 69.4345
331.054 37.1569
76.1703 350.122
236.486 183.627
439.919 372.069
354.318 182.737
351.217 291.953
386.286 375.347
339.62 149.083
494.438 322.93
96.606 157.274
210.687 136.945
53.0134 271.01
126.196 97.3123
446.934 188.784
136.131 418.282
372.789 103.441
118.793 356.17
143.991 270.442
319.656 229.182
356.801 252.597
137.656 218.749
110.507 84.7942
410.076 35.3999
114.338 189.697
344.957 209.771
116.78 363.226
4.94464 157.589
249.618 313.142
390.43 118.84
158.378 349.388
155.618 74.3587
315.467 468.205
300.269 341.792
439.797 13.5966
245.107 338.242
356.29 390.035
65.8214 343.943
131.888 169.771
50.8333 483.674
401.486 444.208
303.695 220.305
97.2799 482.146
327.027 236.063
285.004 363.256
471.874 388.206
387.169 470.484
411.786 56.9616
375.326 84.6744
130.134 248.353
37.9603 37.0504
248.345 162.445
403.929 254.908
11.7545 5.53188
201.365 265.973
289.706 364.756
76.7221 324.829
115.034 156.687
73.3892 125.562
230.815 174.15
379.857 340.43
271.035 155.318
35.0542 318.004
333.008 68.2277
243.91 119.916
49.5837 144.37
413.182 277.687
300.14 459.855
219.673 417.291
240.124 14.2818
452.117 491.543
315.152 195.059
329.557 176.168
189.376 153.655
274.857 365.635
281.719 99.4352
215.878 461.086
302.732 228.229
290.35 428.708
15.9641 26.5105
260.961 286.066
64.637 328.565
375.926 389.241
467.634 332.158
176.444 235.037
397.492 457.525
255.244 422.47
265.662 218.931
318.909 159.282
50.2604 428.343
214.723 120.403
489.502 300.509
315.226 358.748
176.409 437.931
384.093 467.775
236.301 341.757
427.704 35.7339
208.104 28.435
189.31 95.6021
414 39.3048
183.74 489.869
291.476 38.8445
316.701 221.037
102.909 404.063
275.216 439.421
323.14 490.054
50.8182 220.444
25.071 148.706
465.431 45.0115
93.7087 103.32
161.371 437.021
472.099 186.301
298.279 319.385
340.773 366.919
27.0241 374.713
287.505 223.057
312.038 282.951
454.438 496.117
274.189 419.224
173.598 414.055
393.944 441.499
497.162 458.529
368.907 188.647
463.948 262.984
355.653 228.309
93.9649 324.773
194.248 220.687
328.124 120.886
397.849 432.629
185.52 256.237
80.9174 204.261
405.147 207.911
126.022 119.877
113.898 361.144
280.779 484.279
491.454 140.226
217.21 121.976
311.67 99.5396
219.327 107.517
414.554 197.425
222.07 210.915
267.69 425.111
475.653 285.747
185.971 185.737
265.321 255.238
309.845 136.807
283.87 382.536
150.036 8.90642
124.468 348.251
234.984 295.589
223.421 260.137
320.351 120.221
280.95 275.179
497.589 147.955
156.509 308.051
422.149 345.074
391.246 343.531
444.198 251.6
426.611 90.8084
158.165 410.26
213.621 397.996
229.273 28.0684
72.0068 407.395
462.028 354.9
152.148 24.5791
146.424 320.018
51.3073 319.768
191.908 142.116
270.086 59.0048
331.667 109.985
67.1722 357.852
264.673 82.0595
372.218 324.814
47.2441 18.6884
450.38 410.355
493.983 230.945
85.6468 413.057
332.81 204.549
216.932 174.981
472.706 145.667
339.338 401.021
367.526 374.399
16.1481 51.7427
27.5861 469.38
336.079 292.645
233.876 283.52
177.582 124.229
424.798 441.003
212.276 452.088
271.513 466.933
337.336 90.7799
423.84 275.564
129.461 360.109
422.167 25.3329
316.56 244.668
422.129 125.016
39.9761 267.078
330.48 66.5931
387.485 174.015
229.179 326.417
69.5638 386.027
78.507 167.949
71.9554 131.151
1.97422 45.179
335.364 276.696
368.166 63.2596
336.024 1.96201
212.724 439.622
169.27 191.043
167.35 345.08
186.149 32.1091
250.613 434.395
62.727 311.082
458.901 74.2001
14.0696 461.042
175.703 459.599
237.942 178.361
221.547 460.104
277.033 149.002
448.638 303.885
295.3 431.281
381.982 449.961
432.594 420.634
99.1983 87.1624
38.2106 40.7573
476.19 360.896
269.292 429.057
154.505 65.6123
106.923 248.646
8.68387 273.919
376.75 325.392
193.948 492.535
338.783 11.7643
98.5133 138.893
47.8646 359.087
44.2634 158.217
135.062 136.589
163.349 201.015
292.654 362.942
221.564 402.226
303.627 239.625
326.992 46.5533
414.746 376.739
6.05094 21.4746
223.339 424.465
21.9404 430.161
412.828 117.101
138.023 54.5432
490.968 432.437
248.756 150.65
280.018 84.8329
328.987 314.714
314.838 129.417
148.77 404.593
428.341 480.98
454.944 317.129
378.847 496.973
113.172 453.448
71.7376 89.7205
56.6042 235.712
383.691 384.494
78.4377 430.514
195.554 247.937
397.535 330.881
221.261 135.212
130.432 345.218
318.615 198.667
213.856 276.352
180.843 477.787
94.9528 82.9899
450.833 33.2718
217.417 52.3513
173.436 217.013
21.5301 389.432
66.0201 306.754
52.4855 42.1131
437.432 153.006
316.68 409.625
370.361 397.449
182.999 52.6228
166.506 229.512
283.78 284.646
102.746 386.438
231.903 302.705
397.376 129.865
381.839 376.984
88.2123 326.879
308.622 66.6505
36.7215 274.256
491.634 202.779
339.906 73.476
372.667 200.082
75.5459 352.656
334.926 51.8337
170.252 155.164
4.47543 191.4
317.316 162.064
115.984 405.649
149.273 325.061
32.3413 424.989
210.255 227.47
401.708 80.4134
161.477 414.96
116.621 166.722
243.1 423.759
15.3895 4.5134
437.829 212.801
451.009 15.9119
32.4522 108.636
495.903 396.225
312.93 223.04
361.727 156.003
185.304 386.229
267.893 21.08
152.385 123.968
194.709 172.016
486.816 226.121
298.924 223.242
383.502 74.9404
166.26 292.517
23.7113 98.2157
322.433 82.7734
263.964 109.7
370.867 254.676
4.94548 51.6448
440.442 382.813
264.327 463.845
476.097 221.664
342.505 49.1892
251.162 103.205
457.977 297.925
53.5741 412.282
176.202 77.1488
194.616 243.754
239.973 496.655
200.067 74.4965
294.438 359.599
344.509 374.693
224.418 427.51
81.835 271.685
165.385 109.601
367.064 334.65
305.858 66.0642
183.938 129.124
40.0721 138.193
270.131 108.97
98.0247 12.0483
213.558 226.572
393.461 54.8917
242.391 19.4222
97.5839 254.791
37.6679 347.535
301.087 263.306
191.17 73.7837
28.102 159.29
293.391 348.907
242.173 330.761
420.06 80.0522
375.647 234.293
67.7919 265.625
141.669 473.052
75.2817 405.158
413.195 289.942
211.626 325.61
423.572 22.1451
132.729 4.29873
7.2564 99.1975
19.0117 168.036
109.311 97.8371
119.139 495.003
403.732 230.64
354.596 206.535
318.442 357.637
484.51 68.5764
33.5703 17.1862
322.94 302.697
132.965 281.096
131.2 266.694
330.781 92.8656
74.6653 167.692
177.028 32.703
176.68 422.425
226.631 11.3739
348.152 362.946
229.787 288.853
256.799 417.994
318.939 484.035
281.431 225.543
189.345 43.2055
266.784 461.036
326.853 373.116
302.105 93.9404
136.816 231.12
17.5558 145.284
305.299 147.419
481.645 71.0544
311.751 183.376
138.744 399.93
483.447 317.008
357.993 291.602
250.736 214.098
288.366 75.0093
372.45 455.28
310.257 58.5607
438.48 71.1501
409.614 313.183
127.81 32.1909
285.354 198.277
379.949 256.792
50.1596 159.881
451.382 212.186
476.707 180.435
80.5823 28.0375
114.91 285.998
456.475 72.9882
97.103 242.326
424.479 437.518
225.533 281.698
131.248 253.333
29.9651 392.095
314.063 139.067
358.487 58.7311
354.865 93.1646
457.128 445.351
175.351 381.596
199.565 337.98
357.555 255.332
494.687 220.343
150.046 59.9863
26.3257 107.671
201.945 420.394
182.71 86.8891
162.606 192.516
243.005 249.68
494.202 179.552
312.2 377.101
264.557 280.264
322.916 270.636
475.042 150.379
145.887 370.689
361.479 119.622
234.876 248.97
16.3019 424.061
160.989 186.746
105.192 25.6736
304.841 299.029
363.713 102.558
393.087 205.854
383.608 392.754
10.0088 239.613
130.365 273.708
98.3241 385.667
51.9074 469.092
18.0092 239.309
83.9402 168.084
232.955 473.789
315.166 34.1676
339.763 498.258
440.125 403.746
3.93432 444.076
150.106 377.284
75.8865 301.06
482.86 362.711
393.73 118.49
475.134 127.965
2.03732 68.9166
435.212 382.929
187.145 115.243
235.228 28.261
75.0113 184.509
125.003 103.777
75.0659 12.0724
126.881 231.732
144.901 335.722
290.879 51.3654
454.894 30.0557
168.879 366.412
118.987 1.53025
132.515 182.133
197.974 196.905
294.209 129.638
415.008 362.376
139.191 301.004
278.372 7.03872
31.967 240.162
341.507 105.171
467.417 202.512
431.761 264.272
492.213 41.3665
312.741 109.876
31.149 461.768
322.561 252.308
486.806 276.91
282.231 13.0905
93.8766 41.8813
406.459 63.7143
151.796 258.691
9.61829 359.985
11.8517 208.554
294.366 79.5878
192.437 265.498
205.588 161.525
267.569 17.402
435.283 248.651
86.043 350.01
92.3989 369.932
225.859 40.0426
46.6363 125.288
30.4645 252.952
233.533 378.793
352.049 395.173
232.596 105.286
91.0621 27.451
479 116.413
207.968 219.735
245.393 349.191
369.692 152.057
92.3648 486.582
447.393 149.832
220.495 275.012
87.8355 240.994
329.473 239.138
190.837 342.098
88.7151 424.734
24.1141 17.8887
479.157 10.5422
383.479 27.7643
449.376 243.403
110.451 109.308
198.008 247.248
339.783 375.782
407.335 397.285
337.11 265.882
92.0449 460.295
285.947 195.359
21.6216 189.087
322.906 493.889
131.328 1.58459
454.93 333.757
248.32 424.609
282.438 184.775
275.309 221.062
71.3536 29.1534
208.732 178.331
208.171 488.98
192.612 285.825
462.79 363.753
444.762 84.2532
185.895 231.917
8.54428 457.021
259.195 24.0665
362.512 69.7859
416.427 432.849
473.073 277.14
32.6742 182.083
264.827 297.041
243.878 332.741
462.098 238.532
337.801 114.204
178.196 194.642
230.371 185.47
230.416 477.052
282.642 267.999
288.123 262.232
174.828 201.158
210.889 340.336
355.653 159.484
87.503 147.334
267.202 407.197
89.5448 81.0433
104.968 45.7229
36.4631 77.4157
234.709 308.426
468.167 491.308
83.4862 343.077
329.166 308.267
404.103 259.295
294.081 337.098
309.282 317.537
184.689 97.5247
219.637 413.454
175.567 390.398
54.3361 402.899
291.164 58.597
47.4771 433.693
47.2326 173.923
187.627 4.27023
145.893 72.9731
247.339 406.196
354.34 448.136
381.162 260.222
462.05 169.492
455.254 264.352
467.774 219.896
105.05 372.449
123.489 453.942
356.159 463.789
410.582 72.512
93.7363 262.476
415.675 276.214
51.5171 178.646
101.211 301.186
386.243 270.476
273.931 282.907
2.86944 285.609
453.759 46.0313
124.965 45.6428
201.387 61.6306
356.286 270.395
325.095 86.4803
216.356 328.333
313.983 379.464
144.646 1.54337
203.486 2.80558
265.706 334.642
227.617 122.803
474.577 42.3335
228.966 457.629
494.679 274.64
219.689 167.9
186.434 331.588
136.437 403.189
165.018 325.864
155.243 173.623
268.203 148.205
300.143 27.6737
219.733 463.364
83.231 59.0301
141.679 88.7342
225.249 420.934
333.287 163.182
280.176 463.573
182.774 265.055
199.423 224.692
445.48 475.201
29.2065 289.89
288.14 237.681
291.646 212.91
86.5833 369.743
421.218 168.552
97.7939 495.997
214.525 205.424
131.171 193.024
160.061 362.884
319.877 387.645
442.621 81.833
328.99 440.947
373.144 183.341
346.023 164.243
343.926 219.714
253.248 280.789
301.271 462.649
449.305 130.365
71.6387 143.027
327.074 177.167
62.8164 452.254
244.622 70.5001
39.2859 207.785
233.115 162.532
96.2557 403.94
407.836 457.885
29.7062 24.3018
420.39 307.914
438.559 384.85
19.9011 246.338
158.061 35.1625
132.894 95.1257
183.991 158.813
191.64 443.252
262.131 451.476
227.321 403.065
3.46319 195.583
232.721 414.165
282.115 313.242
312.45 344.833
194.371 297.133
341.38 34.2867
244.851 224.412
197.18 133.703
486.196 379.81
113.047 386.285
53.8121 118.731
421.826 263.233
74.721 243.104
275.64 23.2845
457.251 495.296
420.814 53.6339
335.819 467.178
256.71 83.5107
455.285 1.31784
264.081 152.039
248.113 269.375
181.067 278.067
259.081 188.813
402.989 271.25
370.442 369.561
154.995 383.355
214.015 420.23
252.495 235.951
466.315 249.798
443.899 223.062
146.632 424.996
135.804 412.789
219.746 455.628
76.3593 316.5
215.634 154.612
227.467 431.379
252.702 305.362
229.008 357.259
120.73 410.166
124.256 498.147
366.014 24.5436
314.546 430.728
166.204 186.618
117.226 127.454
33.6723 339.931
27.224 350.052
52.6239 217.862
257.697 488.758
420.163 161.739
272.458 389.611
4.75429 221.233
139.292 163.205
229.722 252.284
213.168 295.147
19.1045 26.9712
412.671 494.409
82.5674 45.9111
284.41 54.3591
83.0988 90.1159
125.237 411.692
368.054 237.937
46.6414 402.853
8.23696 300.119
345.994 323.775
51.1704 388.399
238.891 274.04
196.356 10.4531
65.3908 157.59
5.96758 217.667
283.261 171.308
132.848 414.637
134.382 362.726
47.1258 179.51
97.6246 147.769
254.256 322.818
380.459 292.421
440.364 419.747
294.228 383.512
491.693 111.587
283.603 394.205
116.945 351.606
250.448 391.255
320.834 488.854
85.7602 183.086
143.481 16.2972
283.069 34.1075
326.217 425.186
29.6503 336.76
176.637 261.965
386.188 149.172
194.766 447.785
23.0323 40.7373
239.482 302.485
159.352 272.355
33.6472 488.54
44.4073 226.799
239.166 286.733
317.156 43.6259
144.557 110.12
488.557 91.7228
315.744 109.799
357.715 260.595
160.275 234.196
375.651 127.406
124.144 226.668
271.775 56.5272
134.686 455.02
89.2961 369.209
97.1528 298.743
163.828 408.616
72.3256 149.252
402.923 226.901
8.83743 35.3353
28.4789 387.047
464.954 97.4673
233.991 441.518
257.983 269.919
247.688 169.372
302.496 379.49
296.289 50.2857
118.987 69.4735
440.508 117.267
1.71603 89.025
468.305 85.3377
349.824 341.183
71.0507 242.852
150.994 431.815
167.217 19.6424
258.616 283.645
422.9 316.315
297.129 480.833
228.07 189.948
62.0332 231.719
183.105 26.2635
312.915 372.051
381.152 329.781
13.8823 88.2822
85.7474 177.772
266.241 388.413
496.529 334.204
105.326 383.417
173.598 436.77
473.561 137.383
289.66 327.319
369.033 497.372
485.643 468.874
144.769 42.7292
364.689 157.995
103.317 430.57
105.67 82.232
42.4239 6.51511
343.293 184.328
453.759 479.044
304.595 209.574
477.149 370.683
463.773 36.4138
102.46 42.6889
233.441 404.995
136.142 352.198
144.693 117.448
235.737 372.344
6.92576 172.87
467.063 310.307
6.77327 31.8716
180.996 345.971
361.688 384.694
158.549 375.864
157.022 489.988
45.5054 385.886
392.012 170.129
281.394 402.099
391.15 407.089
110.139 489.484
249.219 217.111
259.926 343.841
396.096 395.622
172.089 400.397
426.185 199.688
325.955 413.138
408.648 471.125
15.6407 349.291
372.824 269.307
195.008 7.66269
397.218 180.877
496.319 61.4029
367.254 456.56
472.789 237.057
186.815 492.504
418.344 96.6966
249.584 300.049
297.942 78.8685
54.8333 108.677
309.007 69.3845
366.486 131.287
481.734 463.617
370.012 6.79658
66.8619 464.235
178.379 333.059
41.2402 337.291
200.63 251.671
429.57 270.367
213.403 209.285
40.0926 383.497
187.25 455.877
95.4142 363.553
259.549 370.364
450.043 181.17
407.84 406.477
464.28 81.7307
390.341 393.249
13.057 150.493
312.04 339.417
179.966 139.614
171.614 447.107
316.978 187.359
30.1689 215.975
445.815 71.9909
325.012 475.958
435.577 71.7355
7.18032 88.5733
31.3492 33.4873
60.9039 54.5111
205.689 192.534
39.8251 129.329
429.687 427.461
360.922 428.916
224.001 28.9202
96.3051 8.88051
133.377 390.852
489.937 366.179
313.445 20.9037
198.761 375.866
452.332 428.25
8.8236 434.847
15.7827 132.145
490.937 262.56
400.368 305.41
204.024 393.712
138.106 370.802
483.187 152.572
452.259 23.2679
408.781 361.503
93.7028 60.8943
428.584 69.6593
58.2849 245.183
74.3867 309.186
196.861 162.471
294.07 368.376
382.284 472.58
470.672 3.85998
332.693 174.856
47.6213 388.397
225.623 42.7993
458.648 449.197
287.285 437.166
250.827 451.118
80.3032 449.569
67.6998 398.42
187.624 228.435
75.9423 103.676
275.63 31.4665
248.701 447.584
474.428 321.66
334.463 28.6361
322.961 124.763
289.326 452.657
92.651 193.835
418.002 263.482
407.16 473.623
311.921 159.988
1.2645 82.5012
180.167 104.773
170.069 170.468
183.979 485.629
137.124 28.859
412.732 446.145
183.84 331.049
364.054 496.053
163.919 452.04
97.1978 289.217
495.564 288.937
358.508 92.3136
458.198 41.569
383.805 302.168
29.2505 68.6893
402.506 173.173
97.1892 427.941
24.8276 388.929
123.042 277.418
417.058 3.09403
474.184 327.902
426.716 447.352
468.379 356.229
477.344 259.105
344.643 329.741
140.577 491.388
492.014 21.0823
333.947 185.23
27.2588 99.1945
276.893 236.299
58.7711 9.55726
399.928 321.984
125.61 61.7597
249.019 358.526
359.271 213.728
428.762 16.7495
101.456 9.38531
210.708 161.918
189.169 132.247
108.885 364
404.071 436.449
297.934 133.776
458.353 271.697
497.38 8.05966
153.592 161.169
342.066 264.136
340.3 289.003
50.8162 243.369
200.387 473.353
356.054 89.354
439.06 318.389
85.3539 313.741
467.435 469.671
298.22 339.853
133.38 218.719
309.817 129.767
191.087 134.159
315.859 150.28
82.5201 36.9935
307.685 480.028
272.663 89.5103
406.049 297.979
185.817 496.703
272.516 342.667
451.021 314.835
62.36 248.063
195.817 37.154
389.835 337.053
33.2191 245.714
338.59 208.38
203.09 242.627
271.975 358.453
63.0495 186.58
455.969 171.689
126.946 379.868
10.5604 315.431
343.552 377.415
144.699 45.3327
389.543 398.886
5.90548 415.193
246.875 371.039
434.757 375.199
457.724 370.69
32.8304 250.201
370.55 302.907
252.464 410.917
127.858 373.077
202.029 298.795
297.958 492.169
119.143 436.736
459.246 473.272
351.286 260.572
238.626 295.919
239.997 10.9601
402.574 120.314
416.506 464.61
259 332.954
146.395 293.447
159.099 401.604
470.105 149.446
260.246 51.7032
217.541 82.9058
481.757 417.12
192.834 66.8519
356.186 220.913
226.005 197.549
156.783 344.712
302.638 394.247
237.924 300.376
174.931 248.32
318.791 463.038
331.096 322.544
268.439 72.9691
163.344 129.048
5.54278 429.951
333.589 304.377
337.591 271.825
91.3675 166.408
437.729 236.67
133.608 429.057
155.37 121.355
88.0055 272.552
95.3005 494.97
37.4413 157.755
488.758 418.463
68.6075 323.313
212.198 409.94
262.537 60.6479
370.855 118.147
389.124 353.75
328.959 133.794
281.074 175.695
346.31 28.192
478.174 198.117
356.193 162.745
438.205 417.478
134.009 371.103
363.981 490.768
138.172 361.49
446.346 339.789
78.9528 202.333
314.923 125.852
107.363 452.798
189.242 177.878
107.349 286.322
234.441 277.375
131.671 256.749
58.3072 301.49
455.335 411.824
405.609 66.2056
27.5909 285.153
12.9163 140.761
312.893 235.803
115.543 163.901
267.303 493.583
181.713 420.508
180.811 403.095
391.826 264.281
266.372 184.956
265.554 466.349
34.9489 20.1625
481.718 114.537
386.556 461.312
228.102 125.349
326.846 60.2013
36.3383 117.31
229.855 77.8769
481.312 173.422
217.453 125.513
175.019 158.863
393.852 459.087
57.6703 367.484
103.022 460.838
293.814 4.371
218.997 9.48421
331.74 95.3776
199.822 396.122
328.988 149.369
123.467 366.56
31.6716 468.533
498.317 246.612
167.24 370.544
80.1883 463.295
17.9847 9.52311
96.6645 376.45
429.309 181.057
342.442 269.89
357.721 313.67
156.234 269.052
13.9793 218.221
249.985 295.935
27.3627 446.08
359.958 297.732
317.504 182.42
236.981 429.734
350.554 474.977
386.371 388.958
318.966 5.26953
95.5541 453.212
379.035 360.337
177.577 243.343
451.295 38.91
471.954 376.185
384.276 230.304
202.603 303.062
252.904 397.481
357.142 472.284
356.651 21.9669
136.863 18.3381
489.955 101.666
36.9355 251.398
73.9022 443.221
232.01 401.256
236.145 465.906
106.321 258.021
203.637 445.392
274.049 91.9224
487.099 338.341
126.082 223.3
378.393 454.187
107.282 114.19
374.6 238.716
431.571 83.6818
365.936 300.859
173.045 174.139
259.642 341.266
132.788 468.861
104.144 7.53099
290.749 230.165
107.954 236.533
474.463 45.8946
173.048 237.361
56.4738 181.761
28.4595 169.423
303.987 363.483
436.781 192.52
108.547 282.371
12.8028 55.7948
439.381 288.434
266.05 123.981
421.75 422.276
160.878 468.82
392.157 450.071
460.237 483.962
393.616 138.275
493.386 153.238
446.027 206.609
479.21 186.914
121.647 451.868
284.782 468.752
457.01 96.9415
110.084 150.828
1.83424 297.561
347.549 2.53928
207.348 361.964
326.779 355.627
24.5099 221.751
444.104 353.292
15.1872 80.8785
244.099 356.301
393.536 198.457
144.314 155.846
342.714 121.39
360.292 34.8255
27.977 37.6865
174.071 28.062
147.219 356.119
51.4622 24.8397
111.444 81.098
417.449 301.157
357.1 493.492
308.421 239.758
35.1364 359.262
400.673 492.157
126.399 26.1328
8.13671 61.1658
118.412 474.954
192.529 164.655
22.4866 359.11
131.322 76.2998
365.114 305.764
299.515 403.809
110.111 473.161
298.316 451.77
321.997 285.625
143.293 217.807
222.946 390.953
31.9493 190.234
429.946 448.513
150.749 112.699
420.123 225.901
81.2155 78.9828
88.108 366.725
28.8402 485.537
316.624 101.618
110.821 143.545
29.0682 401.848
11.0869 294.75
401.699 299.288
464.043 171.154
203.975 418.568
402.944 380.016
88.0738 68.8387
138.737 50.5611
81.2003 125.835
72.7913 306.442
62.63 210.611
39.0121 356.811
48.4991 366.654
332.423 227.728
10.8449 327.449
317.118 424.046
163.611 363.542
28.2357 130.336
307.477 327.94
339.765 23.8733
60.2231 225.97
48.4098 410.223
174.756 446.508
61.3121 403.247
102.874 330.314
473.376 216.384
486.052 103.401
12.0331 470.95
36.408 412.832
64.1944 10.6428
364.136 211.978
269.071 373.683
176.414 79.9003
66.7685 242.301
94.7752 390.875
158.883 24.3177
350.866 425.575
72.0261 461.617
302.032 408.192
132.617 315.6
391.171 285.509
228.478 156.764
388.895 104.877
306.675 294.035
381.67 8.36902
412.483 22.6653
193.845 468.029
359.988 17.9052
300.695 349.04
59.6744 74.0405
131.081 283.034
213.945 406.094
259.719 64.9793
476.877 327.394
66.3597 57.0269
301.94 317.267
343.183 460.63
96.1833 268.815
261.747 468.854
90.7373 37.3368
106.614 7.14123
316.617 415.791
489.499 457.282
453.487 374.603
5.08405 406.309
76.4471 230.043
402.385 316.932
194.964 146.225
61.1853 313.954
246.236 62.9712
35.9239 266.329
354.403 135.462
461.459 178.695
2.52921 26.7459
154.348 399.306
338.359 459.724
293.948 424.926
215.086 445.024
135.261 113.334
168.919 69.0543
328.478 49.3555
409.158 259.151
360.651 267.496
360.707 327.346
135.019 250.516
340.573 59.588
411.867 28.5509
26.837 324.125
313.127 275.706
351.473 387.312
196.987 18.5945
427.865 334.458
294.368 47.7719
122.043 286.629
256.563 80.4453
238.047 43.2631
223.925 51.2332
193.619 279.092
397.454 206.862
53.4113 333.182
103.535 190.805
56.4594 162.623
438.244 252.757
40.5123 238.809
442.531 298.535
214.777 18.0037
273.022 478.591
99.439 279.378
391.494 233.715
150.774 80.7683
450.752 199.781
350.265 190.719
464.272 323.748
339.39 305.338
282.871 204.561
372.099 337.925
262.734 290.964
152.103 411.66
218.412 487.963
203.924 248.156
453.118 145.964
72.9 201.057
98.1542 323.067
232.94 428.498
431.533 198.427
119.679 139.905
453.946 202.31
37.423 90.1547
167.956 75.7727
55.7283 64.4293
69.7912 220.936
350.249 18.8986
352.756 103.575
436.766 95.8712
474.961 233.368
465.832 39.9598
441.769 181.644
473.299 141.115
164.698 373.787
402.406 288.23
197.091 40.3555
161.645 430.428
219.29 369.43
231.419 335.353
221.549 332.637
288.77 435.187
147.279 20.7744
384.9 245.06
470.049 46.547
304.398 247.93
23.475 173.567
4.97457 462.406
169.552 309.478
371.954 438.534
339.024 292.962
244.698 10.1473
52.4113 70.422
349.779 101.525
362.779 37.3392
223.056 252.541
360.718 87.3462
219.885 483.734
154.491 464.567
193.075 203.026
309.559 19.5923
162.273 213.438
448.459 211.827
3.10526 229.715
185.469 310.485
486.149 329.188
255.62 1.82002
348.145 179.263
438.958 355.357
61.1758 124.514
453.398 353.201
413.836 454.071
66.8746 219.155
32.7088 259.169
282.049 330.815
300.169 60.7221
454.518 68.3196
52.9143 430.29
418.033 422.226
457.185 312.317
207.364 299.966
248.492 166.874
349.213 343.755
78.0955 388.101
145.63 162.449
240.841 57.0692
322.063 185.976
273.778 322.133
315.288 308.469
253.059 193.634
495.705 402.96
67.829 495.831
490.09 379.611
158.524 294.515
205.505 87.5378
311.011 175.019
54.916 197.715
129.107 227.159
80.7203 495.666
100.848 171.771
481.388 190.412
171.105 249.641
47.8598 94.5407
355.134 409.059
268.931 88.2962
290.431 442.249
6.05991 394.924
384.369 168.741
414.747 262.099
137.779 379.276
134.009 225.652
136.909 397.303
74.3266 290.423
189.186 367.741
353.444 64.6831
40.4584 304.931
377.543 494.23
228.651 353.26
322.796 461.819
319.915 73.7241
203.964 205.556
231.758 98.7796
262.396 321.269
34.8391 325.087
185.905 197.326
301.527 6.20587
5.10212 256.87
332.297 155.294
463.74 463
260.791 79.5787
328.725 113.319
343.608 92.4119
245.08 193.176
422.485 489.812
438.879 265.262
482.696 402.243
29.665 63.2193
410.821 336.635
135.985 97.1171
214.195 107.803
78.4397 107.547
99.4247 248.147
309.765 94.6767
101.957 95.4209
23.4716 117.317
471.628 312.351
429.827 484.091
405.959 117.724
365.22 128.16
84.8173 82.0921
179.564 322.429
480.781 421.235
378.093 25.575
384.256 238.286
137.99 126.161
162.468 275.2
135.613 283.597
93.9955 218.038
39.8709 485.25
43.6005 272.326
196.154 44.4604
235.597 481.463
450.497 342.007
387.379 420.732
79.1407 251.456
24.6834 268.714
296.707 139.257
331.684 290.087
145.106 215.083
36.9171 168.772
409.322 480.368
497.467 293.693
199.717 100.47
160.096 84.2507
421.306 189.028
33.6595 457.435
366.309 143.344
277.181 382.327
251.157 195.775
231.736 232.212
395.442 390.145
164.647 59.2246
46.1301 32.1475
294.892 375.264
431.965 206.984
138.191 88.2352
322.914 354.817
181.336 213.458
476.638 323.234
282.912 385.968
365.051 382.398
255.417 473.935
120.562 412.951
441.365 334.036
131.016 198.999
165.342 50.1979
256.642 150.184
372.464 410.766
212.254 299.261
322.922 192.823
234.053 320.485
164.636 477.625
388.086 63.9758
361.189 447.174
329.87 273.418
47.6273 216.274
78.522 175.423
391.785 390.931
61.9661 412.505
21.2042 453.23
344.987 383.54
484.258 351.105
62.9994 299.904
330.704 468.673
387.879 7.95405
149.639 474.962
171.799 479.468
389.602 276.637
37.1103 171.247
419.8 1.32276
238.419 461.387
160.314 132.06
158.13 89.6953
376.068 108.482
350.918 403.055
257.033 448.36
291.575 291.276
49.4103 290.605
236.889 344.962
460.383 181.357
143.938 241.916
220.718 231.497
132.081 457.099
136.357 356.747
401.344 441.25
204.628 34.0922
484.013 269.299
363.293 321.132
99.96 393.568
146.711 259.401
3.38671 404.482
426.887 327.933
431.644 409.121
214.722 116.937
67.7865 178.977
299.177 44.2042
448.442 152.5
405.687 404.797
370.787 143.055
270.323 122.912
384.818 282.35
90.8847 196.662
383.49 489.94
243.851 211.493
321.916 328.42
407.934 449.131
209.932 343.091
371.77 482.965
354.194 42.1673
138.564 77.8043
381.963 16.7611
116.122 435.476
412.754 478.847
2.78577 372.964
431.249 217.264
472.337 189.875
156.271 184.942
382.241 152.977
319.46 471.784
371.158 262.888
79.4095 99.703
276.676 198.692
326.428 165.491
347.109 481.699
100.837 206.991
48.1437 211.069
488.508 55.719
214.543 261.529
273.16 355.124
354.429 116.338
87.5932 31.4162
244.73 235.743
466.975 22.1563
382.689 54.7831
457.292 100.881
174.736 450.476
60.517 316.8
386.673 133.833
445.907 401.485
146.994 406.401
353.291 200.575
451.219 263.01
422.03 253.913
441.413 242.651
181.137 113.203
213.252 446.775
440.492 345.546
161.028 102.823
382.86 475.653
33.501 45.6508
233.799 467.704
283.666 6.26016
150.298 136.303
98.3713 34.2701
40.0015 279.967
244.423 373.475
402.804 178.228
487.22 132.23
76.2524 198.631
137.185 415.249
437.389 138.213
478.755 158.786
287.555 274.827
235.152 494.454
327.627 365.6
416.371 258.178
407.434 414.435
6.76472 15.7282
58.8644 144.212
277.686 496.174
323.928 118.304
312.936 12.0762
40.4872 176.375
464.951 126.026
478.343 174.14
270.591 27.4923
219.068 32.6321
430.287 322.426
144.498 454.623
229.311 36.5678
317.937 214.77
254.47 116.207
233.438 204.872
479.38 333.147
271.513 261.436
456.764 421.356
30.2754 404.259
127.268 48.7518
362.877 479.446
115.99 4.89775
162.579 97.8715
498.187 298.194
4.20873 448.079
168.051 255.599
300.965 451.576
228.607 203.264
72.5163 208.807
16.4762 387.736
325.778 135.674
485.816 273.497
236.539 40.1307
85.5691 158.392
153.061 198.067
57.2748 469.188
233.448 14.5448
451.528 140.992
400.628 144.15
143.141 488.79
468.491 494.311
251.244 492.665
112.818 63.8587
406.848 429.106
71.8613 135.54
31.0152 37.927
79.6946 367.182
249.758 479.632
116.079 106.542
169.634 161.182
111.226 208.456
41.1082 415.704
126.252 123.071
263.891 391.985
208.721 152.826
490.381 372.977
188.628 174.295
485.117 59.0383
459.297 82.3984
404.733 216.808
252.716 267.334
32.8287 296.758
452.301 164.845
255.116 170.58
172.013 72.0051
127.046 424.89
353.222 154.073
492.881 199.461
43.202 218.467
74.5602 25.242
15.3352 400.967
216.424 430.486
77.3323 355.276
148.414 14.0198
330.557 17.7358
154.739 449.79
321.759 40.8932
173.04 300.724
53.0857 309.434
282.532 106.23
178.921 224.427
180.908 133.463
45.8503 132.886
188.767 150.665
6.39698 241.872
159.785 404.94
352.339 73.5998
429.702 459.791
90.0762 346.095
357.835 414.394
471.046 468.8
186.114 359.193
333.252 98.6128
422.48 419.001
14.1142 240.135
403.539 462.475
30.1621 166.279
350.859 70.1083
362.591 216.14
453.796 363.997
443.736 378.516
401.073 113.716
197.144 396.79
282.552 451.789
333.37 58.6475
238.916 38.4779
373.785 68.8212
288.918 290.252
379.711 190.2
249.386 230.387
186.24 101.23
372.979 362.902
121.402 280.057
424.822 16.6589
302.704 83.1998
320.222 364.211
398.647 166.611
286.02 312.17
421.309 393.902
398.082 277.957
190.547 457.013
190.905 216.585
160.208 244.08
473.753 367.887
464.708 87.1635
324.805 307.841
115.13 331.769
268.59 325.812
176.931 156.204
184.343 199.976
161.432 71.4699
337.553 222.812
1.94733 439.255
396.303 76.4881
239.829 265.905
267.178 282.447
446.059 143.884
204.888 17.9572
60.4946 153.779
254.546 123.987
324.509 7.69841
392.065 261.753
255.027 232.088
272.528 315.82
453.051 384.736
423.032 89.6841
253.504 223.324
197.983 361.841
485.866 403.588
247.282 186.385
36.8297 282.378
271.954 351.593
69.559 345.223
426.222 61.0622
339.981 274.745
226.435 491.855
322.762 368.681
101.722 237.648
177.669 481.527
289.064 280.393
188.63 224.02
282.941 471.959
27.8732 420.096
31.4631 196.309
237.486 447.559
81.4749 5.65009
16.5663 191.476
362.014 196.949
251.719 118.891
459.699 277.193
133.652 62.0114
463.952 277.347
368.51 489.602
384.15 113.589
409.815 182.625
189.654 447.195
292.395 417.74
381.744 419.033
403.961 361.306
266.908 176.996
427.704 275.928
145.95 381.606
328.763 414.953
108.81 476.867
148.136 37.6089
277.925 284.817
182.164 261.214
191.404 494.36
363.515 331.634
301.544 13.2194
252.293 96.2908
191.779 57.2816
258.108 400.399
144.802 404.421
48.823 351.88
10.0831 444.876
360.255 71.1903
174.662 166.688
210.632 430.315
285.956 483.41
333.698 378.825
100.819 44.7437
392.258 414.066
160.386 6.80626
111.253 215.316
284.492 135.335
471.22 315.586
385.509 3.87977
68.5078 91.2604
429.691 384.74
486.899 250.781
392.123 330.693
350.576 99.1199
251.488 337.429
193.914 21.4091
373.229 393.449
475.748 456.669
234.612 18.7673
46.1993 263.114
282.335 391.249
341.963 346.83
44.906 398.82
407.92 263.81
62.7631 63.215
129.013 473.152
267.73 120.06
214.902 474.792
481.067 135.877
72.7929 73.6557
191.097 233.548
178.521 210.386
23.3683 238.818
448.222 263.268
87.2239 78.7183
386.517 330.207
193.965 95.02
451.791 100.662
140.637 307.586
312.117 408.811
46.8041 164.644
171.147 127.131
66.8074 95.0033
240.742 345.924
371.227 423.861
441.121 432.355
395.407 217.969
470.9 275.87
304.435 423.523
250.236 204.14
304.92 236.437
387.074 276.013
29.5521 427.278
318.235 16.1045
463.744 344.619
38.919 467.734
91.5291 254.402
113.967 365.711
222.227 249.476
276.426 187.428
40.305 454.01
10.1265 261.498
176.285 113.478
230.557 308.241
140.082 155.328
14.7041 376.66
311.787 79.8011
311.196 273.242
380.839 465.978
391.691 143.115
278.826 82.0935
14.2404 30.8563
15.8784 37.89
235.031 233.837
179.369 341.532
88.7082 21.5462
144.306 238.588
23.4315 479.436
305.766 432.349
449.819 285.029
484.902 26.2708
487.056 1.7085
292.567 373.929
439.848 305.223
304.844 466.912
52.6154 18.4658
255.448 434.488
450.032 275.841
57.5493 473.026
91.5283 471.084
413.144 462.263
431.334 237.887
309.551 433.372
453.834 443.741
349.077 265.639
16.6627 176.666
196.027 369.638
150.094 238.279
199.584 26.8932
165.733 360.302
93.2588 444.06
377.97 385.033
206.765 58.8817
463.454 293.349
497.692 454.656
203.109 172.883
203.879 377.193
497.359 161.134
20.1787 371.682
498.177 261.069
53.1333 133.164
83.7354 134.996
84.5732 309.586
394.642 194.846
390.222 135.893
434.323 156.764
412.633 259.185
144.804 310.413
342.52 320.423
411.634 497.222
258.706 396.079
475.361 292.55
271.317 289.411
445.231 104.949
278.35 478.531
98.7178 370.267
402.648 385.205
347.83 109.991
379.564 460.402
142.058 199.167
93.0237 493.537
22.4675 142.596
145 325.312
294.743 299.127
89.3966 203.621
167.104 339.202
89.5374 43.7841
352.885 84.1487
409.308 241.36
142.123 108.502
338.68 155.364
318.654 372.93
165.753 430.635
99.1809 90.2892
194.152 329.85
3.11671 400.174
492.281 318.571
271.192 14.7105
2.20484 144.994
200.896 351.316
56.7473 395.874
83.4544 328.474
124.013 218.942
292.229 185.597
192.69 300.929
465.809 237.377
488.932 487.907
497.952 461.315
280.472 66.0782
414.229 248.586
133.06 347.366
25.4551 72.5322
373.182 165.983
474.008 63.9349
363.033 108.243
77.6073 133.367
458.843 294.137
446.473 394.39
426.56 191.939
420.237 33.8937
410.818 295.704
247.533 137.491
400.082 237.751
91.8646 418.328
448.979 3.60015
117.11 181.869
330.358 417.123
130.892 236.504
69.4634 304.784
411.044 430.24
82.1861 435.813
459.977 462.552
260.149 28.1059
62.9328 33.1722
479.797 483.878
224.457 23.1506
241.182 261.61
244.545 134.191
338.773 159.691
139.133 452.316
116.276 234.257
314.836 462.526
494.861 259.136
258.932 430.113
32.3037 185.974
437.882 376.059
217.761 305.739
347.919 297.144
222.874 418.296
269.062 174.898
138.429 278.654
492.523 84.449
317.251 235.181
480.697 96.9424
161.559 445.78
64.6263 196.994
487.75 368.123
191.264 61.1475
27.7218 65.3757
483.031 15.8768
205.621 36.9675
293.573 27.4411
50.0147 130.293
326.742 131.729
237.073 230.785
109.226 112.635
152.934 61.3758
201.08 442.009
88.0072 191.472
488.113 155.211
238.138 413.036
430.772 201.507
29.0897 246.1
224.043 88.8839
351.51 415.412
417.27 342.259
112.208 242.48
469.253 300.85
159.105 97.4199
88.7144 300.175
324.802 318.368
256.731 440.368
256.27 274.449
413.19 409.339
47.0606 470.995
456.551 118.59
396.921 392.474
120.724 400.647
149.013 115.183
333.197 106.525
76.0461 414.824
114.578 34.4722
306.558 404.637
117.3 222.871
321.125 79.4574
401.286 93.6416
312.131 74.1928
91.5305 277.127
436.863 294.266
270.951 434.696
246.359 471.712
364.009 453.04
86.9141 476.632
139.26 17.01
37.4133 258.532
121.756 28.2931
26.8469 132.798
219.044 86.8741
427.236 109.98
312.212 210.137
3.19797 314.291
464.617 206.845
181.954 436.022
436.727 220.011
412.36 489.603
327.457 344.036
325.197 440.167
358.714 192.664
461.973 91.4797
262.02 423.985
225.42 477.992
305.061 281.446
350.294 3.9498
482.4 103.546
167.106 462.673
88.5719 255.317
250.021 400.173
5.91301 167.935
160.901 306.728
307.617 454.904
339.483 111.357
155.288 295.429
382.518 89.0637
163.031 56.7024
148.289 477.338
59.3502 100.143
267.308 431.358
240.913 389.242
166.609 274.792
159.787 152.649
140.698 258.877
157.618 279.571
82.0111 375.064
114.72 277.593
108.602 63.8652
169.097 263.511
143.302 381.207
256.627 44.7633
300.78 376.223
28.7937 209.793
200.039 3.33946
137.208 122.927
138.458 294.378
43.5398 208.516
111.813 486.199
179.04 462.931
339.92 47.7258
396.002 223.667
229.853 285.191
458.163 359.467
136.391 151.314
252.02 258.586
149.695 280.002
468.356 359.884
242.507 414.721
23.3907 463.038
360.344 218.071
460.988 257.074
29.1069 119.766
446.95 498.492
95.9623 283.525
369.661 404.323
496.799 447.613
433.489 467.119
331.455 151.613
149.388 450.909
452.946 111.58
423.233 173.149
258.902 474.131
191.247 281.938
97.5009 47.189
123.855 414.013
332.769 73.2502
258.55 356.006
159.014 395.666
397.243 210.524
146.919 59.0962
146.035 224.56
98.017 466.309
46.6596 190.913
124.174 449.701
98.386 272.768
308.437 3.81463
103.523 218.643
139.123 81.6662
149.678 251.293
95.0997 210.786
214.123 231.805
296.278 307.594
266.38 342.272
412.765 209.806
116.741 185.7
493.113 13.9954
106.395 356.762
351.205 9.92368
375.893 428.486
295.501 388.249
70.2712 472.092
476.016 38.5319
191.521 195.77
260.582 439.79
338.74 419.33
447.96 209.251
141.62 445.959
151.688 43.4193
177.235 89.6887
75.0968 148.822
114.449 450.886
471.798 88.4517
386.311 302.672
134.416 266.739
170.17 441.636
98.9099 116.976
394.806 37.0499
66.6867 477.378
369.928 27.704
119.275 450.341
203.341 188.015
190.284 371.328
32.2098 494.83
466.518 273.72
379.888 154.029
326.783 298.407
472.062 97.0878
153.449 338.603
462.139 120.141
164.226 158.455
390.659 203.83
349.827 273.613
460.109 340.558
497.376 137.269
414.433 315.656
320.382 100.4
288.937 129.533
234.251 89.9341
277.105 287.327
56.2419 42.2558
179.78 72.2276
109.764 270.836
269.157 208.632
114.731 376.893
355.882 481.018
63.5522 224.726
162.009 123.345
245.923 35.701
427.532 188.025
5.27919 311.365
84.2014 280.204
238.582 426.316
335.645 380.555
69.5843 101.652
461.558 267.533
157.291 486.047
350.095 330.701
147.357 179.375
122.177 482.645
49.9653 14.8231
376.427 458.458
27.5003 456.073
92.9251 332.436
271.284 333.007
105.836 214.769
130.123 66.5783
114.455 50.744
8.20382 109.854
162.23 172.156
420.982 197.018
456.248 492.444
91.9208 348.042
311.821 114.717
280.521 198.278
443.893 420.217
143.249 194.262
83.5619 122.856
55.5834 282.415
79.3126 88.4826
351.591 167.307
367.065 83.8359
339.1 120.418
295.855 483.722
215.569 319.231
310.061 112.001
91.3362 222.026
330.05 276.205
30.4748 351.147
161.152 142.036
355.627 203.85
295.648 42.6081
125.886 185.123
465.812 281.301
306.976 118.762
380.185 346.071
339.276 176.003
173.988 350.178
354.857 296.136
405.134 387.926
220.948 307.851
203.004 423.386
270.545 228.363
306.425 443.774
186.436 307.622
466.406 196.917
333.755 248.904
361.033 409.899
147.067 279.391
263.463 54.6828
69.8091 288.436
310.168 82.1245
446.687 95.1638
263.953 371.956
202.881 230.087
212.527 466.747
42.9563 191.128
179.171 4.31247
484.577 242.51
461.218 33.4368
187.664 316.062
456.093 273.461
359.436 478.08
201.005 391.907
326.488 281.486
37.6263 101.445
78.2656 207.221
417.934 73.2424
457.266 258.873
13.6686 122.972
23.3293 489.74
268.115 448.831
210.805 289.653
42.8189 84.4437
468.819 260.338
477.299 270.389
295.96 205.892
196.765 342.928
448.02 6.51701
465.185 67.1779
242.607 461.585
89.2702 29.5841
376.208 214.384
416.205 305.821
479.828 271.4
333.61 41.5509
124.634 179.835
111.55 493.119
376.641 158.173
460.086 307.835
488.439 126.632
432.119 358.619
458.413 227.201
76.6964 138.527
58.7841 183.058
202.105 46.6875
437.237 81.3111
231.158 482.268
324.541 358.174
272.863 135.854
408.732 114.635
368.061 370.269
25.1715 448.78
433.618 365.766
315.835 155.797
141.816 331.185
442.91 161.119
345.663 72.1424
387.699 371.732
4.8542 246.438
423.029 243.73
296.233 436.311
202.196 456.539
450.874 367.545
181.714 152.107
294.931 466.232
434.461 196.402
280.711 352.031
351.34 145.172
61.8135 320.204
224.276 77.3865
207.926 166.078
240.436 306.25
89.8741 85.4044
198.908 152.236
171.068 287.958
173.42 49.339
475.845 166.208
24.2296 275.881
263.275 241.847
434.838 287.235
157.986 431.376
114.912 320.454
443.415 281.304
217.309 271.817
156.563 412.277
298.213 380.313
448.66 479.759
72.2723 166.935
66.0278 276.222
71.9613 475.979
36.9082 395.53
128.27 419.654
62.3162 386.718
431.933 117.909
496.369 352.013
471.45 66.4692
439.635 63.934
127.061 187.546
68.0339 207.907
213.088 321.763
353.813 433.877
187.475 36.3799
102.921 61.0308
10.7514 375.55
219.387 288.485
271.951 461.541
461.984 216.317
457.931 33.561
199.308 67.5226
215.07 456.625
383.725 379.077
19.3662 264.368
234.377 41.5937
153.856 263.451
328.036 138.523
433.972 56.2399
296.165 288.945
257.808 227.005
280.235 341.235
4.21824 122.852
31.6993 2.24032
376.898 315.185
4.0439 319.192
214.725 482.364
254.815 463.967
357.798 397.845
103.595 156.592
104.612 165.087
212.391 493.177
464.623 387.485
234.391 304.364
241.026 289.429
412.907 230.183
41.9497 370.285
203.287 154.119
17.1258 171.041
272.074 408.305
444.064 190.181
210.557 458.996
63.1454 161.381
439.564 481.483
48.3433 440.242
162.188 423.663
386.07 217.87
208.786 3.44282
266.78 236.394
391.512 223.503
261.628 389.042
285.004 219.615
125.58 23.6709
182.751 321.243
224.716 371.091
107.644 350.582
194.075 64.4978
490.523 471.292
116.679 68.4047
106.961 399.341
325.099 83.7613
240.692 102.647
360.354 257.13
31.9626 131.653
167.562 6.56257
231.02 138.732
438.436 17.9538
413.041 7.20227
253.333 459.306
473.277 13.4338
372.182 350.163
119.638 446.667
423.776 194.212
365.717 91.9251
463.219 9.3863
318.774 279.051
469.104 382.587
434.86 124.692
315.963 488.702
255.454 496.13
230.195 345.679
495.869 487.159
166.163 178.319
430.355 154.937
430.494 149.421
476.071 13.4738
49.6946 165.763
221.956 446.194
114.657 381.607
108.625 303.98
244.597 410.816
441.692 439.374
454.852 217.603
429.872 243.034
246.925 69.0449
26.2683 427.957
97.9054 129.479
33.6085 302.957
488.019 247.84
225.464 15.3046
315.03 396.243
298.061 151.485
396.669 163.62
371.771 208.964
435.09 259.135
123.391 442.535
53.3711 291.407
174.877 377.311
237.356 255.98
404.008 115.99
348.464 236.469
387.531 145.15
124.629 194.271
11.7933 333.409
480.57 352.185
386.31 436.039
127.543 165.803
380.585 150.956
94.833 280.989
158.184 479.252
140.374 468.266
242.853 1.75312
325.55 321.234
198.247 440.611
402.737 188.117
482.825 160.043
450.091 207.649
445.616 269.846
118.378 145.366
369.666 192.116
396.979 148.588
278.467 308.777
88.3996 100.153
251.408 142.809
364.543 311.641
201.045 29.0407
313.318 240.504
207.077 456.61
276.378 423.653
216.633 435.296
220.571 66.2755
27.0472 423.799
277.457 342.044
251.37 131.187
213.17 250.878
46.6938 56.9147
98.5279 226.568
192.911 49.2171
53.0022 30.6651
366.926 303.744
55.7226 240.561
332.905 21.4213
48.1606 202.282
211.957 63.7543
355.8 46.9084
52.3786 285.067
409.931 222.864
139.319 447.391
55.935 48.8518
157.683 19.6914
51.8169 139.57
371.324 251.533
372.199 346.351
332.621 487.201
125.104 12.8935
25.8935 123.268
326.923 460.17
356.051 121.699
40.2434 345.521
397.895 190.095
497.988 48.4375
473.571 362.21
85.6123 335.14
407.803 251.736
169.431 337.653
372.527 159.672
66.9983 127.195
464.069 16.8921
64.8258 273.045
256.131 141.532
367.318 140.493
90.0575 465.109
352.428 418.516
412.702 442.751
234.544 362.646
30.9255 409.857
39.5242 189.554
276.496 106.031
158.538 447.574
361.632 482.1
98.6822 4.01345
491.051 44.2694
328.624 476.59
205.426 453.123
338.488 467.387
67.6944 123.624
432.206 211.925
489.769 29.301
448.947 195.896
290.117 395.688
231.844 169.492
491.036 410.694
226.326 55.411
422.97 161.243
432.273 108.306
451.036 460.255
444.643 261.946
396.253 228.646
39.2689 427.592
166.523 237.04
206.696 232.23
482.791 90.2533
492.269 398.05
260.948 11.3774
148.178 456.078
494.236 270.68
245.84 111.805
395.022 486.312
168.125 216.044
203.087 56.1788
328.169 352.116
16.0658 285.244
95.948 43.4429
167.869 465.227
469.866 199.159
129.305 465.902
275.397 374.079
13.0764 183.357
235.001 426.254
191.22 151.98
484.216 342.979
431.054 362.456
385.177 326.844
399.794 35.3816
345.166 259.837
196.285 390.784
53.2257 299.649
438.088 21.2646
206.48 266.637
122.285 155.266
79.414 171.01
444.626 302.742
208.807 207.586
276.721 263.94
230.34 493.848
417.809 374.937
439.585 7.85854
239.303 374.241
127.898 327.65
99.0755 349.309
424.357 308.021
414.956 401.984
135.418 329.231
6.91691 427.754
292.051 35.6148
397.573 250.143
407.645 38.3766
19.9655 226.186
282.835 434.275
491.971 300.438
242.926 198.72
126.372 240.778
307.673 73.8467
197.841 492.956
217.117 408.593
80.8523 333.742
350.698 421.538
325.985 22.7168
143.325 410.338
77.708 29.6762
4.87072 250.391
312.566 243.05
426.65 222.658
229.736 317.128
142.605 484.553
374.569 412.437
238.663 110.641
363.914 180.659
400.985 339.423
389.764 152.369
411.261 2.31077
474.789 334.638
466.229 306.195
152.284 171.647
292.965 71.6484
143.915 253.63
246.927 492.4
212.27 246.879
310.461 404.698
80.9096 377.459
408.122 237.577
321.825 426.954
476.072 251.617
392.26 20.9056
39.4631 244.559
451.003 78.1636
31.155 362.83
165.665 388.751
269.998 8.46934
159.506 3.03251
293.1 463.284
25.2444 58.8388
494.19 450.896
201.206 246.371
367.081 49.0236
214.697 195.573
332.952 85.6512
215.072 83.1124
496.294 109.184
309.628 297.135
155.522 385.915
285.299 251.331
285.832 259.862
361.29 491.618
334.918 7.87511
219.928 74.0265
185.378 111.958
470.663 234.193
461.57 52.3847
472.246 202.261
18.5457 272.987
102.23 142.896
111.966 273.564
412.954 154.997
491.446 389.607
271.79 474.423
332.472 394.503
414.945 441.053
200.491 109.722
70.2216 431.048
15.9305 335.287
188.667 83.5009
386.674 262.846
86.9245 403.634
486.309 233.77
234.817 254.416
298.099 249.661
3.29982 365.223
394.452 296.428
451.557 30.2858
103.927 229.475
203.274 141.292
314.007 251.591
149.127 221.045
377.32 257.354
277.526 46.2089
222.228 381.462
235.804 188.778
355.313 11.1558
10.1071 139.779
497.97 26.3676
221.127 467.302
307.444 374.96
425.455 469.06
162.642 16.1606
417.27 468.675
471.751 401.608
21.1384 311.397
358.565 67.9717
55.5297 2.66778
380.714 220.25
297.302 238.295
374.291 244.223
248.418 382.673
216.677 168.458
360.384 497.659
356.024 79.8893
180.563 47.9742
469.085 133.027
142.135 439.325
457.906 187.744
304.678 18.0296
259.98 403.178
197.539 241.644
462.829 307.884
284.099 173.798
254.19 245.223
217.397 80.1834
395.253 26.5182
154.872 356.115
373.071 230.032
32.1067 366.808
412.169 399.416
373.693 334.382
418.391 356.992
236.621 11.5416
187.715 401.598
312.463 117.877
140.715 459.034
277.243 20.5972
258.46 40.6595
216.688 354.029
250.478 79.6089
256.533 453.661
24.4784 403.32
375.939 63.8491
480.244 205.18
82.6999 479.347
320.251 27.7276
240.965 466.806
379.164 186.64
312.489 495.915
105.876 17.052
257.734 97.2113
405.867 69.9025
294.862 406.992
443.83 50.811
328.356 291.89
445.611 444.182
399.139 345.565
388.989 179.5
490.141 134.242
37.6112 180.973
88.295 48.7274
84.1645 484.818
276.3 120.682
482.995 498.379
433.317 182.086
305.929 312.365
215.809 186.934
348.567 355.15
437.554 488.887
306.99 475.495
386.69 213.566
424.652 100.938
20.0209 99.2184
18.9846 33.626
303.195 245.766
458.01 245.459
226.013 396.528
47.8206 397.162
301.788 297.352
25.9513 294.514
407.543 181.481
402.664 155.311
9.52817 400.772
280.475 73.9169
154.712 276.756
320.316 133.836
412.881 404.791
283.04 139.201
93.3661 320.826
247.741 391.37
34.4747 374.956
179.65 187.676
128.816 495.939
74.835 267.339
387.693 39.4328
313.231 315.996
417.99 223
432.479 165.613
127.592 445.315
182.798 298.444
317.956 223.316
276.6 109.338
96.0237 221.372
111.047 162.393
435.216 146.903
435.48 496.596
120.927 422.632
484.198 55.6159
9.19376 365.749
163.979 19.0169
190.261 89.1147
95.1218 33.1483
408.131 403.178
218.614 318.644
392.859 411.122
306.6 377.942
407.765 205.669
428.751 368.063
121.303 489.068
259.97 129.399
93.8748 51.2283
16.8715 105.569
370.727 414.975
176.105 197.148
81.7737 353.339
487.45 120.329
400.142 393.687
234.536 348.272
225.666 185.157
166.602 28.6582
199.754 459.18
257.273 193.157
230.816 485.942
235.96 420.394
132.67 73.9316
459.187 282.189
30.1748 377.343
1.42969 446.244
184.941 140.883
462.877 260.4
404.857 157.28
317.035 190.37
294.863 15.3914
371.746 450.168
129.004 409.181
185.96 374.936
70.8798 348.538
309.472 64.0282
176.123 346.941
162.993 180.338
111.966 462.482
264.852 404.697
141.136 245.501
468.92 306.64
169.92 437.715
289.736 94.325
158.502 29.1461
275.888 408.189
351.571 159.925
195.636 305.404
62.5621 442.397
399.779 174.846
359.425 309.494
361.873 191.192
184.883 19.997
371.227 41.6398
45.2861 96.3551
166.53 62.4155
345.895 161.359
295.619 472.861
497.526 243.984
116.717 441.621
457.612 424.068
95.1236 465.424
287.821 338.851
84.3572 498.213
331.647 179.088
280.761 221.181
123.492 133.361
222.484 181.694
445.666 162.122
207.43 248.718
163.923 226.405
375.525 488.083
59.1114 21.987
481.368 427.888
307.039 448.585
207.719 401.986
110.196 135.282
242.78 232.227
432.177 460.556
57.2845 278.217
62.015 157.709
456.727 339.021
268.361 482.514
342.404 135.418
467.314 143.364
174.434 233.148
413.163 323.095
254.663 491.544
319.33 492.75
403.715 439.694
190.142 269.511
250.504 490.064
89.7355 413.791
196.297 348.544
244.791 495.794
466.504 217.312
158.208 390.11
379.692 103.523
351.153 232.878
245.263 204.784
171.678 122.697
421.646 259.275
349.262 289.402
376.606 220.24
444.734 322.412
79.9757 357.067
70.2849 358.326
442.758 310.804
341.426 55.7309
471.828 21.1309
144.882 348.03
259.702 480.288
131.181 178.913
50.2946 382.176
441.711 295.098
161.369 299.64
319.725 10.6127
151.778 370.648
197.22 489.881
22.0503 396.453
156.699 46.208
462.758 42.6496
497.224 193.808
347.219 228.014
253.251 201.473
110.151 379.191
5.9897 347.901
265.644 495.441
47.7682 418.77
395.252 342.658
9.40747 265.56
132.713 339.159
98.9338 30.7161
84.7696 85.4568
98.0643 245.319
405.84 244.875
273.094 44.6085
37.2231 187.968
397.316 354.177
411.799 311.144
254.407 100.363
59.5543 14.6547
21.5832 168.428
92.9473 242.111
287.912 488.768
143.485 125.131
294.178 353.744
7.43333 213.09
241.244 63.8531
29.0697 261.102
391.078 77.486
136.777 190.532
467.968 257.307
454.792 376.923
169.61 298.03
352.957 212.1
288.776 183.805
110.421 429.628
2.76693 232.682
98.7935 95.2367
303.814 1.49545
403.406 488.706
260.913 184.011
484.775 424.546
106.312 130.357
19.8292 173.792
463.877 77.5352
419.813 299.174
18.0758 252.661
469.533 351.058
47.0131 428.673
405.116 131.889
256.97 482.937
231.286 133.981
110.321 422.033
154.688 136.939
46.6029 331.466
414.941 223.878
136.593 57.4025
206.25 372.462
71.0852 20.1442
277.734 351.372
352.575 277.091
219.634 123.161
191.376 274.846
275.57 483.831
88.333 491.032
115.426 119.72
84.6767 362.545
52.5655 78.0612
47.9459 128.392
306.531 171.421
201.466 145.823
179.486 27.2329
113.473 234.191
282.005 254.436
106.194 52.7291
44.0074 165.331
148.11 119.832
96.776 252.024
477.629 214.055
19.5097 47.4873
169.069 300.98
462.107 4.24318
253.338 249.638
260.537 54.3568
346.493 342.857
427.972 331.454
388.547 266.366
436.507 47.4912
222.599 198.526
349.577 255.038
343.213 63.508
31.5848 420.182
416.265 353.193
62.0373 71.4593
286.613 458.042
453.737 115.407
348.994 194.324
236.958 314.438
254.163 44.5076
51.8838 211.62
47.354 155.03
114.644 180.417
146.548 331.217
354.963 262.524
473.965 440.056
452.007 308.994
353.321 293.311
120.691 179.889
125.985 142.016
481.711 450.266
444.228 486.721
209.454 357.138
201.158 340.807
84.9023 300.325
200.461 295.2
189.228 468.988
178.856 94.1748
424.457 473.096
48.1313 196.076
264.87 430.293
191.049 404.82
171.902 268.555
447.983 185.871
218.367 209.205
63.7547 132.407
221.3 340.805
393.103 6.66553
193.119 332.275
341.012 443.83
406.482 99.1321
118.946 203.774
181.072 10.6902
402.121 51.7964
35.935 440.498
86.7896 213.259
460.886 391.658
217.255 280.933
168.438 358.796
105.697 300.691
194.415 27.7141
103.452 295.882
38.8727 200.699
297.276 230.071
62.9142 345.668
123.946 163.693
348.114 126.245
250.62 172.754
254.739 447.243
218.906 99.1021
396.871 178.11
354.316 384.655
318.322 8.48
102.417 394.802
67.0395 113.871
386.124 305.411
66.2532 267.616
255.85 225.143
244.936 84.9184
182.096 462.341
421.012 317.907
451.194 278.387
461.543 388.642
7.959 26.404
447.07 385.488
301.12 156.398
201.605 426.552
228.828 390.61
368.647 106.196
285.514 375.118
106.957 188.759
248.356 7.4908
475.823 349.062
131.226 39.8288
59.2127 39.0372
350.613 247.721
440.899 253.713
219.411 237.917
344.012 252.291
163.853 150.243
216.525 164.987
175.61 435.272
309.737 90.3758
184.408 269.372
422.051 223.98
344.864 191.095
100.041 231.48
209.585 433.05
397.793 247.387
426.575 359.449
61.6967 440.046
104.868 103.473
312.011 260.087
169.013 495.151
391.491 215.126
53.6585 145.939
221.479 35.0862
413.143 182.46
99.0517 406.767
177.831 250.746
402.764 74.7404
47.1027 142.784
454.941 475.807
121.136 299.292
197.332 172.426
404.679 1.81171
438.364 271.834
73.4916 231.922
17.9342 42.3566
27.8494 398.496
227.941 115.069
400.09 213.52
410.54 197.76
449.547 230.713
275.388 172.216
271.651 338.522
357.598 206.987
453.945 39.8711
330.549 360.85
95.0288 107.563
330.862 260.777
47.3908 383.369
166.475 150.384
104.851 305.986
148.028 372.841
157.848 194.479
154.87 290.486
92.0532 456.129
215.295 308.646
348.094 20.718
143.456 365.427
20.0663 307.137
260.376 124.087
148.579 147.654
389.126 194.315
35.9612 121.148
283.811 125.496
398.553 376.774
323.363 458.864
322.563 174.372
368.49 33.756
432.775 128.974
215.756 370.736
242.201 376.297
367.337 272.8
26.3655 199.729
98.6899 133.494
277.347 33.7435
212.463 486.08
356.85 188.296
51.4078 106.738
287.904 27.5855
360.883 150.911
173.042 118.36
433.884 296.12
493.131 305.856
292.093 248.104
359.114 283.595
364.066 88.2182
198.492 480.464
382.57 327.634
239.446 170.257
230.596 66.1028
92.837 182.052
204.456 366.249
114.514 326.98
343.803 11.0714
321.826 289.523
4.55252 186.532
335.038 375.792
77.5006 55.8286
153.864 315.573
159.641 323.08
1.7284 321.926
403.375 479.893
332.288 148.765
202.987 411.878
87.3221 269.53
121.336 342.743
128.531 93.317
198.609 495.482
32.7692 101.482
378.619 470.94
409.669 274.129
33.2982 194.5
34.1068 289.481
405.612 323.182
305.052 112.804
200.013 312.484
335.582 148.774
465.334 424.984
256.39 179.317
206.607 133.989
326.91 450.633
214.351 424.679
233.416 384.373
364.078 11.7138
286.119 294.439
388.813 259.655
45.9434 338.601
29.2876 124.873
81.9692 420.194
216.758 1.34911
227.417 381.199
444.3 241.71
268.196 347.077
477.083 448.419
367.857 330.549
395.828 469.054
477.212 301.223
283.985 92.4341
179.684 261.853
176.439 204.105
312.892 417.668
348.708 338.128
209.329 345.754
446.121 358.677
278.5 132.062
134.049 30.4965
86.518 14.582
457.777 349.4
469.114 40.5933
162.783 403.395
431.005 234.875
52.9007 34.8697
240.032 138.216
472.746 131.022
320.167 146.375
323.454 189.547
421.544 407.91
36.0923 338.892
287.909 198.189
108.369 346.648
454.444 350.28
126.508 402.923
198.063 285.664
95.8212 387.628
13.235 247.225
10.5575 72.4227
412.9 77.8602
269.27 113.187
393.545 364.345
406.712 384.986
49.6029 53.4499
427.577 195.303
472.253 304.534
156.387 191.293
339.792 36.9417
389.46 273.537
34.5249 393.937
293.773 211.53
89.4016 207.529
435.058 76.3362
284.892 225.386
485.141 230.039
159.674 121.324
468.666 471.953
303.251 183.844
492.35 395.498
228.632 211.077
449.303 373.416
457.917 121.928
27.7768 61.1001
126.215 169.874
306.898 349.098
156.062 350.398
467.774 76.3748
141.389 61.0048
355.682 336.568
452.404 153.975
381.952 195.825
22.5845 340.085
286.123 429.079
155.418 241.619
421.29 11.8039
200.935 206.471
269.738 342.581
415.698 152.93
211.537 346.961
286.117 346.141
397.848 403.032
62.2968 44.7058
169.62 490.509
377.18 90.0544
424.296 371.107
136.285 178.198
90.7882 112.58
382.149 186.142
345.994 113.34
54.3231 173.031
245.752 413.712
345.159 455.592
411.687 412.781
246.868 342.251
232.892 101.701
118.647 23.3961
209.542 170.654
52.2505 230.115
132.987 261.139
471.487 157.296
229.66 404.296
410.916 253.536
99.2482 409.882
426.967 227.929
234.207 491.21
332.208 47.0997
249.013 473.378
271.388 222.08
378.414 83.7717
386.493 456.578
126.423 438.513
309.498 40.2474
6.24347 69.9255
146.66 343.977
480.349 313.244
355.848 56.8753
282.407 101.913
351.733 455.257
192.034 243.458
498.486 486.848
59.4729 467.04
370.912 101.281
21.2622 45.5611
275.618 74.6907
7.77472 1.88986
338.068 58.0056
374.161 144.611
385.059 95.7353
61.2669 68.735
205.97 356.852
59.222 270.331
18.6588 115.6
481.961 372.286
161.49 343.402
374.301 470.7
131.034 48.7485
163.149 249.04
20.8318 185.501
394.986 186.267
468.535 129.827
162.158 281.038
378.24 466.373
397.011 381.253
96.7077 260.763
80.1134 485.381
331.304 431.77
207.83 168.694
20.3382 477.082
451.657 123.732
369.513 78.9231
234.273 82.5729
150.733 85.9352
100.28 473.399
237.215 365.608
137.27 4.086
423.509 290.767
429.557 88.7981
350.757 126.645
97.6953 286.612
263.316 261.079
341.741 87.4337
365.696 208.3
272.02 458.858
120.041 271.561
402.028 346.548
102.617 442.486
107.685 369.188
21.8372 330.89
484.429 110.994
295.834 178.784
172.083 444.434
26.1211 253.122
8.4877 453.896
130.127 209.517
5.75341 322.005
174.076 280.671
68.5813 405.155
281.294 150.08
439.883 120.587
295.878 63.2887
177.222 266.732
353.423 430.869
249.232 147.54
435.817 14.0837
164.371 411.035
327.444 38.4056
140.734 218.372
96.234 394.788
460.234 367.136
60.2056 325.602
461.11 71.8916
448.82 23.5394
1.27305 208.002
82.6318 174.646
318.893 319.329
289.575 118.007
53.5684 266.4
108.63 138.32
246.146 183.47
257.377 52.7632
111.5 483.511
337.525 67.1974
400.32 418.752
69.9869 164.296
155.096 361.83
43.9676 302.018
266.488 442.899
376.386 414.705
18.5349 373.691
182.926 89.513
51.4988 348.994
142.64 115.404
102.001 372.786
26.6845 151.032
111.632 449.291
26.1684 264.399
191.773 17.4479
71.4738 180.532
134.006 38.9801
116.163 457.357
278.869 386.728
447.398 448.293
268.784 339.697
41.7112 10.9201
298.978 329.976
24.73 104.066
141.453 233.82
204.008 429.791
347.983 408.899
32.7858 306.828
27.3193 474.492
340.031 268.79
401.427 23.0888
307.822 178.161
196.213 211.772
483.436 264.138
292.598 284.093
30.5337 94.274
105.722 265.272
323.76 208.311
402.54 421.191
122.342 240.839
267.631 252.563
11.947 452.588
275.587 361.193
384.017 84.7131
179.18 120.022
104.44 361.378
271.43 138.866
369.911 54.7278
270.909 213.69
169.777 35.5513
417.498 36.7247
46.1609 492.204
232.219 242.005
357.129 3.08172
369.276 121.753
48.4926 111.676
418.857 70.7031
374.139 433.961
370.3 467.167
20.269 29.4152
350.259 352.224
59.211 392.536
224.421 404.14
440.345 256.194
344.501 55.4032
448.887 399.166
76.8846 276.429
411.077 319.809
14.7199 302.05
361.948 438
299.343 436.9
473.177 397.488
176.202 101.953
276.316 399.673
213.639 126.017
476.093 470.525
289.936 358.671
413.572 428.546
148.502 150.35
276.18 58
208.08 428.385
201.116 211.835
436.532 209.655
193.843 184.184
115.764 110.708
328.729 404.433
195.922 320.987
165.539 171.657
305.68 410.157
391.922 69.0472
446.656 81.8515
331.524 135.099
363.701 279.039
93.1954 315.972
23.2028 305.871
306.848 10.4049
490.935 486.125
66.9345 285.522
399.667 471.962
82.4894 340.031
37.5137 19.4915
365.881 442.245
333.049 82.4365
243.152 219.378
463.71 348.894
1.85606 18.0104
316.341 78.7999
373.934 441.726
135.091 324.004
128.369 45.3199
151.168 73.9582
45.4404 7.70699
171.928 163.918
36.2011 139.769
235.724 67.4086
150.515 283.813
407.112 373.416
19.6834 495.777
266.687 278.534
91.1125 90.5724
246.265 96.3027
310.15 494.198
268.275 239.947
56.0059 88.4348
465.801 478.318
352.558 138.026
322.776 498.377
171.175 482.872
453.798 453.474
94.6255 407.356
297.361 267.82
24.2581 186.478
11.5132 385.263
351.078 361.448
354.917 333.108
283.893 369.149
264.468 486.062
75.9803 425.05
197.894 324.818
126.078 114.26
435.4 299.638
91.1049 467.685
216.3 159.608
264.778 192.294
61.6801 422.566
4.41479 208.561
395.823 365.588
247.219 239.643
135.369 488.036
183.442 371.201
427.346 131.931
418.084 236.183
277.903 72.1311
178.184 468.311
317.561 478.799
70.4579 426.105
259.404 218.158
195.012 241.243
253.846 242.768
395.6 361.247
11.3339 147.097
418.836 58.2792
309.646 261.148
4.02222 117.919
13.2931 227.435
208.101 271.847
446.084 174.889
223.039 393.665
10.5535 440.16
3.43583 235.204
350.769 347.454
22.1015 300.046
24.9081 95.1005
114.134 238.6
316.232 377.397
21.239 89.0336
427.61 153.757
492.138 440.343
222.264 55.8253
210.362 195.328
7.22832 478.03
339.079 144.62
351.659 235.917
146.379 80.7683
258.881 230.844
97.329 191.48
290.222 68.575
346.325 446.531
292.507 137.002
7.94305 268.731
208.217 31.6853
100.178 425.565
460.718 416.512
406.505 342.808
102.267 227.617
388.817 211.441
263.224 246.163
329.965 397.955
366.017 29.261
321.207 128.923
67.7944 309.302
300.408 400.493
82.7954 145.964
99.153 237.563
219.807 258.293
445.255 90.0374
412.498 189.424
47.6501 379.361
454.706 63.0213
63.8095 350.726
407.041 47.2266
368.661 126.361
85.4727 128.389
368.256 385.818
282.207 397.417
305.744 27.0124
3.37789 490.276
493.022 55.8383
229.302 130.979
58.4566 230.073
161.106 484.372
455.681 50.9467
146.532 89.4956
466.309 118.092
326.184 247.594
133.469 396.482
482.07 308.189
451.979 170.778
286.511 155.115
425.749 164.708
87.7358 186.805
485.958 289.957
243.15 32.3117
54.5099 348.415
2.2659 210.965
253.854 136.66
401.471 132.127
54.2386 101.454
280.026 359.406
59.4354 238.059
124.217 484.565
302.763 256.87
430.991 261.39
280.014 262.743
355.48 363.895
171.331 426.079
489.39 453.537
74.1808 391.66
438.518 454.209
275.151 429.641
251.389 371.326
389.763 298.072
159.611 138.178
396.999 488.964
491.451 447.113
198.936 355.337
305.361 189.887
366.108 244.568
236.584 330.116
123.442 255.045
389.988 357.049
91.1047 151.664
330.888 328.13
433.619 311.437
431.826 334.532
498.132 322.788
147.856 468.484
437.628 76.4855
285.788 12.4235
123.608 121.424
408.26 216.709
377.351 437.459
41.4122 395.04
261.498 190.008
172.689 179.67
147.314 128.087
440.287 472.373
24.0015 476.66
141.742 497.586
354.164 460.219
497.472 1.2392
347.514 332.232
51.1318 234.366
308.734 109.668
341.667 295.105
148.239 359.168
32.7721 104.44
200.729 97.5341
94.4835 37.0189
470.294 484.624
458.06 36.1162
246.246 232.793
252.297 128.094
411.329 227.076
213.364 183.64
413.324 135.909
453.291 343.87
232.693 306.286
81.7956 323.125
34.6509 200.935
287.026 132.293
478.517 83.2285
435 3.10805
94.2377 176.324
184.135 44.4228
168.77 426.181
240.923 17.3672
325.222 101.37
201.666 447.878
3.50275 465.484
453.456 91.3447
441.804 217.569
159.716 334.949
111.787 332.577
314.113 179.649
184.486 444.762
329.621 5.77729
90.4551 262.622
415.399 50.0002
32.3483 232.193
347.372 462.297
64.2384 220.248
350.534 470.297
413.112 10.9571
291.889 410.635
473.758 282.102
70.8091 40.5663
76.2907 130.273
22.0648 471.08
205.729 421.826
88.2113 288.577
334.987 463.274
178.163 57.5019
317.364 200.936
159.393 339.099
17.0997 123.231
341.089 344.424
126.808 191.908
402.079 382.541
373.439 256.768
40.5905 64.6325
233.413 50.5015
202.408 134.422
471.62 123.257
88.6071 417.029
391.46 241.758
201.98 24.7075
350.087 135.478
78.8082 20.6929
198.467 55.9195
378.905 267.525
430.223 378.576
182.458 70.3794
91.1208 361.251
89.7894 108.432
490.069 346.446
495.434 292.036
454.092 398.287
45.119 416.478
281.153 162.048
165.713 98.4492
3.18702 355.289
229.61 148.238
27.8564 334.496
417.362 260.722
60.8434 308.57
95.2613 228.736
263.238 112.948
13.0281 180.449
193.599 428.975
217.984 206.551
326.2 304.221
146.815 491.686
283.396 307.913
20.7621 425.605
160.765 259.74
18.1523 209.141
409.403 68.5645
149.479 78.0705
173.978 360.53
272.83 452.97
48.2353 221.22
200.391 81.5481
237.096 140.875
207.992 423.417
6.11684 238.721
64.6022 430.51
458.044 252.979
303.976 278.343
292.058 160.98
74.6555 93.9506
217.412 196.308
171.153 11.0851
459.602 323.773
228.894 94.8759
446.945 413.343
474.837 318.757
244.223 150.169
330.965 188.991
46.9876 29.0562
70.8223 37.6794
28.8709 153.127
167.758 384.271
301.251 231.29
487.334 262.528
326.78 90.9245
235.827 194.222
50.64 378.972
356.471 487.958
187.733 20.8365
6.94725 356.619
259.542 486.644
379.534 145.53
269.019 360.73
412.579 419.605
484.769 375.236
446.158 184.109
407.045 444.579
139.352 352.434
310.635 144.928
31.4804 74.8963
206.465 328.253
131.58 147.711
339.722 91.5591
158.101 290.475
440.762 349.627
78.4317 373.138
100.418 107.408
420.103 76.8745
279.731 63.6185
181.618 65.5644
38.1087 312.53
11.9065 99.5237
254.663 111.931
153.969 142.338
46.1104 110.225
239.103 354.895
142.159 164.225
203.837 296.848
370.493 391.948
195.74 388.315
52.9754 126.033
474.151 115.295
99.8479 292.658
221.686 102.594
483.436 212.461
395.479 272.511
322.288 72.9104
65.4659 65.482
307.854 285.494
268.396 82.4711
64.769 410.968
443.865 412.358
461.028 233.897
13.5592 118.158
317.666 407.348
100.101 1.31352
202.599 270.823
479.003 288.796
343.081 275.86
205.447 226.073
105.84 366.146
167.107 205.192
165.586 39.6697
438.342 55.8465
465.847 266.26
101.325 246.526
416.033 53.0712
116.37 242.693
132.947 104.995
378.973 489.937
399.033 356.521
184.977 342.939
391.411 97.1623
483.33 360.136
119.563 293.655
290.757 298.964
454.615 226.517
420.256 155.493
439.544 314.434
302.096 388.062
269.432 186.083
381.158 100.42
457.128 198.876
203.179 158.851
95.4765 470.158
385.73 423.09
103.235 478.273
335.086 444.222
261.985 38.2366
218.315 60.971
40.927 289.995
106.698 410.295
225.558 212.144
215.511 4.51826
74.9924 482.041
233.72 260.561
133.18 292.746
463.438 283.787
108.872 241.167
163.872 287.552
120.955 93.9383
376.636 147.183
273.398 2.53371
493.05 326.27
177.732 220.175
202.706 472.258
430.779 252.899
380.641 109.031
217.074 190.062
280.497 108.91
21.0108 391.899
285.963 434.177
187.917 167.634
352.063 437.383
31.8623 498.671
48.9249 105.752
338.84 137.523
81.9569 492.451
206.499 93.5573
181.876 217.264
491.856 95.0344
498.367 21.344
20.451 280.513
455.893 6.50975
209.716 116.433
232.002 461.244
471.278 491.411
301.148 313.004
129.589 478.357
352.74 374.906
344.347 416.255
211.552 108.048
59.8375 18.0769
136.958 261.296
487.085 439.236
163.908 488.067
123.884 9.19057
242.984 51.1988
304.544 54.8077
468.213 4.55329
194.21 128.761
365.975 86.0695
68.4089 491.428
178.482 227.092
130.196 105.937
325.857 199.591
270.847 442.75
130.329 186.656
144.558 228.332
433.286 291.421
87.8401 456.522
229.922 426.394
456.596 374.979
148.875 40.0773
139.703 178.126
420.29 483.916
201.018 467.574
377.531 310.649
398.857 60.557
389.329 132.474
414.244 371.754
201.598 49.8446
300.435 108.591
462.252 148.952
17.3273 303.596
292.137 488.456
245.923 153.545
467.932 138.299
463.883 12.0338
399.997 43.438
176.823 301.855
149.638 395.919
89.8007 422.183
207.215 187.531
113.814 78.8486
109.25 325.773
349.417 380.031
313.921 264.922
105.97 95.8959
221.053 39.9455
190.197 417.872
426.992 156.611
399.791 334.484
44.4579 169.679
421.055 17.6791
89.2098 244.652
298.905 387.517
409.432 330.997
163.211 270.838
407.462 489.724
195.211 175.502
325.932 212.749
216.561 171.221
438.126 424.19
258.386 409.081
282.114 416.306
335.739 201.554
127.07 216.943
214.218 429.355
115.551 261.4
453.28 149.397
304.819 463.322
462.315 223.466
129.522 53.6007
269.022 274.506
489.555 258.407
53.9003 222.947
289.278 409.645
345.083 463.756
193.499 209.636
252.434 122.063
152.832 447.071
427.639 215.294
365.554 60.2512
398.105 307.238
402.008 496.605
164.096 421.37
288.358 309.499
410.429 279.486
372.43 242.207
137.129 428.171
50.7812 39.2334
26.902 81.9557
342.513 242.474
424.989 12.0552
85.4336 75.4502
26.5449 339.313
306.613 206.637
159.603 128.176
140.067 475.839
354.876 351.926
200.636 307.13
149.867 68.1735
247.474 285.025
124.578 389.145
337.357 168.444
414.733 296.922
36.2087 65.5838
419.248 200.615
164.125 94.0741
430.817 434.544
437.719 335.801
418.356 218.726
249.398 34.0743
316.85 273.268
50.7353 100.562
363.028 392.135
453.961 94.6128
96.6431 203.674
260.493 76.5485
316.37 442.489
96.2594 196.687
422.749 156.1
17.8076 194.698
76.5509 470.668
329.3 86.0317
199.782 198.933
22.8206 348.621
224.919 133.486
312.422 162.6
87.8785 171.29
236.348 241.31
113.626 150.136
83.7987 385.234
273.524 201.724
69.178 56.5884
13.4935 58.527
213.62 61.5837
16.851 442.998
491.461 191.655
162.915 116.811
153.562 324.171
6.41925 379.09
91.2506 479.344
245.033 403.592
354.149 130.509
152.828 453.512
64.2941 107.751
122.897 456.359
52.1718 13.5267
423.699 338.835
104.623 116.362
484.335 310.642
89.1896 427.206
125.925 298.847
187.801 287.856
367.085 10.6021
464.894 146.522
353.947 188.233
7.57075 262.774
55.3874 36.4817
190.481 146.853
288.905 432.022
111.96 124.315
305.359 130.989
53.4251 249.275
268.96 411.733
238.277 338.536
468.756 28.3656
266.268 203.573
405.09 134.768
297.482 478.197
148.387 446.272
42.5389 244.518
145.641 196.693
436.495 291.717
3.68099 147.648
447.044 456.594
435.88 62.5088
5.70057 63.3488
340.559 185.834
298.01 301.309
485.894 4.50824
262.022 460.422
93.0374 113.919
330.3 368.554
198.251 367.957
397.474 351.183
333.565 455.389
141.335 211.083
184.644 458.09
309.787 220.344
497.751 409.468
122.5 378.993
389.495 61.3555
97.3763 54.1286
68.6531 236.865
357.626 418.26
141.164 230.067
255.592 294.577
62.8356 74.6829
414.26 139.273
447.297 471.426
475.073 245.591
486.488 371.545
429.637 51.6042
109.792 250.691
438.472 67.1073
450.998 354.67
486.013 144.47
214.361 333.453
88.2231 341.615
382.4 3.82806
197.835 230.827
261.504 448.522
417.741 333.066
438.121 331.997
17.0919 14.5012
387.196 168.131
467.537 337.3
389.138 473.563
99.3746 193.911
466.462 157.533
302.782 174.713
484.885 240.033
468.087 346.141
162.766 87.6024
409.805 11.007
3.39769 155.375
496.677 125.809
351.313 149.215
259.61 391.562
203.115 103.718
95.0413 256.914
349.058 238.976
487.899 349.79
482.409 182.394
448.216 52.1998
107.245 324.306
386.556 285.434
300.069 194.766
380.221 421.209
342.99 289.969
92.8226 293.046
416.178 282.989
396.485 71.7387
144.774 427.024
288.134 366.844
348.944 222.472
285.868 118.488
372.525 155.965
351.304 170.01
3.53859 12.0506
239.689 72.8748
265.126 293.423
497.959 198.007
367.849 313.942
383.569 486.679
32.3226 443.737
44.5662 255.542
275.707 215.696
11.1102 396.057
26.6396 247.306
105.834 422.802
295.033 495.1
103.833 172.906
256.714 125.472
498.125 182.812
223.54 465.24
148.463 417.491
308.205 182.125
233.69 365.74
465.686 491.446
496.093 188.09
77.1447 70.7788
109.688 424.983
150.431 17.2462
144.507 153.126
332.3 9.37791
176.136 183.033
452.41 412.403
398.485 424.772
199.386 423.183
312.949 498.439
246.259 288.691
304.107 286.021
165.945 129.59
38.3336 127.285
187.463 459.804
472.939 486.006
386.037 30.7774
387.17 483.341
349.109 327.176
41.2798 146.991
427.279 410.272
385.411 265.187
351.233 494.224
309.731 279.124
310.773 447.976
284.104 238.142
121.56 363.19
437.356 450.402
440.625 214.186
30.9403 386.384
33.7268 369.702
112.41 302.692
416.275 82.3271
276.846 191.598
397.283 126.028
233.936 5.96265
365.727 251.526
395.095 200.653
119.256 109.902
28.1118 480.811
249.859 341.257
255.917 27.9973
229.075 213.553
277.996 445.352
59.2096 64.5007
453.429 319.656
462.757 497.755
100.99 275.646
50.6911 294.21
456.392 438.457
285.817 107.781
435.055 53.8857
67.0071 346.684
124.999 150.445
292.22 439.009
9.47857 286.354
218.002 296.612
342.696 102.284
331.275 53.6255
39.1056 49.9478
247.837 84.9954
425.531 454.337
209.556 72.9628
24.7527 256.639
388.823 42.6638
85.193 306.326
272.162 31.1993
264.035 223.809
405.694 111.323
36.2388 229.562
96.7648 383.418
248.646 154.235
465.679 439.545
229.727 60.3468
415.533 158.421
310.153 31.3586
398.22 109.629
420.327 322.707
272.781 130.326
173 458.588
194.191 486.429
436.378 187.759
345.054 214.198
395.095 93.5432
202.909 92.7143
300.338 440.877
226.771 239.894
16.636 411.141
82.2333 131.693
491.753 273.137
158.985 205.659
26.2236 77.2616
52.7754 158.763
273.302 468.873
194.209 255.155
493.926 493.882
70.9511 71.1086
197.49 274.326
104.32 49.4657
480.45 81.0288
96.9308 479.526
106.636 390.92
281.098 291.3
443.482 12.0439
288.7 192.193
309.324 461.66
421.379 93.1098
249.699 355.673
116.997 26.5479
92.0889 210.729
415.595 497.129
191.756 120.274
74.5475 135.341
328.867 43.0304
173.845 370.781
321.022 418.411
74.764 322.869
7.26583 220.873
10.9688 185.92
191.408 32.3412
489.73 445.329
209.952 52.9127
17.693 92.9649
384.034 159.16
409.68 7.89675
284.001 154.228
439.448 467.644
287.248 213.643
154.639 166.631
218.978 130.699
122.457 311.668
45.2702 113.567
421.836 57.8768
324.27 334.315
19.2489 125.067
419.633 437.184
484.063 457.849
338.072 81.5318
77.6774 309.899
269.418 259.738
149.453 158.603
90.9541 436.005
431.391 273.382
250.393 441.343
246.579 292.054
257.732 323.212
279.099 50.2987
385.962 177.095
50.7892 267.217
339.098 339.654
137.747 491.352
265.257 418.95
487.707 97.6738
221.764 472.68
290.417 339.456
3.90878 75.0047
346.902 438.694
490.923 67.3382
358.643 107.932
470.647 378.877
385.084 100.241
37.914 316.62
251.228 56.904
106.415 40.6078
383.52 134.682
130.631 61.384
419.541 7.6349
216.899 74.2174
318.663 453.566
329.334 283.484
84.7235 356.351
20.0691 206.681
271.368 254.447
288.334 9.43193
112.937 196.778
342.826 387.898
328.28 483.486
339.749 230
119.521 9.91339
39.6127 462.589
294.359 114.853
93.7307 156.984
61.9112 483.683
250.606 240.317
418.08 490.553
66.7714 75.694
326.281 124.146
19.445 17.8416
121.002 358.412
479.785 304.168
364.164 318.272
345.522 254.604
140.845 283.807
487.195 374.31
251.45 457.166
105.526 175.316
105.897 312.719
445.281 203.568
139.391 375.951
407.866 49.9828
173.051 476.461
411.75 332.541
147.552 256.077
76.0657 20.1311
388.115 223.162
82.0124 120.517
497.953 36.5283
53.2696 135.629
124.822 383.679
109.371 58.8262
34.9483 175.655
193.819 309.63
206.947 138.252
247.216 89.6588
240.931 327.512
265.281 315.228
168.439 30.8158
201.958 107.486
453.935 367.675
454.753 255.378
106.881 429.608
195.731 315.796
367.713 493.052
304.836 385.3
220.672 172.26
386.563 367.359
119.858 479.836
204.141 475.029
173.729 295.226
346.621 495.308
474.961 143.999
240.135 24.1595
479.462 14.2187
68.4239 393.558
358.985 181.326
27.4771 136.801
39.0725 252.822
113.157 169.818
309.547 388.963
485.407 358.698
43.4602 459.194
203.841 464.977
93.7601 373.927
312.158 256.13
27.7696 22.2385
323.535 423.745
403.565 246.016
352.263 92.2146
332.132 484.572
293.298 429.346
345.482 282.043
43.2858 153.486
274.471 481.38
243.825 15.447
20.8276 322.492
311.096 300.689
28.8102 161.804
232.864 488.304
448.294 463.508
425.462 495.979
101.42 288.924
427.042 434.569
368.072 444.367
389.791 237.474
408.274 44.308
419.378 207.878
486.378 139.599
433.247 45.8373
421.24 403.841
49.9186 305.301
151.174 145.788
41.1234 186.508
467.509 426.667
468.234 154.825
420.125 86.4089
198.782 23.8333
333.747 75.6322
153.825 229.038
182.92 174.451
1.34956 8.24581
313.917 38.9954
442.855 114.371
132.928 334.328
401.293 196.954
151.227 306.659
77.5682 47.0694
241.706 116.666
389.573 182.567
348.454 68.413
164.137 299.417
303.567 74.171
475.831 34.0927
469.556 309.202
109.392 170.719
297.356 194.297
82.6056 257.087
493.804 345.643
26.7375 229.844
351.723 389.952
60.7982 490.472
486.579 14.3869
236.49 48.0268
465.399 178.739
354.212 244.001
285.113 67.7196
108.95 330.94
208.845 252.927
145.265 422.701
424.665 118.626
55.3461 208.087
341.914 68.3571
2.46498 334.825
19.6266 83.6718
280.625 281.157
397.343 243.236
215.024 469.798
316.669 139.387
237.723 434.184
279.219 399.676
459.301 139.434
183.984 238.838
359.463 144.629
211.04 123.379
281.671 492.795
345.086 340.35
124.9 215.521
357.438 83.3022
403.843 38.3404
378.379 135.687
455.504 302.142
488.626 421.742
175.141 292.873
12.9951 104.405
210.444 12.5704
3.29492 181.386
398.535 81.9862
38.691 104.757
273.042 197.872
287.137 63.3636
125.656 307.25
206.534 274.872
68.1087 159.386
478.988 454.254
157.741 60.856
451.309 190.598
477.419 228.477
250.997 211.134
280.062 394.642
145.735 322.578
484.722 252.169
254.094 92.1548
403.803 85.5401
362.131 365.437
245.513 397.989
100.505 82.4133
165.844 100.952
381.55 36.4222
484.24 439.796
473.148 350.922
49.5526 117.67
497.143 308.933
226.137 333.362
153.509 183.348
201.549 416.706
249.511 260.667
231.245 444.308
119.9 44.8953
319.94 339.443
218.953 497.331
332.285 55.8864
33.1169 67.8118
28.3746 32.9459
172.638 110.282
467.899 270.575
38.9603 154.832
36.5354 241.999
244.797 48.5746
477.948 211.283
153.592 214.748
201.734 379.258
68.6035 173.334
152.191 180.24
134.527 355.049
195.621 73.6071
421.073 111.847
144.232 103.616
165.215 193.244
166.691 450.68
12.5024 442.111
60.1684 41.7874
354.763 369.121
392.385 307.811
454.99 126.122
194.293 354.038
440.98 93.3032
271.627 101.543
447.129 295.236
400.58 180.51
280.452 426.291
55.7977 359.562
198.404 32.3019
13.693 413.446
127.236 136.11
135.489 147.088
274.521 116.536
366.723 42.0968
66.2374 296.937
261.416 56.8108
331.082 194.016
358.418 337.529
266.96 303.526
352.325 47.8013
410.448 139.006
401.835 235.257
351.492 280.669
166.47 114.751
299.421 361.994
258.587 469.706
247.88 114.587
280.528 37.4208
12.8383 192.66
479.465 379.455
455.037 195.503
105.088 458.316
258.511 353.293
397.836 66.3507
215.129 216.853
258.904 437.369
135.155 377.359
387.318 395.92
96.0312 340.355
66.9631 15.9131
335.301 252.923
168.512 484.781
127.485 38.9981
307.682 392.185
173.023 431.158
365.992 150.462
335.118 32.0279
37.279 95.0556
354.977 249.303
290.78 227.694
56.3939 376.411
231.8 498.412
370.724 131.323
380.333 139.52
186.851 346.375
2.63307 277.772
342.498 299.283
442.974 40.5562
236.192 375.12
454.115 388.457
212.035 308.914
464.788 434.702
394.762 437.846
415.768 145.255
418.062 211.287
77.2606 483.165
288.625 346.546
249.417 224.272
103.601 153.835
15.3407 261.116
470.726 229.046
97.6773 39.2285
270.051 264.05
337.278 382.76
442.498 276.542
406.142 146.257
322.884 263.914
494.301 100.544
146.894 289.868
476.816 141.043
49.7069 355.94
196.977 1.88154
286.846 240.748
174.359 484.672
6.81683 382.755
452.464 292.921
473.804 255.986
233.166 119.01
314.283 122.276
359.202 467.522
294.528 214.926
236.999 207.346
100.183 455.575
293.631 232.349
314.408 424.99
211.76 373.856
57.3889 250.207
477.645 275.464
251.359 447.807
342.57 419.382
459.226 468.175
211.966 191
71.75 169.738
342.671 20.4673
117.169 329.197
35.5529 103.479
265.615 59.5448
140.231 32.8556
416.662 330.841
401.091 159.869
488.287 332.51
493.366 336.966
361.246 362.455
109.414 14.8342
282.593 231.322
91.5974 268.596
380.333 119.51
156.579 220.426
130.169 84.7905
262.5 363
84.235 415.204
431.595 389.242
415.728 234.829
224.7 483.492
451.471 406.78
363.364 267.783
399.953 129.416
217.385 457.751
280.282 119.176
417.28 359.709
46.9472 446.24
1.73988 413.28
158.963 435.244
426.657 427.355
69.5915 95.0353
488.66 282.243
404.819 401.083
81.4359 104.402
61.8493 57.9466
331.19 318.292
227.579 255.033
14.6002 367.936
365.885 328.972
286.676 334.568
408.579 377.117
195.967 98.1451
462.057 248.421
236.669 392.92
378.364 8.74465
141.328 84.6881
141.708 384.071
33.1799 126.913
98.0714 435.222
418.354 138.955
31.0478 345.625
338.804 189.414
178.371 314.842
496.441 204.43
130.416 34.0183
368.291 451.125
271.846 496.109
380.478 41.0698
438.058 298.607
422.062 73.3557
358.583 452.574
336.016 370.565
385.549 25.7441
491.958 383.181
433.671 416.383
179.947 497.622
166.22 224.802
488.179 494.634
390.861 50.9188
168.118 120.33
340.468 94.179
16.2022 188.4
73.659 238.485
80.6608 9.05222
143.646 462.701
63.5516 268.49
144.863 495.25
352.213 114.518
179.427 265.371
14.488 213.393
496.385 302.621
292.86 480.445
238.167 220.53
100.485 252.802
333.718 490.072
42.6312 195.51
93.0098 96.1454
217.903 308.858
213.817 345.094
100.152 295.468
298.101 98.5564
495.968 91.5533
433.315 394.972
181.911 147.981
413.825 166.69
417.182 21.1271
487.925 285.644
187.285 296.054
318.609 62.6876
489.543 430.056
329.565 411.439
292.994 396.657
327.67 250.69
7.39578 421.241
218.606 438.277
189.125 92.9104
225.521 205.829
107.219 413.414
286.381 35.2826
58.1921 71.3091
375.544 124.47
24.8568 53.874
491.165 76.1601
491.562 463.363
288.678 90.9717
15.2689 96.4875
167.61 80.5447
266.692 137.85
117.693 191.095
298.757 35.3052
208.59 364.732
347.481 96.3915
414.197 226.923
166.02 304.761
270.215 422.282
29.4054 450.46
127.173 69.1464
135.574 119.872
497.254 393.53
269.088 292.626
91.2474 33.8359
392.715 493.188
220.807 406.45
478.334 338.412
337.695 254.797
421.48 149.175
342.281 400.284
343.079 139.16
469.79 33.4978
121.059 328.247
108.788 148.62
265.299 337.425
125.114 490.885
216.921 290.903
283.069 70.6132
102.893 467.062
290.508 24.6935
236.663 161.163
170.289 316.607
459.772 25.1821
479.402 375.117
44.4654 230.539
29.1028 235.322
347.785 12.4466
398.938 337.05
277.853 314.748
14.16 340.17
114.457 47.475
270.938 127.196
83.5592 225.536
215.829 144.625
97.9929 345.717
169.198 347.431
390.691 5.34766
307.535 194.114
422.428 104.123
262.945 50.0914
411.02 94.7812
132.47 212.353
420.478 336.463
442.257 23.491
321.41 7.28994
2.89265 420.966
44.3903 237.196
332.462 414.978
429.755 325.973
208.39 242.466
398.356 118.469
473.697 298.924
380.892 52.1664
415.022 311.775
441.905 205.449
29.8831 496.034
224.644 130.616
47.4914 235.989
134.119 482.268
251.057 188.778
491.454 493.99
40.933 221.444
496.25 143.163
228.558 329.996
111.246 119.452
323.44 436.245
155.672 301.819
269.835 329.759
433.99 29.9452
225.751 103.959
211.229 424.273
488.382 19.7446
423.722 189.73
180.633 180.005
344.93 83.1981
182.134 202.333
293.601 318.947
83.2256 72.6408
189.977 291.139
332.319 166.683
458.248 455.411
328.731 375.3
227.687 172.296
271.395 431.251
334.788 34.6263
290.103 376.682
440.36 387.954
286.323 137.597
481.794 387.074
91.9176 273.59
215.142 359.367
283.175 346.868
57.1624 223.349
430.57 278.521
167.33 317.855
44.0278 92.3013
397.755 172.96
160.007 249.364
444.873 491.289
365.229 477.98
375.907 422.758
200.157 240.42
58.9324 198.696
110.518 337.064
457.377 66.1915
288.736 473.79
100.081 431.852
271.935 158.562
241.723 9.06235
113.566 74.4349
2.1322 113.942
218.139 14.1045
243.446 344.093
105.945 151.204
72.8785 140.151
32.0437 268.475
100.744 485.1
77.5379 330.457
66.2984 321.876
342.717 308.89
381.737 266.442
389.128 491.355
53.8437 204.788
435.273 84.8291
148.437 385.464
29.4189 178.848
390.855 459.096
295.528 415.557
369.415 86.7524
199.502 444.717
474.423 417.898
287.203 81.9247
346.476 487.407
316.585 51.9494
370.117 95.4796
12.9895 291.945
203.919 493.897
330.557 479.744
135.511 307.758
135.5 82.8104
85.7506 221.105
280.389 142.799
21.3358 296.934
413.512 299.548
267.448 436.104
273.111 437.792
496.911 175.42
375.296 466.459
243.253 324.553
104.388 494.311
1.53012 33.7504
442.98 286.701
47.4188 249.246
220.763 183.926
119.557 84.5305
431.617 22.3154
115.897 490.822
426.539 406.043
389.209 161.975
379.817 305.281
86.8423 397.766
261.111 330.975
54.0314 154.622
52.0817 116.429
296.383 449.109
162.545 254.631
138.261 311.547
10.2702 483.135
77.1806 338.425
67.8661 440.815
361.946 132.754
291.802 484.961
429.16 7.11879
137.183 407.335
76.0026 117.178
173.712 31.2764
416.681 169.747
370.368 353.518
429.08 436.406
434.01 391.574
294.059 497.718
286.855 31.2337
89.0678 219.683
408.768 149.776
343.47 205.251
59.6545 103.632
258.597 290.112
219.655 115.457
127.041 458.785
268.299 385.153
465.856 94.5102
463.23 454.902
176.454 405.44
256.194 314.039
348.807 53.067
422.198 51.3171
58.5016 176.687
148.823 286.661
332.155 299.348
263.498 202.339
80.2726 408.437
240.81 402.88
320.204 154.71
430.645 4.16317
430.939 224.867
424.982 47.6403
381.125 79.8499
436.505 93.3226
184.686 244.559
293.82 85.4878
36.7847 271.778
258.955 14.9209
268.624 198.66
431.927 286.135
164.051 394.718
244.566 141.653
419.129 475.663
146.025 209.091
383.928 51.9878
364.942 220.372
260.796 31.0451
472.491 329.748
281.869 301.361
185.503 396.738
172.602 186.167
108.424 142.389
202.287 86.3972
341.025 204.613
379.013 301.587
213.882 95.0373
412.891 389.489
343.074 358.24
182.855 253.848
147.661 44.9142
58.3061 167.401
16.1951 75.612
148.513 228.218
83.7962 208.823
458.182 380.593
473.816 72.4914
79.1382 321.866
162.836 434.914
249.64 273.203
147.626 307.801
377.139 272.08
28.3688 478.049
325.992 17.1951
28.9529 146.73
275.298 81.1031
52.6422 336.256
362.306 46.4295
305.718 469.324
51.1528 464.488
337.197 76.8778
397.961 320.114
339.341 394.841
195.989 458.988
494.139 234.708
81.5955 281.167
428.767 48.1941
174.036 276.464
378.673 352.963
104.001 414.385
53.6668 11.0047
186.522 251.232
236.884 317.773
219.836 25.842
32.9127 292.247
477.433 467.211
83.1518 241.76
493.468 353.855
184.87 405.865
214.745 152.299
187.973 155.796
334.26 170.631
393.68 479.298
363.338 105.73
214.538 367.564
435.101 475.315
308.095 139.033
189.594 463.358
171.959 469.142
110.944 401.097
312.082 381.203
70.3032 271.393
418.441 498.762
357.954 239.258
72.0435 176.859
212.908 478.583
97.4439 143.435
308.039 159.323
424.602 241.803
24.7547 12.6667
46.1328 458.95
419.165 126.037
107.58 317.011
11.1484 28.2911
484.362 388.512
467.822 341.362
224.754 269.337
217.544 76.6291
5.00243 97.13
335.681 487.5
491.527 267.759
30.1036 83.7333
100.388 414.687
131.85 228.049
366.479 94.7074
185.828 264.354
250.882 444.184
74.8361 341.197
96.2674 29.4287
494.672 245.073
31.6185 141.148
77.011 419.098
249.919 375.558
456.972 286.835
195.041 142.371
196.157 228.97
122.659 424.971
441.754 33.7457
424.462 355.542
104.498 353.546
95.3348 182.629
153.997 17.8165
79.5785 296.177
294.007 434.81
66.9826 290.501
187.527 242.921
281.581 190.648
368.032 407.796
267.344 111.307
485.037 443.13
58.2304 113.367
64.111 122.569
293.572 98.4512
350.97 227.198
323.157 274.724
374.942 97.1939
81.3519 431.701
250.644 427.759
309.841 368.096
222.581 488.365
417.464 451.673
491.955 207.215
443.704 429.141
282.251 248.723
440.196 248.998
326.375 263.522
295.924 35.3291
46.134 122.473
279.753 434.531
365.071 34.1335
299.558 475.793
310.249 353.844
465.676 72.3469
190.598 112.802
179.899 409.753
244.531 162.584
195.647 287.012
218.207 377.87
104.745 185.8
388.532 328.144
413.838 67.7415
471.455 365.295
436.2 51.586
121.467 282.642
249.264 88.1776
366.196 469.273
466.317 380.016
13.3183 305.74
54.4902 369.616
434.455 117.19
448.162 466.642
166.617 73.6251
189.393 261.391
291.218 334.49
1.25029 289.681
205.905 116.216
402.998 358.528
274.365 262.124
391.42 316.069
426.728 385.401
153.165 420.185
351.52 59.0854
102.562 197.66
362.58 78.7851
422.99 477.955
39.5669 297.179
337.19 392.454
368.862 65.9303
482.559 246.113
219.61 475.288
291.067 310.444
264.044 441.287
19.2268 163.016
134.817 172.638
75.6689 453.65
119.033 320.028
134.908 194.98
354.137 465.841
271.042 324.625
315.148 90.4125
68.1501 191.674
334.019 297.603
375.182 405.472
189.979 198.356
186.175 177.877
288.517 4.68645
1.77029 216.148
473.727 2.59994
360.562 372.736
155.015 70.6018
391.532 301.691
415.774 286.494
25.2554 332.921
293.682 261.196
441.825 69.871
440.173 301.927
207.651 66.2412
171.178 295.085
259.973 5.24226
55.2746 254.266
274.279 410.73
79.084 85.5333
213.307 24.9378
134.109 439.834
142.454 41.5031
92.8286 13.556
127.516 131.199
16.1769 317.789
49.4147 489.947
76.2646 179.784
183.23 308.417
202.225 343.482
491.923 7.04971
396.576 42.9868
445.382 126.152
89.4772 399.757
318.776 262.432
186.146 355.493
365.148 438.426
149.831 138.802
361.968 167.425
9.27496 497.587
296.366 211.53
437.208 161.158
279.888 355.859
182.741 14.0657
414.202 211.965
147.284 49.7318
173.252 76.236
74.1729 471.728
259.297 249.602
423.485 247.556
121.211 393.946
216.567 57.2454
114.395 21.2615
152.323 191.815
187.414 416.794
195.371 166.44
21.5627 151.547
132.669 424.195
188.495 203.354
33.2983 89.7559
391.795 486.52
479.083 57.3766
225.015 112.921
323.111 56.4889
491.503 99.6037
74.5646 156.296
230.446 152.198
82.8903 476.636
203.793 449.505
250.807 41.2468
88.2096 65.5788
445.811 285.086
107.281 22.973
188.773 191.565
252.168 166.097
73.3949 426.436
26.8589 165.304
67.8974 454.804
257.431 73.3605
342.434 16.4454
381.026 11.2463
299.74 309.97
424.731 305.402
263.695 147.748
105.777 338.418
49.9988 21.6712
163.682 471.103
19.4484 365.361
41.3986 231.2
243.833 21.5067
263.256 121.483
90.1498 430.669
486.222 186.123
194.802 439.095
362.304 25.9055
197.054 121.262
50.314 192.89
199.223 14.2385
328.002 288.516
494.586 65.7772
241.963 427.043
8.91872 202.977
312.355 271.061
362.765 160.7
190.933 29.5163
104.627 63.4739
54.7653 384.667
12.1165 348.367
400.637 329.968
388.935 453.353
271.068 105.876
99.5972 493.856
102.885 286.738
257.609 306.875
104.142 368.934
480.317 447.537
323.278 416.183
459.521 218.888
73.0584 398.097
483.188 273.453
321.506 267.173
240.831 203.221
248.648 338.511
395.619 455.661
333.305 439.52
42.5794 312.544
292.438 217.56
412.38 164.217
368.027 56.9371
232.355 423.265
233.798 345.26
483.655 482.106
433.644 95.558
497.954 387.93
108.451 222.399
4.73211 260.752
223.505 232.159
320.097 477.193
83.6867 447.143
42.0734 250.193
483.514 420.382
69.4866 110.487
326.04 113.137
18.5739 379.389
101.533 167.099
213.629 130.728
287.523 38.5304
429.121 404.47
122.621 52.187
465.291 108.084
313.823 389.609
322.257 24.9023
9.36497 304.646
200.328 321.582
18.1521 182.331
63.0667 118.062
263.587 84.4848
245.07 335.215
240.641 449.679
151.847 346.395
366.188 17.8136
337.479 19.9789
57.4937 61.8887
153.88 429.453
18.9854 286.644
439.539 97.5467
326.89 171.29
315.085 172.764
12.3216 298.748
385.47 66.9176
457.686 433.754
310.755 207.67
41.5449 269.869
145.665 38.9438
102.764 159.005
255.225 267.052
375.028 222.644
497.152 399.815
383.555 350.763
303.742 439.574
164.18 113.823
232.212 92.7446
468.656 287.406
186.195 319.756
313.853 458.535
370.902 30.1016
459.676 496.26
29.7567 303.016
106.57 194.25
355.275 325.178
492.339 90.6965
253.477 487.987
11.0413 217.773
107.663 493.863
454.783 191.151
224.819 225.653
480.651 25.7267
471.941 160.777
324.43 176.181
114.666 123.097
285.649 78.4703
44.2545 482.063
87.2943 276.799
466.121 240.69
361.277 422.503
171.041 397.658
446.22 336.183
198.385 88.0257
144.551 498.615
183.743 384.166
252.302 352.962
247.274 10.2738
91.1406 476.27
467 17.3087
439.991 208.369
44.7038 174.015
174.945 213.759
38.0076 385.463
127.238 463.629
373.008 48.9887
337.875 476.725
223.791 4.48733
185.565 480.167
42.5324 307.371
332.915 118.882
238.363 395.498
332.716 61.1248
375.055 360.025
381.851 43.9934
442.852 236.458
12.8113 445.358
448.108 433.248
425.409 297.611
453.8 184.027
306.914 211.574
120.911 403.663
470.939 109.525
129.685 299.514
409.228 121.61
149.605 352.706
202.278 40.6988
275.753 212.248
260.744 139.536
360.808 315.169
294.459 52.2323
300.628 68.2279
96.9546 111.28
133.273 476.555
381.933 287.441
379.04 60.5451
208.193 36.3486
111.525 263.91
191.231 2.21399
87.9427 163.612
84.4154 316.114
86.2499 20.0922
29.2201 14.2968
262.087 145.54
298.13 163.296
239.562 478.11
322.856 486.864
240.681 157.551
332.371 219.025
120.561 133.218
104.129 345.843
486.609 202.348
35.6886 277.915
155.52 402.677
326.439 240.288
145.682 245.107
425.449 264.587
267.556 33.8039
36.4492 451.941
407.927 389.398
207.861 381.777
390.755 427.435
360.239 293.678
351.16 42.5194
165.162 482.614
60.4631 407.775
184.413 279.942
273.612 24.7629
48.2622 49.1965
62.7775 408.709
303.88 348.869
104.229 203.608
496.361 86.1213
387.694 401.938
241.157 36.4691
331.996 285.15
153.759 256.045
444.226 226.852
483.152 193.204
178.779 375.905
401.944 313.84
266.094 41.4424
113.412 112.149
105.875 238.24
98.7124 73.5183
133.205 163.008
255.042 328.028
292.627 449.375
448.914 251.921
296.617 38.9907
376.291 379.358
358.131 432.099
22.8618 334.367
386.796 251.194
311.401 246.85
9.72449 31.9997
102.593 126.612
129.811 122.561
226.967 243.551
241.959 480.071
476.028 304.069
342.894 302.424
139.51 342.699
32.2904 119.504
443.062 144.692
181.583 198.409
284.649 401.186
113.496 228.498
444.725 423.434
404.632 263.032
184.675 171.768
301.891 404.945
302.547 435.098
383.875 79.8005
46.8756 45.2214
85.8598 116.963
45.3672 425.848
7.5736 339.899
402.175 107.344
101.863 397.715
70.7497 320.335
394.447 472.61
53.3994 304.938
401.323 32.3822
372.648 497.93
317.684 392.937
107.634 12.3504
475.311 426.701
152.853 457.732
336.192 440.916
92.2468 224.471
245.673 74.1898
113.048 260.251
209.872 496.069
96.0698 135.116
71.5777 260.68
347.852 395.048
294.482 243.985
337.137 410.186
230.84 272.476
210.159 240.257
321.14 13.2462
155.448 30.102
368.481 459.155
341.453 113.309
268.096 211.09
476.512 402.26
145.364 391.136
240.208 377.989
263.136 268.219
386.074 165.29
449.594 453.749
257.113 119.321
152.122 299.238
343.104 323.815
372.13 458.187
491.822 248.637
127.869 144.207
486.151 255.356
279.483 194.851
129.575 25.1532
18.7392 78.088
76.9239 142.952
403.627 59.6065
495.659 426.864
62.6516 21.8523
94.189 311.618
296.892 332.231
249.507 98.1883
412.438 90.8881
326.251 393.057
497.959 79.8936
345.17 300.596
21.6776 414.939
260.836 22.096
253.199 288.146
20.61 483.395
301.202 448.873
229.37 460.941
45.1053 106.891
421.736 234.642
32.6287 432.419
185.024 15.8022
336.798 396.542
233.308 354.612
288.021 170.528
489.48 320.584
156.179 199.07
438.636 183.552
149.8 464.955
136.231 211.164
277.813 311.647
76.984 335.04
169.737 414.787
82.254 367.782
45.1252 213.058
123.142 110.36
45.9964 370.417
4.55685 66.072
133.679 197.589
229.741 168.193
448.098 342.773
99.8203 104.56
272.719 448.83
197.541 419.391
293.986 192.806
211.879 407.459
470.505 256.07
71.9402 247.425
487.662 6.38128
50.9287 120.326
376.325 265.364
303.234 29.0636
194.084 482.483
390.636 65.4342
318.24 412.869
466.507 204.838
200.404 42.7841
178.232 43.505
406.611 484.269
424.358 180.219
57.7464 374.194
275.303 385.188
414.782 18.8139
167.187 403.144
484.908 301.297
344.72 14.072
368.176 355.398
28.7431 273.23
462.35 399.991
127.635 267.316
386.195 432.606
114.091 247.935
315.217 55.0642
475.696 29.2718
246.515 180.775
330.233 493.819
94.7986 401.396
48.9711 372.316
347.526 456.854
459.047 411.242
224.411 67.01
480.311 300.275
250.723 292.796
408.654 324.042
395.941 192.617
53.5751 480.189
214.205 414.888
497.003 451.655
203.822 254.316
137.711 250.309
250.923 331.738
279.8 329.526
22.7297 465.598
114.53 25.4568
222.236 435.652
368.106 158.692
268.801 401.478
267.059 474.476
240.763 431.564
158.438 32.6532
72.9855 365.237
106.614 28.1313
271.332 417.152
72.6424 493.597
305.61 115.725
274.94 330.246
160.242 296.833
187.654 77.3663
399.904 135.065
352.234 318.802
213.461 304.288
307.382 490.921
88.9967 393.207
350.215 449.176
228.602 196.709
181.065 283.33
365.661 399.345
471.85 51.0997
389.248 89.6259
195.67 203.155
7.53514 484.433
161.216 246.39
394.395 367.609
130.351 450.177
310.551 199.632
206.074 306.309
427.497 247.913
199.366 260.168
121.735 418.286
490.313 240.626
145.81 232.504
11.5732 175.192
467.82 284.588
201.337 163.014
259.553 175.679
320.398 91.1699
219.167 215.167
347.759 146.665
54.7468 340.823
342.583 239.433
77.6326 396.668
413.323 62.1181
417.99 253.055
240.261 251.662
455.463 466.318
273.931 319.168
223.86 273.95
359.388 172.666
93.5745 414.221
175.307 149.774
247.811 133.766
413.82 331.084
222.129 225.999
376.412 78.8069
192.827 252.823
450.024 323.818
137.905 336.895
274.454 475.436
351.086 333.81
62.4496 139.231
443.276 36.2415
373.751 344.265
450.064 71.8872
468.939 159.906
463.068 341.295
292.619 196.093
93.148 188.389
464.305 180.976
471.036 439.861
412.544 386.466
146.92 429.477
36.8924 225.627
93.5696 249.71
14.2231 435.076
204.672 244.813
372.595 227.118
349.288 118.503
60.6713 77.0895
492.281 161.808
34.0994 168.479
78.0056 5.77812
434.747 235.208
37.9813 325.845
133.464 108.569
149.953 380.602
264.559 141.749
482.148 62.5737
189.165 422.742
305.628 82.7922
448.309 485.324
266.355 209.148
87.121 265.889
161.029 176.607
369.005 175.733
117.334 374.258
388.475 498.277
105.836 292.622
362.43 115.832
92.0321 70.0429
197.372 194.135
66.849 182.45
207.885 411.117
86.47 432.104
48.1583 412.714
220.52 137.607
139.761 242.39
177.93 451.549
271.171 242.868
28.2023 435.363
345.806 313.16
164.102 174.392
311.294 286.533
429.552 205.343
393.479 11.3635
77.2342 92.2496
71.6946 367.902
184.742 339.718
159.066 144.675
439.973 178.218
92.0191 409.619
391.558 174.035
387.33 404.636
62.0472 431.005
180.501 171.83
105.281 245.737
364.361 226.553
112.809 54.8629
356.853 319.531
270.711 96.4019
428.28 441.055
208.758 191.98
80.4156 246.3
357.262 377.13
172.075 158.999
81.2514 265.866
259.672 263.567
60.8406 280.321
135.787 442.389
272.002 374.711
378.264 198.751
439.027 140.417
47.0854 167.778
140.445 135.946
46.8531 239.233
378.687 390.375
265.319 367.522
121.425 146.202
301.202 57.2805
85.8434 410.219
219.046 381.543
51.6497 421.827
276.028 206.788
430.829 345.249
337.706 128.688
195.056 258.085
403.203 67.1988
155.525 331.083
242.261 300.108
119.813 254.63
201.388 401.51
454.473 321.934
330.313 427.779
286.949 303.881
395.9 383.479
73.3842 356.122
36.5303 60.3202
229.029 105.484
79.9593 306.932
105.534 283.617
372.912 487.142
333.073 461.339
108.279 275.364
481.34 430.909
88.4893 383.142
177.367 40.0752
410.409 450.99
18.9983 120.473
243.621 315.886
349.953 72.6772
362.767 237.347
13.743 53.2524
300.453 10.8712
325.626 340.759
317.012 436.657
117.177 228.741
420.677 120.131
93.7126 24.083
418.319 286.592
141.533 93.6334
315.039 407.474
7.50275 325.874
152.523 382.546
411.282 115.029
473.544 492.888
459.418 480.94
171.246 465.385
363.225 5.63116
424.792 250.464
46.9538 363.913
221.874 316.617
230.325 417.717
325.568 67.491
259.216 318.261
94.6679 199.639
368.724 166.895
382.249 92.783
8.54592 350.926
176.212 231.338
454.596 131.682
72.3286 92.8477
39.3887 256.823
1.3321 487.643
121.325 169.384
40.5118 432.777
86.5828 174.466
354.151 76.0238
497.605 220.109
468.097 14.9145
137.181 319.233
367.102 308.226
195.568 13.9947
355.38 470.185
417.135 123.109
288.42 390.511
378.516 449.162
298.637 356.002
401.575 199.737
75.7809 327.131
56.4716 342.948
459.298 69.8199
447.407 137.469
128.303 200.443
435.858 323.893
494.311 19.5093
234.101 335.634
19.2092 387.219
305.684 372.419
94.2521 66.7916
151.46 294.381
384.563 187.981
478.94 47.6093
388.797 440.27
95.7515 355.001
462.468 321.404
274.467 244.749
63.5716 126.083
84.3748 268.557
364.24 377.683
494.853 297.996
487.454 211.244
122.494 77.6675
81.7318 426.123
199.747 431.186
19.6508 257.701
14.2308 273.067
332.921 231.81
266.126 47.3911
448.96 202.408
438.726 484.523
180.558 407.101
52.3335 355.185
95.7891 423.349
352.944 17.0166
265.562 363.498
239.233 180.582
1.85758 271.944
464.54 357.537
211.719 258.93
368.846 71.6868
331.159 446.176
198.043 51.804
364.722 56.7607
446.156 113.163
211.341 454.612
54.0133 5.11633
425.87 9.11494
353.094 392.88
257.623 174.064
16.635 218.004
136.171 200.415
494.064 408.993
147.216 230.397
262.5 475.892
107.104 118.126
497.207 472.951
255.087 214.118
94.8257 475.483
440.064 50.2814
405.865 195.59
483.706 96.6111
247.052 43.3241
54.2845 188.416
69.6862 255.443
119.885 160.491
255.058 162.791
120.409 232.969
449.15 35.6674
490.091 72.3184
447.403 48.1507
123.921 172.885
153.477 461.798
377.712 296.544
376.48 290.18
238.499 94.9341
61.1371 120.382
457.46 175.61
395.924 143.403
207.876 268.872
285.456 353.198
271.186 363.528
362.672 8.51101
465.86 464.468
490.686 407.384
157.532 94.0291
454.985 426.217
215.657 139.871
174.691 73.4775
54.4145 409.495
199.945 185.526
395.788 346.022
4.30094 23.4615
212.456 39.6379
404.879 467.213
362.948 59.6235
317.859 456.011
448.297 329.865
432.847 58.5546
139.639 265.01
256.347 335.287
26.937 142.832
42.6988 276.532
458.835 265.178
91.2202 75.8686
132.507 275.595
469.944 338.065
160.773 384.303
445.557 468.825
326.787 497.369
81.9048 107.268
497.003 354.87
485.43 322.937
184.249 47.3823
6.1915 254.184
119.142 197.038
176.61 289.379
193.924 413.748
320.193 126.4
66.811 35.2916
448.915 353.129
114.894 391.432
273.324 47.6591
432.587 383.948
353.211 196.069
348.378 317.759
66.9688 11.6745
115.322 173.386
416.127 308.626
315.58 210.432
448.553 311.558
315.673 144.284
408.598 85.2987
252.348 422.756
124.713 321.867
439.406 458.006
165.451 268.986
225.932 445.84
462.487 23.0748
277.966 210.1
245.458 380.357
60.4863 79.6765
267.217 248.01
483.468 78.1725
7.93354 402.79
366.534 378.745
337.284 278.289
88.997 114.714
113.425 225.067
69.9064 43.7993
69.4636 47.0601
203.88 276.163
290.721 381.996
459.715 201.884
224.957 326.393
253.211 60.5457
125.165 479.423
12.5368 362.072
432.418 186.23
204.83 403.053
47.7389 230.787
222.128 178.922
366.854 254.936
318.421 396.902
109.909 48.3486
423.868 185.261
122.631 103.084
18.9353 440.897
113.482 414.333
415.426 490.281
154.162 494.964
361.811 213.742
73.7003 49.1089
135.392 207.427
329.592 390.788
225.506 440.579
190.913 69.56
34.7205 436.61
175.029 305.426
303.82 126.284
477.719 407.304
183.806 134.655
249.291 16.0289
211.328 236.638
359.982 41.6211
226.17 330.857
342.574 464.556
182.981 195.919
246.469 164.499
440.051 195.796
176.376 48.7451
239.597 386.895
75.4603 439.03
271.88 248.496
471.731 193.574
223.473 94.2895
59.1406 156.297
408.498 340.572
38.2338 210.566
351.064 77.3486
357.776 410.73
389.148 448.041
325.592 465.927
206.84 314.074
100.808 145.341
265.129 410.61
64.1361 303.918
488.809 123.036
369.967 288.973
99.6964 357.241
360.32 251.02
194.868 57.2168
68.2797 448.879
31.9449 380.261
94.8519 45.8137
162.408 313.698
366.364 247.559
137.307 392.914
85.4282 111.359
265.219 95.0851
100.64 71.7676
58.813 417.715
190.243 214.073
38.0411 405.466
339.234 486.919
141.212 487.24
312.67 204.73
235.451 100.384
70.6555 442.46
2.19966 39.1803
58.6576 328.914
173.658 342.646
70.0509 215.964
464.735 5.83925
357.674 8.64522
256.408 429.797
447.053 37.1765
335.122 262.667
42.7475 71.7306
207.161 398.815
355.278 454.078
111.291 235.353
32.2689 51.4864
8.93708 4.86637
65.5852 84.2184
325.22 220.001
185.5 427.853
248.102 320.878
99.2702 469.269
87.3759 41.3248
437.197 34.1738
318.666 179.976
11.4069 344.674
402.893 390.009
369.137 138.232
453.146 205.252
203.589 127.509
302.676 492.169
13.7512 279.697
350.235 82.4138
481.143 163.645
33.3431 482.741
37.5233 2.19269
298.896 20.3702
268.69 46.0878
206.164 12.2688
367.277 74.1955
289.89 259.403
383.789 138.172
399.803 240.249
123.095 232.315
119.681 459.406
142.122 161.235
464.919 121.7
14.7845 406.992
360.17 340.484
220.237 361.067
78.1248 182.098
296.113 372.649
218.326 390.294
232.186 228.481
186.241 293.79
290.232 392.69
147.263 66.8229
105.637 89.4531
69.9498 61.0942
196.23 33.7465
93.9015 185.892
467.144 104.488
330.508 147.013
246.973 318.155
340.033 383.449
136.864 344.804
177.065 429.046
439.963 105.503
74.4814 370.696
58.2761 430.428
172.387 137.846
228.258 367.053
427.838 486.129
345.607 193.588
399.071 96.5662
129.4 376.755
392.354 147.395
218.279 45.853
410.584 109.123
450.497 271.798
433.48 284.216
227.082 221.484
227.786 4.61008
277.747 184.571
173.929 66.3673
333.416 355.233
44.4214 469.57
407.723 355.908
102.251 491.485
472.967 167.753
307.442 324.343
244.243 28.7585
169.089 39.6723
90.82 63.7604
258.28 182.627
113.318 130.53
211.375 231.352
407.087 33.4545
203.86 208.245
245.549 23.4241
170.516 23.3672
210.163 78.533
276.575 181.732
156.795 324.03
352.042 269.316
430.855 454.851
332.526 282.391
484.978 336.797
111.06 388.582
299.778 291.347
466.095 351.922
58.3009 204.359
62.079 487.405
422.451 351.329
217.301 356.826
7.6814 84.7599
136.491 144.732
470.242 62.4054
213.222 29.1354
267.495 151.556
143.447 71.7728
270.046 224.458
309.345 254.743
83.2335 468.414
348.005 275.81
322.121 115.937
227.598 393.589
408.086 299.572
277.452 326.64
151.274 37.7113
136.542 374.29
13.0603 323.419
303.637 460.539
137.674 205.813
297.541 395.645
307.059 258.267
25.8219 394.585
394.966 276.796
401.975 64.1814
442.551 371.314
492.147 498.492
386.589 450.107
285.423 463.474
311.086 486.629
198.788 280.996
491.021 253.915
32.8902 30.2837
257.139 64.9802
11.0887 24.4656
303.796 483.185
34.9132 256.667
385.253 156.881
455.303 238.804
186.735 452.83
208.485 150.282
490.056 305.315
424.573 83.7627
265.694 348.417
226.955 294.69
282.81 294.981
152.482 5.77439
334.777 333.055
460.22 488.299
457.626 153.402
382.964 48.7719
58.2888 314.967
436.154 328.911
63.3249 174.239
21.4366 128.933
132.624 242.698
482.69 446.818
462.079 154.83
128.638 244.885
1.82378 169.472
217.935 182.904
78.1735 228.112
35.2042 97.7933
238.627 312.032
377.768 263.102
109.508 75.2107
42.482 350.116
17.6071 330.267
9.90361 342.201
203.234 306.072
242.671 138.548
234.192 95.03
257.651 358.764
161.393 95.1388
131.527 22.8117
250.126 38.4709
263.558 30.9897
208.197 370.73
343.227 3.93726
196.688 62.8841
396.672 33.8962
94.8095 347.551
78.2748 118.564
202.271 195.633
237.541 268.371
10.85 195.144
349.588 213.158
141.794 302.047
479.595 143.096
60.7291 446.446
287.471 44.1756
248.038 387.795
482.958 220.51
263.024 369.045
270.9 485.926
178.674 412.754
136.228 102.508
266.554 487.992
304.929 39.1529
447.437 58.8462
49.31 455.354
51.0473 328.542
281.87 446.935
64.5046 404.884
445.177 327.635
225.73 117.363
41.5607 475.668
76.2516 347.568
307.362 225.432
132.139 405.648
478.491 88.7126
229.009 224.707
90.3019 387.25
157.195 178.976
378.881 45.0411
28.5309 352.756
180.361 108.932
428.598 208.203
233.704 266.996
477.767 347.349
371.2 37.0215
345.529 76.8193
353.603 119.8
37.4338 223.111
14.7843 471.164
486.466 392.599
156.09 110.692
454.416 261.691
241.698 360.951
328.712 79.4244
414.846 436.577
232.389 202.199
74.9904 171.188
188.471 362.01
496.414 155.749
215.365 242.659
36.0143 208.015
326.894 428.613
361.014 158.547
110.934 132.689
469.064 187.831
376.487 498.483
260.437 359.891
138.68 115.787
3.37983 104.954
407.973 156.114
245.209 467.185
149.548 487.072
225.687 411.939
336.341 197.328
483.281 414.281
125.514 393.992
108.311 445.905
308.389 485.004
276.636 393.208
314.915 115.381
122.218 197.701
52.7143 443.813
141.792 147.782
414.362 72.356
222.492 17.1942
296.573 443.285
369.005 274.657
429.28 141.046
287.663 67.5801
147.137 365.404
299.437 483.693
325.597 444.653
178.134 110.238
59.6531 50.9637
378.002 248.782
342.595 23.4914
38.2694 434.574
286.831 148.4
18.8996 353.975
298.922 393.296
140.796 271.724
173.602 315.741
21.6846 222.332
364.264 349.788
406.018 434.294
316.952 58.4777
399.027 25.8738
396.766 13.1603
255.664 461.504
212.319 328.179
25.6966 7.6941
477.971 195.636
105.653 446.602
339.885 249.139
471.254 151.789
86.5814 91.4202
474.036 227.047
26.0273 443.683
395.061 493.982
275.933 240.503
404.092 166.775
81.9885 97.5506
340.788 168.239
349.592 244.144
327.777 255.616
200.289 38.4805
424.025 313.209
185.961 22.7643
241.062 43.3733
236.428 351.659
361.88 395.299
290.946 153.482
419.902 390.989
48.9744 207.431
170.297 220.573
231.717 109.282
161.008 449.008
228.107 498.572
167.638 335.499
93.7429 80.225
446.083 8.56117
105.715 498.444
30.6101 412.604
482.099 196.806
3.02335 4.27286
364.274 373.504
193.155 395.817
442.664 88.4658
335.545 269.708
291.043 413.282
46.9487 375.264
307.892 162.477
311.057 53.576
392.099 320.856
179.381 490.336
109.753 279.606
334.179 352.191
140.374 434.851
178.892 36.5438
320.567 233.602
186.829 123.119
444.799 23.4781
437.201 464.978
92.2592 498.283
159.532 266.715
361.994 99.7165
162.623 338.498
279.197 439.597
268.048 468.288
24.0439 406.733
322.85 420.788
184.466 464.414
373.266 304.723
422.022 31.3542
354.261 280.792
455.258 181.496
169.484 333.196
427.916 240.2
419.526 433.146
359.052 100.51
433.704 402.648
278.494 305.824
132.441 303.356
377.125 210.379
238.538 325.524
3.71472 282.713
142.364 5.47225
459.485 133.648
225.214 189.277
281.343 410.674
23.3663 371.9
368.942 310.381
175.241 190.017
273.449 302.426
303.358 265.237
42.1792 42.387
423.186 302.178
324.589 61.8438
325.24 187.018
215.747 363.249
129.429 190.524
39.4142 72.7498
242.215 181.21
116.084 422.347
38.169 488.863
389.623 200.428
171.133 358.144
278.5 127.462
286.838 316.441
130.809 134.717
195.634 454.186
7.82985 319.831
279.348 473.462
237.06 87.898
57.1162 488.154
337.593 165.097
449.444 101.528
101.081 55.5067
381.528 491.796
124.609 269.55
113.552 101.098
366.842 37.2358
232.941 24.2375
45.5764 196.774
250.035 73.8754
461.194 210.834
106.455 486.064
284.174 336.331
155.169 154.568
425.405 345.946
353.875 450.589
449.144 317.988
471.271 17.8487
263.247 338.811
421.792 6.46311
114.337 342.418
365.568 229.645
237.669 406.444
56.5908 401.419
81.4508 261.137
373.173 427.108
16.3809 142.402
245.419 52.9831
65.2995 436.412
306.466 175.416
480.39 122.357
120.071 377.06
46.1875 498.284
311.345 42.4651
400.36 148.024
316.456 318.766
498.543 343.775
485.079 283.464
81.1734 348.142
239.529 154.93
203.411 351.016
27.6675 95.2695
61.3769 222.247
439.8 43.4001
216.822 157.139
216.609 236.897
448.677 407.564
302.232 110.406
494.146 183.947
401.115 230.493
184.79 286.536
136.24 478.037
289.517 19.6878
307.588 386.16
293.468 400.501
497.962 313.454
201.946 363.744
16.886 35.2993
92.2048 78.2874
254.018 331.509
117.715 311.043
296.705 363.317
303.74 119.077
260.758 161.422
28.5254 102.917
202.96 122.079
343.837 292.492
196.406 80.2485
68.1799 72.0139
203.743 373.102
207.746 215.175
481.125 236.455
94.0937 166.489
213.515 388.436
130.087 126.59
152.785 110.423
462.298 380.001
453.692 102.993
7.3681 45.7349
486.327 41.1795
132.086 111.976
439.902 392.352
231.583 80.5647
41.2661 284.681
173.581 196.789
221.378 119.233
127.581 58.1296
162.199 426.306
171.31 80.781
204.56 361.231
371.667 444.283
199.424 264.296
120.286 277.106
251.561 321.949
73.3995 416.246
135.056 141.679
388.839 56.6982
430.721 490.097
406.315 179.332
356.876 157.005
130.861 398.532
85.0654 331.309
322.275 352.307
327.444 13.4101
469.95 58.1837
20.5352 238.192
222.596 453.394
60.3583 395.266
107.335 37.049
209.468 322.127
237.503 124.222
311.629 385.929
167.208 432.799
321.831 405.515
447.602 18.7356
452.817 421.597
321.907 136.112
131.196 151.071
77.067 193.913
136.302 433.826
317.118 276.496
453.034 66.0175
26.8602 46.905
134.367 344.118
425.405 204.093
87.8879 51.6755
493.142 457.4
444.772 463.82
182.428 378.022
118.51 369.131
56.8349 415.921
299.118 351.112
417.315 454.209
175.313 356.433
229.017 467.54
205.744 210.653
257.341 168.687
129.91 219.254
168.048 389.843
171.887 3.64716
360.757 20.6734
369.6 21.029
274.708 434.236
474.87 474.092
51.3515 406.272
74.626 206.563
306.914 413.522
318.1 250.11
391.302 387.492
476.849 192.13
417.78 247.266
320.46 303.535
352.249 380.942
74.9134 40.6161
68.939 167.814
136.802 367.025
109.737 181.158
273.873 156.617
274.269 178.342
322.26 471.152
468.046 109.886
354.014 345.982
298.552 213.864
495.529 104.758
478.379 189.381
43.4919 53.3841
459.772 148.192
75.1929 29.4211
428.401 169.913
25.0991 215.727
370 387.985
189.485 58.5135
273.409 403.577
124.472 430.93
76.6432 260.301
140.222 290.189
430.779 283.58
305.42 318.533
172.345 84.96
332.916 365.727
495.391 12.8535
122.142 220.867
64.0504 151.826
482.132 9.12428
223.002 243.582
451.512 228.105
196.87 250.793
247.029 439.186
223.28 358.148
25.8367 226.179
46.8936 42.6752
94.4248 276.996
378.537 374.067
384.83 299.645
8.7739 92.8782
207.802 140.939
372.222 385.327
287.5 226.682
431.848 177.148
243.662 89.0907
367.358 211.576
122.893 332.027
83.9841 379.199
38.8458 235.547
28.1134 364.653
361.641 466.87
192.428 462.244
256.005 344.351
305.796 402.165
162.721 369.571
292.81 61.3562
110.281 197.259
457.156 388.207
37.4411 84.181
271.413 41.5726
1.51381 127.834
138.809 358.49
174.535 264.782
187.297 258.971
100.281 365.284
43.2495 121.045
337.402 320.294
356.725 18.0095
493.86 250.652
304.797 455.496
385.165 356.793
312.099 421.791
468.366 191.266
37.8195 303.824
31.346 160.099
134.002 42.6624
326.032 383.745
472.438 260.345
135.072 431.337
420.383 444.835
201.177 124.354
426.543 50.6255
113.513 184.316
312.167 329.634
124.476 207.335
472.14 411.925
474.154 60.7553
295.011 491.617
358.623 408.268
364.149 368.144
75.5533 216.499
56.8793 307.547
221.472 492.954
299.748 432.318
217.161 447.521
284.627 176.512
429.784 101.025
245.213 66.1367
280.868 213.913
90.5853 217.039
178.326 485.595
483.619 287.696
399.905 152.029
356.105 214.061
488.198 408.489
225.595 47.5435
117.336 50.4099
258.63 311.941
258.183 425.894
53.9874 491.46
356.914 31.9251
376.306 137.316
441.235 133.73
127.029 407.532
312.702 480.228
376.718 69.7757
305.467 32.9931
247.221 78.2368
474.862 135.155
396.115 482.245
152.182 55.4716
142.255 345.179
335.861 180.023
2.00717 328.418
178.791 398.552
121.536 370.147
142.666 118.96
58.2398 440.83
84.7595 143.076
344.068 108.236
487.96 436.786
99.1258 444.279
180.64 79.291
233.941 263.088
245.075 383.683
374.313 7.23719
305.691 104.146
61.9472 277.739
341.761 469.58
389.971 444.472
65.368 59.8506
318.944 116.857
37.1289 291.888
340.899 481.743
234.338 332.142
129.983 323.787
185.629 189.144
200.915 19.2619
402.935 185.028
66.6974 140.288
263.612 381.971
40.3591 330.223
386.508 13.0975
467.651 166.187
280.422 406.127
197.815 7.94189
241.838 484.782
375.128 385.885
475.777 482.045
366.953 472.837
32.4248 203.701
487.557 76.2699
216.944 110.278
154.389 376.325
251.836 349.689
426.368 103.071
35.9875 388.906
395.58 109.996
134.453 253.974
304.305 366.111
365.42 420.445
237.74 398.957
112.122 59.191
119.947 217.896
94.6347 214.799
445.075 63.2366
320.189 430.83
34.477 447.588
61.0049 205.232
274.859 165.983
465.262 191.446
220.633 298.466
261.625 134.225
55.3658 269.562
261.78 355.823
351.939 338.382
487.053 80.5196
126.303 319.918
308.967 37.2175
330.714 347.046
213.797 403.474
30.8321 476.391
331.536 451.869
410.511 100.935
298.603 92.0984
39.8369 226.34
266.119 63.4077
133.472 320.863
70.7568 467.731
497.228 481.853
151.579 405.204
398.344 88.459
407.035 285.412
67.9639 153.788
238.34 79.2767
89.4194 348.653
328.759 325.771
1.25215 60.7831
412.142 33.6423
31.6988 265.1
400.295 459.16
248.245 310.775
117.585 141.684
394.869 101.635
410.744 457.226
261.115 225.285
225.344 262.859
315.806 433.951
26.4593 464.544
181.95 441.04
497.558 357.916
401.118 370.711
343.55 405.276
96.0871 410.719
349.728 39.011
424.289 421.345
234.018 144.313
84.9189 211.218
450.159 348.378
152.926 385.733
290.319 287.922
323.373 216.207
207.105 99.728
469.881 105.55
173.37 346.261
337.042 218.692
26.5069 118.975
197.914 411.985
205.464 217.266
85.3222 64.3426
376.394 197.022
273.804 77.4688
262.744 272.472
15.8876 119.922
39.8797 374.767
390.891 379.671
361.043 400.589
133.822 16.2614
217.044 420.828
339.119 78.9062
311.83 391.975
309.815 489.386
110.911 94.2859
66.1521 111.376
259.796 214.493
434.627 308.364
84.8811 359.458
444.507 131.035
393.641 113.75
239.885 81.9332
416.515 68.2596
49.6871 279.337
184.692 350.447
495.797 379.607
20.6468 86.3543
457.999 402.685
284.519 449.021
142.591 19.2828
30.8664 488.675
311.626 332.7
351.677 322.53
55.9899 211.881
222.198 106.182
427.503 235.91
261.525 464.06
196.993 404.818
498.152 327.023
64.9511 332.186
185.87 290.471
145.561 175.601
207.351 201.501
149.689 103.207
49.021 297.553
102.056 233.072
232.027 465.964
431.544 195.285
424.735 362.346
220.124 49.1083
87.3748 95.9035
234.471 453.859
296.678 69.5389
105.733 333.182
90.842 313.747
132.985 222.375
435.732 232.755
258.077 68.2438
325.052 285.555
118.528 148.771
409.29 369.025
193.213 250.316
132.879 208.196
485.5 92.0426
77.417 412.559
175.461 426.57
379.179 287.33
344.641 95.2676
123.181 492.597
202.995 198.906
213.654 85.7788
144.685 400.254
293.728 252.375
73.2713 327.214
194.552 233.409
430.663 64.8921
52.1601 371.957
150.567 443.793
206.708 440.504
364.584 344.299
260.285 200.026
222.352 285.656
415.515 85.5051
211.378 213.607
362.883 123.818
247.867 119.998
436.524 444.742
330.946 173.034
135.605 92.5297
77.0353 214.363
492.068 116.988
145.623 159.784
145.643 283.547
265.362 402.259
91.1116 407.183
213.122 222.425
386.521 1.61163
491.367 31.2585
469.787 8.24417
190.021 39.8599
427.754 361.914
323.381 28.7456
302.157 427.98
95.2859 344.207
373.188 253.72
21.0749 248.902
399.926 54.5571
151.671 275.075
146.183 411.991
225.216 383.677
60.3306 187.611
316.793 147.758
405.133 53.6085
17.9407 21.9742
219.812 330.666
41.7884 178.554
308.608 381.491
244.744 124.915
497.085 271.733
458.591 18.3101
463.659 486.031
187.688 118.739
204.976 131.958
339.526 195.127
461.579 411.238
343.878 168.015
380.272 294.986
441.238 102.424
132.907 81.0638
73.1244 189.777
312.797 105.404
69.44 408.531
272.364 20.6451
345.017 225.313
111.276 285.052
389.853 166.26
365.891 321.366
254.283 444.225
87.2664 38.1279
202.262 130.458
215.253 494.252
399.567 286.898
242.495 337.408
32.97 171.717
460.58 329.587
183.94 394.014
224.86 346.32
173.508 482.041
117.206 91.0718
138.453 382.3
53.0679 80.6332
343.055 425.44
234.414 251.738
264.53 344.176
180.946 37.9629
88.2884 111.188
358.089 387.671
373.881 23.1143
169.665 195.485
242.808 245.556
248.814 364.513
248.7 421.215
280.064 245.543
146.973 486.894
175.075 384.526
227.029 453.969
379.839 381.397
339.239 342.144
179.163 98.4397
167.221 331.179
135.033 215.311
459.715 163.843
241.726 150.13
32.7517 440.199
42.4761 211.179
429.028 28.4482
342.367 409.84
398.508 112.871
298.353 261.915
256.484 89.7
100.957 155.014
383.705 428.872
264.363 77.9679
107.515 86.7987
155.554 134.376
88.0548 363.615
93.2199 430.623
392.824 71.9279
263.29 304.064
465.687 291.232
478.204 62.3713
100.287 261.692
139.537 142.649
7.649 191.565
283.515 287.326
292.368 67.036
33.9305 345.557
341.461 208.674
309.997 358.847
430.669 79.0314
255 289.909
90.694 159.499
164.317 263.518
270.783 317.984
126.667 386.179
478.566 76.8194
3.79033 81.0617
311.448 167.169
202.156 137.7
76.7723 225.28
15.9437 202.546
41.5792 93.2965
443.776 155.229
87.4945 104.289
380.751 165.326
66.1576 426.185
230.744 260.366
127.29 449.655
486.649 346.988
307.539 16.3166
392.939 132.6
484.025 172.463
377.834 201.735
391.087 99.9726
214.106 238.378
425.549 277.637
231.064 364.105
226.875 364.657
404.168 250.093
293.671 167.56
5.19782 375.022
396.921 22.5473
108.251 471.456
60.9308 84.748
222.324 202.644
79.0859 178.254
12.5008 336.681
225.146 84.5338
191.672 237.899
120.781 257.462
449.058 175.436
354.292 306.014
208.714 480.634
139.826 58.5416
209.688 98.7722
428.404 144.415
318.043 25.1712
189.609 303.325
357.587 344.319
240.438 417.628
136.044 471.808
94.3562 11.547
370.666 110.084
195.937 477.088
300.722 396.341
24.3369 355.72
496.29 364.473
83.543 471.736
286.15 395.409
428.15 282.175
422.842 469.069
393.568 58.8607
280.233 454.769
263.97 312.802
235.602 149.385
129.588 305.243
260.727 497.112
95.8683 188.199
280.282 260.107
236.677 20.2374
489.389 150.129
397.515 15.5641
455.159 406.881
402.416 169.516
447.437 345.999
106.566 462.128
135.634 459.485
232.477 225.593
429.777 407.461
257.398 222.725
141.548 417.254
143.395 47.9493
154.977 107.245
413.416 245.096
297.844 283.077
347.41 211.578
1.67171 293.058
388.54 254.697
322.935 477.593
420.776 358.111
310.338 148.367
404.503 415.219
58.6618 119.4
166.305 260.861
313.475 26.0866
327.069 30.3505
487.095 148.862
362.115 91.6632
15.4632 222.744
337.11 171.997
28.9481 258.5
232.927 246.309
161.273 45.1221
287.034 399.223
13.701 126.025
32.914 41.4242
415.304 471.487
293.944 442.464
204.675 322.77
57.2086 331.392
120.002 20.1871
90.8488 39.9841
308.891 13.5871
319.852 391.486
366.454 123.277
363.711 404.993
209.79 180.589
389.25 48.2202
1.42846 159.907
313.727 258.111
189.063 313.351
450.499 107.833
290.456 471.718
303.849 52.2407
430.615 468.518
251.852 146.244
239.135 457.686
318.141 368.982
371.917 278.755
304.524 143.861
24.2302 302.072
368.617 306.038
276 128.858
390.788 295.287
285.827 445.383
293.39 9.74923
322.005 69.1572
80.1202 218.399
128.702 113.109
142.222 249.907
439.714 409.783
387.745 243.943
336.598 103.116
220.745 388.883
473.363 295.278
451.892 244.79
157.659 16.4586
428.133 147.876
352.112 263.597
465.34 420.064
482.812 454.038
4.97923 334.59
328.213 88.3024
29.1374 183.165
209.557 85.8716
290.869 456.911
165.261 153.542
257.553 146.176
449.14 170.731
77.1575 114.682
344.928 365.943
155.865 52.8818
81.1757 413.043
457.689 214.753
263.937 182.666
7.24538 280.662
449.09 442.628
68.0154 258.562
455.368 164.056
158.166 238.24
358.248 151.472
29.5742 329.119
122.118 474.218
320.215 192.979
66.0361 391.841
249.459 306.273
457.236 207.579
237.217 368.533
231.037 293.25
217.747 340.399
226.325 33.5954
494.245 423.627
192.527 192.111
141.901 315.56
106.778 19.9267
415.604 487.64
270.015 267.172
471.231 369.961
65.0317 177.721
442.886 185.942
89.8985 280.183
311.742 2.59197
262.167 95.4533
194.939 417.038
451.864 451.598
394.655 447.716
478.31 95.564
43.277 25.5768
211.571 380.887
470.262 101.903
385.343 402.914
254.778 207.042
335.717 82.6236
286.198 59.503
478.765 430.639
236.648 322.706
227.198 275.952
453.931 282.614
165.269 234.372
126.196 295.323
357.319 347.815
337.388 494.915
114.923 44.6887
268.093 194.587
211.354 443.813
484.217 396.203
36.0394 133.297
207.926 49.1466
383.027 175.143
145.943 172.663
444.055 448.446
1.69002 349.35
255.433 197.443
73.2265 104.34
305.174 391.044
117.187 116.868
53.9172 166.579
150.425 468.442
350.567 15.0265
69.1699 373.009
166.525 250.976
332.169 465.052
115.717 303.799
279.599 253.263
369.454 60.6217
325.096 71.3755
105.791 138.324
181.217 339.577
100.325 140.574
28.5812 360.297
143.837 376.719
307.337 344.632
461.058 423.201
353.049 31.1316
33.9664 225.118
329.741 103.204
302.608 199.268
435.537 42.0039
213.803 353.903
137.533 140.33
356.084 355.666
302.929 212.816
54.289 141.349
170.981 328.504
372.501 307.087
264.693 178.547
299.283 423.491
427.025 79.1311
262.246 294.196
482.969 238.318
424.999 128.452
213.77 283.154
199.959 113.286
119.891 41.9031
219.583 224.097
382.16 203.879
289.643 121.775
114.163 469.333
98.4145 64.6481
178.426 130.78
189.84 159.113
196.14 190.294
278.276 482.219
252.073 12.3768
407.934 411.221
316.44 335.067
66.4053 488.124
80.235 312.505
58.54 25.5953
146.604 168.37
94.5876 303.789
210.716 149.104
170.096 257.477
144.852 206.644
335.64 132.315
234.072 445.453
123.605 177.506
391.894 369.598
108.025 67.1788
281.535 304.374
377.269 6.4912
342.69 331.289
180.939 300.842
39.9188 158.207
188.982 356.476
175.131 34.93
423.946 92.7404
256.191 21.5096
160.166 100.208
84.7274 429.55
457.488 191.944
192.734 446.114
197.002 427.374
281.736 59.4445
89.6556 461.605
292.753 332.098
203.57 11.7252
412.112 14.8315
294.056 22.4841
358.453 198.404
435.064 448.982
297.819 457.383
487.828 448.174
365.853 136.486
13.6141 276.935
357.21 134.417
427.789 318.002
242.169 223.567
480.913 474.747
108.284 465.473
427.526 357.107
174.585 479.276
233.563 36.9083
280.101 362.156
86.3372 290.762
30.3499 333.795
277.646 354.143
231.288 408.823
4.82742 390.783
393.809 266.548
178.025 14.0946
259.956 315.54
43.6548 298.863
55.3543 19.4406
136.638 463.909
386.856 17.6364
180.243 290.851
38.0778 344.32
218.226 268.325
430.786 498.347
3.64494 110.498
354.745 256.252
41.7889 466.32
38.9896 80.141
242.018 444.424
498.512 214.311
23.3033 191.611
452.566 27.105
184.523 216.24
324.454 178.837
159.129 69.2072
417.744 427.948
332.523 222.825
458.367 230.007
89.3289 141.336
482.613 35.0499
24.2075 413.991
417.462 179.146
186.824 27.0644
67.8785 280.292
31.4856 156.231
335.565 60.8553
115.322 206.636
101.746 122.646
103.845 308.526
135.581 238.221
358.006 218.918
309.65 342.929
358.338 275.638
461.694 191.844
367.831 199.436
317.021 65.8123
284.828 273.364
433.118 162.712
268.313 76.5377
73.5821 70.7567
346.732 241.022
127.247 313.031
464.047 472.417
89.1762 24.8632
486.358 294.372
275.702 11.4825
27.1221 52.8032
277.459 66.0436
193.586 262.57
414.895 177.872
491.406 237.219
482.093 328.572
11.2529 245.004
88.4261 131.564
80.126 144.816
88.206 10.7625
410.196 424.755
39.1921 417.549
314.801 229.392
337.793 261.194
405.963 310.446
131.652 143.351
77.6432 160.311
385.007 268.216
166.927 23.7432
464.131 391.061
473.807 204.811
193.398 108.367
316.106 166.391
243.824 353.736
67.0315 54.5116
191.398 181.201
222.697 498.714
312.104 93.2273
491.823 196.083
473.755 308.673
13.6036 211.012
422.814 176.725
428.464 452.709
336.233 152.939
189.328 219.605
47.8138 482.939
172.879 42.542
122.362 57.5652
272.938 393.439
73.1443 79.5062
467.845 450.805
441.278 369.145
495.837 130.423
64.7275 101.467
201.364 483.778
449.275 104.274
422.805 200.298
206.435 286.293
321.231 249.088
223.642 222.585
293.076 276.835
348.824 419.285
183.424 313.441
53.1222 201.795
38.9208 45.452
420.587 38.4818
337.725 252.204
180.181 116.133
327.854 74.2683
233.555 113.375
146.354 458.28
109.212 166.486
112.536 370.633
10.9092 402.91
237.411 6.75359
348.221 162.283
183.103 334.431
216.564 402.204
278.919 30.5253
155.025 438.106
479.522 18.8131
303.058 253.451
381.148 402.872
18.5712 213.554
392.415 490.1
39.9652 364.903
275.554 291.972
190.123 128.126
428 430.235
263.965 161.824
231.75 19.0754
381.657 66.0927
132.168 453.197
1.80495 380.939
140.275 226.903
300.028 454.634
327.117 334.489
104.148 341.994
234.123 70.675
392.784 482.149
23.3141 426.056
168.596 200.153
376.778 118.421
349.954 368.38
259.455 366.193
26.2111 92.7159
482.635 144.355
154.571 237.16
355.96 435.238
367.835 113.824
341.594 449.38
439.249 189.84
268.798 93.8783
146.174 441.203
27.6431 494.194
330.139 249.52
339.796 387.193
283.442 26.4516
452.909 106.558
3.1408 495.813
212.741 318.654
227.081 370.343
230.307 312.515
335.77 209.51
107.823 83.8343
347.698 104.512
349.592 443.604
217.313 151.438
174.217 396.816
462.511 144.867
211.258 255.881
308.899 107.022
99.8515 92.6862
101.033 462.557
28.1694 105.805
353.946 388.026
24.416 493.048
11.7641 45.4044
458.229 53.1548
226.042 232.696
163.155 358.239
141.994 361.525
324.649 337.348
13.3511 68.4562
22.819 43.3854
376.676 207.294
113.752 297.726
299.877 226.836
338.864 389.783
216.113 99.5855
447.595 74.6483
341.059 454.173
376.715 132.115
342.459 432.891
277.744 459.743
395.553 81.199
232.012 452.335
224.221 400.396
302.522 171.152
406.431 360.123
382.195 323.496
406.335 335.126
353.18 157.205
383.018 121.648
326.775 230.799
199.609 428.253
326.644 160.795
67.3588 485.301
51.9764 324.787
109.719 469.378
88.0481 352.785
340.594 285.456
157.95 172.47
121.409 496.506
43.766 66.1604
151.151 360.246
5.25035 198.276
64.3477 77.3354
27.3809 176.026
323.824 431.231
403.296 408.586
134.96 272.645
29.9987 492.685
207.703 212.39
122.639 14.5967
317.364 171.495
478.286 105.432
104.97 222.648
56.35 451.725
223.265 31.7779
322.759 343.029
424.066 139.859
397.517 290.059
150.028 11.9396
168.122 446.848
188.849 395.645
436.335 128.935
43.7997 3.53223
62.9978 194.354
47.0306 13.8134
65.0586 288.008
28.1054 2.41787
252.817 87.6322
262.636 349.274
492.193 224.163
222.033 420.939
442.475 150.786
33.2753 357.359
28.8986 367.311
252.645 475.929
186.407 440.799
392.707 398.053
478.239 202.62
216.713 411.636
496.695 251.5
160.847 163.393
344.816 32.9218
239.622 61.078
356.343 359.876
380.293 275.707
180.505 310.638
282.587 412.823
231.99 281.545
95.9925 153.628
232.129 275.46
469.516 50.295
437.898 469.664
401.829 27.4938
407.275 392.368
84.574 254.378
173.221 99.4763
15.4939 161.416
347.552 468.962
224.202 174.342
66.2445 396.401
378.641 181.396
69.6861 436.595
181.656 428.296
439.393 280.751
412.01 346.611
254.52 439.237
303.675 97.9698
125.461 210.833
215.626 38.4233
207.997 464.851
309.535 172.344
207.135 389.156
230.634 379.64
285.95 243.277
447.153 65.4944
386.389 89.9571
177.535 116.07
333.576 207.861
59.5295 333.587
352.396 363.648
12.7998 373.555
258.163 329.384
227.511 336.431
498.668 476.069
207.367 289.337
169.093 177.489
230.869 265.094
448.851 166.425
355.956 101.624
228.833 433.51
82.388 92.7076
255.959 286.107
493.973 174.916
173.088 146.759
114.537 15.9713
475.456 147.364
215.923 177.915
272.72 488.18
7.10174 77.5795
127.197 248.356
310.008 417.74
128.635 333.752
475.441 422.04
482.266 346.263
343.03 489.881
275.889 98.6504
182.508 100.787
31.7638 319.043
178.53 296.566
320.883 113.407
170.448 76.6423
413.658 451.14
480.507 263.857
458.54 88.8294
12.2781 158.107
483.884 178.102
133.877 426.35
348.38 42.4075
112.907 456.416
407.52 451.802
211.526 415.443
287.652 287.362
177.922 21.2346
300.401 245.938
372.747 466.12
337.871 205.306
175.321 400.84
120.64 7.67748
129.774 262.962
382.575 69.1167
254.049 388.647
218.122 263.423
299.726 203.065
175.823 153.774
331.374 77.9767
47.0636 443.193
246.645 478.649
386.142 50.0012
76.4796 319.578
405.787 171.989
335.372 407.629
497.376 490.379
198.475 359.097
22.8675 90.9796
443.549 174.673
212.353 395.615
437.813 58.568
128.802 238.381
115.762 192.987
118.441 100.675
365.87 120.441
190.147 337.403
172.826 381.447
490.657 185.774
85.4974 451.107
110.612 257.417
234.531 175.928
484.724 149.761
307.249 199.045
323.18 197.497
90.6996 364.386
219.739 92.4287
203.083 114.729
160.096 227.938
423.315 462.476
236.532 265.567
42.212 68.0847
341.294 349.405
17.9542 416.785
84.5744 376.076
114.591 280.896
102.308 174.871
215.081 49.0497
68.8573 298.118
140.586 396.389
332.963 389.994
72.8141 256.821
151.22 149.675
5.91669 228.578
143.817 221.893
82.1153 294.832
235.369 414.817
369.342 169.875
84.668 492.05
489.319 36.5546
456.809 460.659
227.339 99.0811
491.865 420.237
306.984 429.157
42.4056 60.2474
75.231 359.309
37.7474 475.771
105.763 403.866
116.283 40.5905
344.518 369.908
49.4127 461.853
247.065 450.738
4.39917 295.501
396.099 497.934
348.234 346.445
141.969 347.838
214.956 32.072
143.694 30.3407
68.7484 106.549
474.826 444.616
145.958 393.58
333.323 398.385
121.572 334.333
477.034 478.878
167.972 233.106
91.5109 334.987
310.229 276.574
201.922 77.1481
415.781 191.169
57.9653 288.321
290.073 254.936
389.243 412.236
313.796 61.3167
196.073 442.515
149.01 2.47335
162.686 351.004
351.492 384.369
32.2557 22.3841
225.605 406.439
448.671 183.227
407.828 328.618
291.866 446.297
251.249 469.511
311.154 231.766
269.809 217.79
441.435 426.081
65.5535 494.403
325.977 381.03
351.679 326.451
312.827 96.3552
291.669 303.784
198.061 483.035
465.567 411.81
188.214 181.232
301.322 91.5288
280.43 365.524
264.494 7.34614
306.708 270.242
391.093 257.88
82.5355 199.375
196.307 85.384
274.358 255.559
161.319 166.401
118.089 386.973
217.275 331.59
213.537 36.6724
314.226 351.151
5.67051 142.432
163.483 21.9288
114.602 312.41
12.6022 480.854
154.704 196.142
47.3531 479.313
39.1732 134.535
389.186 479.783
224.616 7.55449
126.919 81.3893
498.741 439.252
238.254 441.588
289.634 497.894
397.207 370.268
145.696 32.9976
293.557 95.4434
60.0186 454.451
479.312 100.854
40.1991 491.264
86.3413 482.847
365.255 358.982
355.936 430.081
486.592 63.1092
130.206 367.266
190.792 54.576
246.072 276.2
253.985 106.351
266.409 228.955
147.282 112.76
204.157 167.917
184.679 91.7993
164.514 315.126
153.474 440.039
169.565 59.991
226.944 175.7
288.771 12.734
182.739 466.794
76.5246 363.976
187.44 473.626
442.14 481.489
375.344 350.267
189.259 239.728
9.43426 461.92
400.906 126.55
257.405 159.54
116.655 176.203
1.85168 388.586
191.79 379.356
333.267 213.778
58.0674 273.187
129.486 230.041
280.4 382.526
93.1662 233.683
364.124 431.721
198.898 290.144
72.9336 332.086
358.124 483.517
174.055 393.629
110.119 289.802
109.479 404.41
274.935 67.537
476.961 169.504
158.25 167.107
5.71222 367.303
291.441 21.4928
412.15 360.561
225.163 97.0071
458.268 211.772
97.7377 84.6862
120.156 123.562
437.985 492.279
453.849 159.052
25.4761 162.427
170.409 243.4
45.6868 51.8338
118.632 225.26
138.729 171.51
407.275 301.961
343.929 236.858
257.556 378.274
115.113 97.1949
181.643 398.686
28.6609 442.875
462.157 108.523
484.921 364.125
484.211 485.33
42.0645 388.863
323.394 43.4451
87.2876 285.867
197.348 331.831
256.38 392.402
288.861 266.441
279.107 41.0407
206.448 84.0493
360.748 463.873
188.257 271.405
221.855 321.615
61.0642 235.895
115.905 220.162
417.397 445.367
29.1828 35.5287
471.109 281.172
479.913 441.905
189.833 245.702
34.9411 192.308
248.106 303.667
413.036 425.059
132.934 130.011
404.011 5.8395
340.836 214.126
250.734 270.069
234.149 324.217
384.54 131.004
393.475 270.876
431.276 294.35
355.466 223.913
279.308 124.455
482.232 256.071
36.5159 129.958
336.644 124.839
35.374 211.969
78.4231 191.586
11.8024 271.39
496.326 269.321
345.507 354.208
137.899 329.337
130.916 176.178
97.3844 489.736
50.1757 245.813
467.344 243.784
488.304 491.863
475.233 95.5383
81.67 386.842
236.777 145.884
376.663 2.86304
333.007 271.32
66.7351 62.7777
311.437 66.6532
403.828 13.6134
52.3201 190.128
339.679 241.959
416.746 336.482
307.353 35.1492
281.992 428.83
300.426 238.95
426.677 463.456
250.728 177.56
356.381 195.262
336.432 71.2162
240.069 229.796
13.1701 108.1
21.6652 460.629
101.934 494.713
204.694 50.8142
337.275 289.939
266.584 299.397
406.429 201.153
308.925 185.238
312.929 399.185
291.985 90.2506
314.269 16.8413
303.496 376.466
360.49 302.212
375.581 179.339
144.26 360.447
1.2715 431.378
446.253 375.028
480.187 226.539
371.042 312.598
484.286 74.3033
362.672 336.478
116.63 494.036
286.521 282.043
440.996 232.547
17.9659 222.733
449.713 135.496
243.498 122.489
315.951 300.624
281.019 209.893
372.018 315.141
277.07 177.792
498.251 139.656
77.2826 459.882
91.1833 191.26
288.012 56.5459
427.916 455.294
210.166 286.256
152.722 478.455
453.699 143.513
348.028 197.679
138.572 224.917
396.276 238.091
365.603 21.6749
348.9 321.928
362.276 484.591
279.923 317.778
301.951 151.659
10.0939 337.594
185.551 162.272
65.7156 119.839
209.277 420.947
38.8486 392.433
371.844 203.41
365.666 296.801
307.711 274.865
307.083 87.5518
130.034 139.985
340.628 236.885
234.46 216.004
444.507 294.824
2.58476 306.074
164.313 26.9174
108.1 479.619
386.674 93.5757
134.789 318.16
128.75 89.4579
287.317 421.474
481.795 68.2359
241.293 70.9501
197.42 300.116
237.823 217.12
198.22 164.862
498.06 56.0736
170.564 87.6778
438.989 341.555
412.337 377.713
259.647 126.498
393.544 237.54
68.5435 230.322
123.794 70.1645
42.2908 356.645
334.211 142.388
302.856 498.714
415.056 5.11855
408.114 317.456
474.286 378.824
214.748 64.4468
56.08 303.817
244.078 470.251
395.134 280.529
226.686 165.835
220.468 83.4343
440.708 123.155
246.83 454.992
292.011 454.463
174.099 303.068
488.386 115.64
486.412 109.096
493.943 282.224
441.468 356.946
116.44 384.922
35.5312 155.124
7.95579 176.004
264.514 227.263
328.2 226.408
373.08 493.479
321.136 333.338
442.592 337.472
403.523 205.777
141.22 366.825
431.389 298.68
206.799 158.279
59.1165 492.523
63.6032 4.78541
301.997 300.43
307.079 302.489
479.858 413.524
288.652 16.4748
430.243 400.234
161.013 318.99
463.915 166.035
351.789 252.213
424.06 220.438
110.998 408.29
368.377 14.3223
433.315 171.579
482.837 86.6473
332.766 275.666
488.089 271.529
169.883 186.437
286.544 450.532
418.6 368.815
200.429 489.539
437.338 312.657
272.84 298.205
396.664 123.174
230.261 50.9162
12.8181 41.8203
382.956 313.635
95.831 335.069
186.654 327.058
209.511 156.156
122.027 433.338
472.355 348.068
455.164 463.651
142.534 424.097
246.914 279.909
61.0157 340.834
375.16 250.212
204.704 43.1807
451.655 8.3512
119.759 120.894
54.9431 58.9478
253.48 53.1733
427.011 381.23
21.4334 266.675
196.225 154.437
195.521 199.552
440.315 221.369
253.477 318.867
277.329 280.63
363.271 141.252
403.164 147.483
29.4686 111.193
95.5383 271.855
117.571 19.7169
294.13 322.524
259.332 196.488
279.255 334.13
97.6918 362.439
481.993 148.313
30.6612 455.127
468.736 71.0779
446.256 30.9407
350.341 30.7464
329.682 24.3759
212.31 228.955
5.05178 483.569
322.503 37.1825
123.982 273.799
35.2765 350.703
335.175 315.17
188.07 429.652
376.338 432.739
158.113 426.267
398.575 444.618
479.496 161.72
74.2793 450.297
485.962 37.5761
114.968 212.086
45.4717 484.663
199.477 46.2484
289.346 478.62
316.111 158.938
122.148 34.8743
187.788 213.219
162.904 335.501
211.399 165.905
311.397 28.2442
37.9275 67.833
162.532 60.7751
365.545 79.1624
187.486 210.556
146.953 479.623
182.906 126.125
435.53 337.551
175.532 323.885
10.2914 371.727
430.27 121.249
408.226 420.177
428.006 299.513
425.096 152.428
404.194 127.103
35.3322 361.941
25.6014 312.514
399.79 301.685
68.2632 411.36
291.945 124.247
470.062 455.98
197.643 201.378
205.066 292.929
143.059 261.888
6.23138 147.885
492.18 220.96
394.659 452.1
374.236 291.713
292.28 264.694
141.479 412.309
442.12 406.251
104.134 407.097
387.538 477.327
94.5154 93.0303
133.165 435.201
452.627 335.727
120.899 373.296
387.107 115.327
326.219 140.732
355.856 372.277
441.151 47.6811
10.4529 155.716
368.62 439.061
52.0358 109.666
172.224 351.968
122.169 349.662
411.409 130.476
296.521 113.279
388.49 20.3416
282.428 339.992
351.061 405.652
274.499 380.002
365.149 204.9
5.49552 129.843
327.528 269.588
244.912 418.851
268.72 171.263
454.104 74.1105
484.06 164.093
133.198 444.471
270.516 33.3955
305.852 156.506
285.257 75.7494
371.212 45.0754
448.905 117.184
180.624 444.584
480.312 317.931
414.125 105.446
116.648 257.717
200.622 464.783
271.489 149.633
478.473 51.1321
389.595 469.225
351.4 484.889
273.903 15.908
376.711 162.634
185.996 42.1958
34.8717 294.062
197.162 183.39
86.6441 321.559
236.088 385.539
475.934 392.603
490.296 400.266
116.909 245.216
443.662 432.053
297.967 324.375
229.73 360.872
339.591 218.754
263.516 209.31
263.876 155.972
133.56 124.969
302.225 116.996
76.6085 100.801
93.8728 267.336
40.7104 77.4465
166.209 163.048
13.5782 176.653
53.3926 183.859
50.8595 75.9271
334.357 418.766
326.03 206.446
278.394 103.652
393.57 376.716
155.881 395.976
107.806 31.6381
426.193 218.003
282.566 180.917
479.994 471.792
424.268 168.167
132.654 350.382
318.47 86.8708
273.939 194.853
336.143 245.727
39.3611 377.62
351.585 377.535
14.0837 477.325
192.582 85.1733
496.875 370.333
63.8808 424.028
131.805 372.677
250.363 409.002
129.349 157.585
323.427 52.4241
209.895 312.551
252.048 360.924
280.294 326.653
361.525 95.4966
182.402 7.7677
2.32525 133.571
274.16 126.122
81.8689 398.339
253.232 482.199
276.555 92.1967
374.281 188.679
367.728 180.126
157.543 255.257
10.2596 282.346
142.368 430.992
315.42 261.993
109.035 4.63368
199.489 130.352
466.093 497.751
160.372 169.863
93.1656 239.086
103.623 262.808
466.463 484.448
366.792 284.58
93.4166 142.14
172.298 452.181
108.309 267.022
107.82 172.922
229.21 245.943
488.128 385.747
288.036 278.113
124.326 67.7202
83.6577 29.9408
41.2644 315.785
303.018 331.323
376.329 16.1566
63.3687 1.77341
178.04 390.562
50.6467 200.58
166.956 342.259
119.762 78.1928
308.705 397.09
54.312 192.368
256.23 279.388
26.95 417.52
31.8047 398.961
267.816 286.17
123.341 340.506
458.922 315.038
23.9434 245.355
81.3052 423.414
125.704 263.404
35.9656 34.0612
290.051 398.659
495.6 5.25485
425.384 287.192
107.773 372.944
56.8443 75.9804
183.714 114.984
158.235 11.5494
38.6563 97.3198
271.036 167.261
41.8939 333.585
197.319 485.843
437.633 164.184
418.266 188.816
81.479 33.6128
152.945 246.348
6.45303 38.8527
91.1978 338.796
407.547 454.523
121.784 225.059
388.865 488.156
51.3515 459.952
328.39 311.113
156.33 249.777
439.383 359.491
380.633 161.716
89.7648 228.646
142.842 128.232
464.616 316.224
122.947 43.5921
305.834 396.767
496.254 468.326
302.121 326.11
23.5522 468.113
406.319 163.512
207.146 39.259
231.992 396.744
197.73 318.642
308.984 266.705
13.0452 416.235
411.655 31.1755
419.053 147.846
119.668 128.388
157.382 227.696
131.962 271.5
84.3424 245.202
296.394 276.884
370.093 381.009
345.794 475.714
383.027 108.262
61.9007 88.8356
322.287 110.83
352.391 411.501
391.959 253.677
369.822 146.018
221.265 485.993
375.309 104.612
272.377 307.633
82.81 364.307
224.277 437.502
23.5272 438.465
447.631 12.9862
456.769 76.952
347.877 78.9259
14.692 474.728
456.824 158.457
234.43 395.098
115.14 471.843
475.752 50.1763
120.899 237.114
220.964 158.254
330.348 11.3557
323.39 107.376
259.225 411.84
487.543 142.388
457.633 136.97
277.058 370.38
104.885 207.946
266.507 273.165
225.992 417.679
8.52233 353.928
443.217 329.794
455.401 222.215
258.686 155.028
428.445 105.736
343.303 457.288
434.095 351.987
65.3425 51.8968
358.296 243.177
37.9679 496.544
367.34 475.691
275.24 413.688
319.738 322.601
175.359 251.953
9.57494 38.448
220.18 302.557
324.539 167.717
178.991 76.7028
302.945 410.739
451.137 415.607
175.004 15.1121
424.361 465.296
493.409 285.379
247.043 127.283
371.4 322.422
159.017 275.576
458.654 50.0789
291.557 379.181
458.71 27.989
216.073 25.2011
450.66 89.4581
389.215 340.201
325.832 369.004
47.8888 341.162
350.843 179.55
463.811 370.234
133.157 295.727
38.3585 340.231
483.932 65.0418
219.082 133.95
170.517 45.5323
353.941 309.589
262.934 187.896
182.75 162.974
118.595 455.556
155.523 453.495
370.61 294.11
477.289 353.083
122.724 149.42
14.6329 267.977
70.1739 282.862
201.19 182.502
387.298 350.868
350.963 205.427
76.3384 442.327
247.335 13.7878
203.825 65.79
179.932 127.702
434.018 444.235
419.701 410.907
245.414 431.285
265.236 319.226
140.193 131.591
442.986 57.2274
240.635 215.492
14.2147 391.009
71.1405 498.698
466.883 226.8
346.049 18.7121
166.724 247.82
65.1673 270.567
326.758 329.419
392.729 160.655
478.426 69.316
147.91 496.61
390.079 10.6966
173.765 225.042
412.603 142.121
376.105 236.723
48.0252 183.877
111.336 298.855
8.85418 216.312
204.153 442.904
316.925 352.011
369.567 349.62
92.699 146.067
56.7865 32.6675
22.0435 449.67
299.995 161.031
473.331 436.662
176.53 364.046
92.2517 298.157
146.422 86.5483
434.724 378.833
80.1739 68.5267
471.897 79.0388
323.68 184.094
392.811 282.211
237.061 417.001
78.8131 270.976
329.262 20.5515
58.3808 253.776
206.266 303.305
155.462 284.557
396.421 312.342
409.932 397.781
344.271 333.687
397.994 466.013
495.805 478.229
127.815 483.346
144.154 60.6534
89.2083 123.469
298.915 5.16583
189.389 171.014
175.84 257.938
257.672 8.62501
101.602 341.496
229.894 70.641
375.548 396.642
494.329 111.377
256.483 76.3815
435.696 238.366
59.1295 323.01
457.342 304.493
290.909 202.259
167.977 140.169
66.3087 32.2128
317.79 341.237
462.291 251.017
480.299 139.182
487.478 465.361
181.768 249.362
460.557 195.966
150.69 199.784
245.346 251.969
56.9179 438.19
261.187 455.701
476.329 383.887
59.0818 434.695
194.99 424.852
471.408 428.211
154.575 476.622
66.247 246.878
229.067 10.5699
273.802 148.641
454.692 448.573
334.709 308.07
170.03 131.936
126.104 257.888
226.342 496.778
120.705 209.082
44.2874 56.0137
14.0085 236.966
262.486 174.468
153.09 12.9501
397.394 421.258
193.619 25.0798
57.7361 83.9012
204.702 196.431
29.1493 48.6392
418.35 10.7509
1.4334 483.592
478.339 124.009
92.5151 201.193
476.23 294.922
224.702 235.697
149.12 345.933
266.954 451.38
227.54 340.337
426.43 174.843
63.5494 354.834
135.247 466.497
470.471 53.2759
309.26 1.35175
242.65 153.354
411.969 281.547
269.071 134.905
406.892 366.716
235.61 51.9174
262.912 491.526
209.93 450.283
321.736 442.352
193.128 103.927
25.0214 419.389
59.367 388.517
9.6328 52.8261
165.627 125.406
416.958 349.509
469.217 124.069
103.163 69.8736
8.41488 257.775
277.388 491.787
444.745 136.809
139.763 159.398
91.9223 400.845
126.782 365.032
418.148 27.4988
64.2191 460.747
265.939 415.622
296.618 159.18
27.3128 379.079
125.979 494.06
380.921 74.1968
186.648 486.903
405.89 381.896
124.52 342.69
462.165 299.977
237.91 468.115
262.823 324.866
41.7247 105.733
283.538 88.0147
96.8829 170.954
102.276 347.813
461.282 37.3997
14.2302 18.583
9.77669 165.21
462.584 439.89
412.232 466.406
54.5649 45.431
19.7102 110.294
471.01 433.33
102.984 139.974
285.279 235.709
99.1736 209.116
467.967 36.089
232.196 116.102
101.179 6.15013
151.926 342.472
440.792 19.8942
365.178 414.277
318.063 298.203
15.6522 481.373
437.432 113.314
435.794 460.136
35.553 484.94
286.44 112.344
46.3236 35.6922
94.3588 159.494
457.058 345.414
191.334 211.262
384.699 215.592
425.845 144.298
476.286 495.398
210.349 279.717
310.846 478.021
456.704 113.617
42.5742 493.232
345.503 449.168
483.988 23.0718
90.374 185.367
18.0242 405.799
283.795 359.717
342.429 196.313
475.113 408.341
491.215 104.388
129.239 195.413
129.766 100.401
458.72 115.369
302.578 129.832
49.7735 189.685
155.111 298.752
303.686 448.751
316.772 226.461
226.983 278.562
317.616 445.551
143.114 188.188
371.499 80.6062
278.475 112.092
130.352 17.2551
235.654 287.479
325.163 253.72
115.814 402.45
64.2966 213.062
239.85 314.263
121.014 50.2071
193.402 408.301
125.663 400.58
300.377 272.158
320.321 45.2107
101.871 52.2645
91.8845 377.374
205.852 180.859
479.84 465.228
137.655 197.711
108.868 185.233
479.42 495.454
246.883 487.411
232.137 28.2374
81.1797 372.314
223.301 342.94
61.8549 29.9964
478.61 360.342
254.626 157.107
112.271 363.055
268.841 370.847
364.486 362.554
261.409 2.41683
423.625 213.114
124.425 459.627
103.026 3.46045
371.811 245.609
13.4543 215.716
47.7384 38.1464
308.071 101.72
167.669 320.684
216.308 131.41
385.129 274.018
68.6778 364.845
248.891 53.1016
439.465 167.769
134.503 186.787
401.497 5.89417
59.7399 495.402
478.934 126.848
212.294 91.4362
191.396 375.319
163.064 365.998
213.062 462.864
96.3844 350.807
244.148 272.556
308.914 227.575
463.089 100.272
319.95 50.6464
171.037 20.3488
164.228 67.6582
433.892 190.544
110.875 140.923
395.674 257.248
30.7115 358.012
416.131 365.233
38.7942 185.056
146.909 200.588
485.844 8.90731
295.942 175.245
347.712 47.2319
290.953 313.666
451.054 48.4087
421.945 146.581
479.81 155.12
396.485 282.618
495.789 317.056
83.2523 463.987
262.648 482.53
335.243 325.059
69.2489 144.077
344.566 117.575
27.24 155.439
8.97037 180.855
88.8572 448.437
385.343 441.081
172.302 251.874
394.532 232.573
285.106 490.452
70.102 34.4307
388.34 219.611
474.098 223.733
50.7078 317.259
281.626 17.2263
207.63 108.481
202.068 58.7341
278.911 203.853
140.783 275.59
243.08 228.508
213.937 167.837
337.722 100.252
479.27 418.02
84.0927 105.942
37.6944 142.99
3.88206 48.401
34.5882 492.821
247.676 66.5803
182.914 75.2208
10.3717 12.0785
439.827 142.891
302.476 79.5256
446.618 170.506
38.3425 23.3818
340.268 162.063
379.96 241.493
380.291 123.434
391.163 359.565
430.786 74.6465
90.04 343.431
136.043 74.4908
469.248 168.429
132.803 153.151
62.8489 457.844
76.8558 394.178
233.538 341.228
288.397 48.7372
248.526 110.301
291.657 173.502
348.143 33.8366
109.564 105.722
34.9029 48.3136
33.0926 178.435
248.727 282.195
87.8619 377.7
172.322 153.354
51.5882 169.417
200.326 324.061
374.037 452.253
311.2 319.257
132.304 231.217
114.443 438.383
340.207 99.0232
299.438 171.57
341.149 278.741
303.219 161.682
339.434 199.831
244.187 100.515
307.961 288.133
258.848 415.235
183.254 80.3267
389.531 375.149
401.382 276.248
280.062 185.969
378.587 205.473
283.585 292.491
400.634 110.941
11.8677 220.663
14.1105 65.5118
88.2326 160.79
441.251 378.787
29.663 173.58
177.606 474.354
330.448 297.202
62.5709 50.115
19.4015 314.082
472.821 92.9532
472.378 6.54107
488.821 167.544
410.027 365.618
193.605 339.201
310.103 195.706
407.001 24.7362
230.837 194.103
174.486 470.028
361.268 74.4138
366.7 448.002
275.584 143.076
241.275 297.196
286.612 22.9508
136.048 300.142
211.785 172.157
299.281 137.565
335.689 337.488
128.812 315.952
288.664 103.484
293.948 224.921
220.435 145.841
251.119 199.505
471.136 419.542
248.661 62.4419
382.986 398.396
318.989 240.749
118.616 397.1
106.546 297.422
105.439 387.824
308.846 320.694
363.636 193.258
369.144 229.086
352.907 6.74249
9.90611 48.9107
265.411 395.638
34.6961 197.67
95.4078 77.1152
240.389 332.972
52.4025 375.442
400.125 373.618
2.71013 396.088
315.291 133.268
22.8672 344.511
154.975 272.387
151.636 327.643
40.4041 114.304
241.587 407.917
70.2663 329.828
155.081 131.481
164.212 383.121
162.15 241.422
127.756 103.206
272.416 61.7165
25.8106 478.526
397.259 38.1561
359.968 208.811
207.979 296.135
434.544 216.19
186.702 93.5463
313.566 226.11
173.086 114.917
490.335 23.9196
325.152 34.4273
45.9214 259.027
313.204 216.086
246.346 296.441
381.416 414.002
320.984 346.169
75.4903 373.009
75.7442 247.661
204.064 20.6705
76.1066 110.416
35.7057 7.22726
218.359 404.276
495.035 319.677
14.1415 328.325
344.986 145.613
40.3949 204.035
146.837 140.666
461.859 254.733
387.717 107.852
65.3961 209.008
402.579 285.144
474.109 385.488
424.035 256.76
247.432 326.535
145.915 26.628
142.305 407.936
23.9541 75.117
298.501 207.444
24.1299 169.112
89.852 156.753
491.065 329.898
25.9372 68.4295
164.467 198.267
410.503 387.907
118.777 342.377
22.3195 139.949
270.716 52.784
249.098 175.379
63.304 110.788
453.849 10.0767
114.588 7.18842
244.056 43.7839
42.8024 345.702
26.6492 10.0512
146.938 191.119
485.166 217.553
318.37 427.55
6.87807 200.522
263.497 206.409
230.446 23.4383
97.3669 176.964
313.465 354.097
496.852 113.042
222.337 152.831
123.286 184.38
498.748 348.234
8.53948 424.421
174.734 454.516
3.52154 275.408
437.459 27.1575
175.853 340.82
58.2965 350.473
140.112 7.85273
223.424 338.396
493.078 108.742
348.138 137.295
441.636 326.1
416.665 131.88
200.377 366.007
318.096 450.857
79.8016 457.96
348.341 88.1608
51.6493 251.448
286.928 85.7712
284.811 212.128
241.98 412.203
255.118 378.993
266.247 352.654
22.5021 316.291
243.644 367.527
56.9776 4.90079
177.501 394.157
420.627 362.342
403.321 266.686
166.853 470.326
432.289 133.875
381.798 395.526
456.515 277.621
246.004 312.202
172.611 36.0114
485.837 417.647
340.14 253.993
411.253 286.877
400.999 376.234
403.685 56.3272
316.588 345.989
227.723 181.46
386.258 412.056
80.5424 186.492
246.314 358.965
79.894 230.807
304.101 35.5868
471.195 473.176
453.614 32.9328
466.397 25.9303
229.633 15.1439
372.67 190.775
452.985 304.704
318.615 420.096
27.3462 220.523
497.821 413.527
175.652 227.006
373.085 63.8831
162.414 479.693
278.502 255.883
423.688 115.957
227.904 146.059
457.954 92.877
469.195 237.657
450.893 296.221
69.1239 367.651
488.951 427.459
74.4025 220.639
26.0203 114.781
253.619 159.646
146.998 419.789
477.216 335.378
340.427 281.517
328.738 259.054
205.762 62.9667
241.834 54.8081
134.759 68.3706
8.63253 133.881
384.259 308.373
144.492 266.752
298.303 495.025
31.0164 315.854
347.946 246.833
441.768 259.711
88.3554 410.76
141.326 152.474
429.269 352.853
438.973 29.5565
416.357 136.482
198.084 218.744
357.631 201.304
412.622 486.975
127.523 254.797
161.785 53.5433
108.74 396.274
18.473 151.101
80.727 110.05
415.447 125.038
158.079 187.026
164.312 466.889
3.9568 486.11
336.825 480.067
267.681 294.885
170.829 31.4995
418.222 205.125
45.8979 139.713
490.036 137.999
303.162 471.634
172.859 367.471
238.872 454.435
7.97895 369.95
438.28 269.333
344.981 429.266
225.551 284.535
15.5214 293.213
432.507 32.8413
77.4997 455.829
90.32 372.27
345.988 7.424
186.233 275.664
475.371 122.646
242.828 396.047
491.385 175.92
361.369 388.733
263.913 471.978
291.833 405.977
111.723 203.819
49.5827 239.054
125.058 289.346
413.275 380.783
6.82133 139.588
194.142 350.13
193.172 497.989
17.5913 117.991
6.21147 307.322
472.922 34.5633
289.139 415.691
418.498 91.4847
337.33 469.916
238.457 320.92
3.31213 331.954
19.5088 347.115
453.23 231.962
311.097 122.137
402.514 310.387
362.652 81.5615
22.4048 57.0245
454.644 269.052
307.666 222.045
355.563 146.391
185.134 12.1175
414.008 42.3935
403.183 296.201
336.432 455.531
480.413 233.225
135.584 382.988
485.492 432.167
363.288 471.083
330.122 215.198
376.96 367.739
487.08 46.1329
267.255 104.45
118.01 430.418
374.902 175.265
294.748 141.74
335.681 310.698
430.92 37.7118
342.074 483.98
41.438 359.789
436.831 204.494
214.382 135.914
257.975 244.451
192.663 489.748
423.414 109.598
149.426 204.967
174.073 440.174
344.755 158.537
83.9799 292.474
189.202 322.134
209.774 376.608
419.715 449.028
334.583 342.001
145.998 471.776
393.817 225.09
136.162 359.293
405.748 476.356
481.175 76.9102
374.242 369.585
128.315 475.797
439.637 160.48
236.341 202.835
405.146 332.685
267.335 29.112
105.223 490.762
337.06 474.057
22.51 114.327
283.818 437.678
131.553 202.472
346.553 40.0457
148.816 423.342
39.2517 352.447
6.96047 288.866
296.011 423.561
10.6385 468.911
138.81 460.927
13.1641 49.2174
118.136 345.372
236.425 105.912
319.384 310.769
89.9524 251.623
459.272 129.636
170.16 461.448
295.797 327.622
111.686 383.927
277.046 336.899
53.9287 67.1998
37.2537 301.317
303.204 269.519
153.85 94.0634
42.2713 409.13
379.04 81.3273
394.261 157.949
175.352 374.63
304.639 420.262
168.789 224.646
111.975 45.0649
451.208 396.684
389.675 464.925
109.837 228.021
201.361 64.2795
452.314 175.122
129.406 119.287
328.863 158.866
273.689 442.056
111.088 35.7835
418.203 487.886
440.962 110.033
438.28 231.062
459.171 377.693
404.351 473.165
295.95 341.422
211.524 176.435
395.401 212.276
479.703 329.642
432.569 411.677
371.987 238.413
483.289 93.7245
113.227 488.809
358.139 127.826
493.77 34.7911
124.671 16.6427
451.227 83.6151
306.641 399.517
343.681 200.574
228.195 442.818
210.85 292.847
426.939 293.923
259.304 85.3992
145.516 183.543
343.951 37.2785
346.073 378.069
307.877 80.0169
378.363 216.48
80.479 157.573
92.0508 125.985
194.245 78.4415
289.802 243.664
308.595 203.589
396.003 398.92
472.771 288.484
198.09 176.5
371.257 291.253
320.354 150.332
260.846 252.71
335.6 182.962
220.4 328.074
477.893 24.266
327.754 378.299
496.719 211.848
391.539 25.8976
101.574 421.638
252.188 297.189
139.672 120.967
152.392 354.955
422.594 232.18
334.627 431.194
56.6512 158.795
114.356 496.641
236.843 158.266
196.464 449.996
210.579 274.177
200.254 454.532
165.532 379.518
176.091 351.71
13.358 282.243
325.463 10.0814
348.841 440.646
407.318 59.4862
57.1729 185.344
257.052 456.946
152.821 101.487
477.132 340.733
43.0809 328.638
197.058 158.444
33.1439 383.109
75.2493 468.333
305.83 322.039
319.83 82.4357
255.423 13.8928
185.343 59.0509
443.473 308.187
218.581 18.9189
351.72 208.057
39.4639 248.587
431.307 220.629
179.257 419.052
92.1425 489.851
148.585 173.097
360.505 378.787
199.109 11.6823
285.568 95.2229
466.411 362.383
52.2294 197.263
364.73 457.523
205.529 385.986
36.2917 298.001
359.799 246.745
33.8725 342.733
369.305 206.789
261.951 318.65
153.841 351.664
405.867 267.539
162.238 160.629
110.493 320.073
446.135 309.24
477.799 145.68
159.469 66.539
303.364 140.949
376.803 303.709
473.299 37.9589
54.212 352.898
203.084 481.843
324.651 224.201
479.789 403.64
386.89 257.546
345.65 362.501
466.955 234.728
496.131 421.515
432.394 374.076
437.546 399.977
16.4128 454.744
448.828 120.521
193.785 313.976
393.481 312.794
325.327 144.552
347.135 305.427
386.009 344.666
61.7596 272.19
397.478 137.392
329.465 212.72
66.4477 225.093
197.933 372.469
478.41 284.778
198.464 456.66
173.624 242.905
53.3392 387.216
127.182 430.27
237.138 165.037
262.418 217.868
478.074 438.977
174.871 126.18
479.269 243.469
271.699 93.702
72.0404 154.78
74.2059 113.365
101.05 338.24
314.156 273.416
315.538 387.118
153.618 46.9573
4.58102 267.521
314.754 75.8196
419.546 296.518
381.57 307.122
344.993 87.1403
280.666 378.456
464.783 245.742
188.716 25.1406
28.4651 186.572
55.1572 315.847
239.884 47.813
70.8054 264.964
188.993 109.195
322.823 305.483
46.0796 286.428
318.896 294.338
409.266 133.491
276.041 202.04
48.7507 285.822
86.9346 251.008
53.5306 451.07
40.5056 141.127
101.176 210.971
101.582 33.8906
246.81 99.0883
20.7112 293.891
153.249 335.297
310.001 140.875
168.039 208.692
214.191 434.68
344.338 131.569
247.173 140.653
287.706 151.696
255.652 311.038
373.141 148.74
116.397 398.183
123.257 446.588
404.983 124.657
212.123 384.362
156.69 497.784
444.156 66.6761
243.195 401.408
283.435 241.101
176.661 489.404
98.9155 306.825
469.398 264.002
30.146 54.0475
47.9183 157.935
353.546 176.218
462.994 58.1827
497.727 121.326
219.323 429.981
224.242 486.438
192.849 38.1183
323.784 2.7539
40.0636 459.228
398.453 474.751
72.703 107.979
61.0582 374.052
446.818 460.951
127.586 362.095
100.526 150.195
256.993 11.354
57.8081 458.586
479.325 65.2413
477.459 17.4245
120.484 80.7752
377.285 143.808
132.993 120.348
189.156 266.908
389.295 73.4684
79.5649 259.54
232.618 289.906
452.131 381.521
233.555 30.8572
21.4505 261.718
303.895 355.129
84.9168 228.928
439.769 496.94
460.485 304.609
6.87164 53.6522
226.036 449.446
65.1839 170.559
181.631 391.685
138.485 13.0436
229.673 342.746
345.052 478.438
316.956 291.265
141.941 420.944
77.3046 254.215
454.971 423.07
243.822 61.4055
497.949 157.715
430.338 227.674
497.506 255.459
350.243 50.219
357.639 368.26
476.828 398.992
316.814 323.406
494.847 97.9958
168.564 412.575
348.355 293.26
254.97 256.622
340.174 364.202
291.357 178.362
38.2226 8.73881
170.724 234.868
47.8376 328.524
337.773 426.137
494.939 26.5741
227.92 485.623
387.55 126.506
43.7879 391.139
180.975 238.212
415.86 220.366
489.221 217.439
409.471 20.4497
83.4443 205.446
31.2888 321.82
71.2529 12.0897
181.133 30.6225
276.311 469.99
458.227 475.538
395.959 325.875
24.3518 135.726
359.88 391.559
116.893 425.103
43.2644 28.473
54.7126 447.312
380.443 443.443
45.6531 242.746
420.345 68.1462
46.6862 78.2817
55.7724 133.753
337.358 274.897
79.7083 141.445
382.818 206.676
345.71 435.381
473.085 100.18
393.008 256.183
479.399 277.404
453.653 391.176
87.9376 338.088
170.423 407.104
29.4815 305.971
157.608 161.269
342.425 234.678
366.925 191.001
133.674 50.079
194.51 346.796
100.587 137.36
398.013 195.029
192.005 8.48062
283.273 365.184
270.492 304.922
394.152 252.039
290.396 355.721
283.421 484.341
77.1261 422.501
486.822 34.9695
274.618 85.1152
473.262 9.71244
151.699 223.597
117.202 213.63
480.426 424.534
336.574 120.658
227.494 193.099
337.494 438.681
73.3236 401.131
103.381 290.751
191.357 259.323
482.452 167.022
471.722 391.15
436.413 412.604
386.938 288.73
376.882 278.156
87.6312 445.356
413.205 205.097
171.208 14.5565
114.43 66.1108
18.7902 153.981
119.197 220.902
63.9302 390.448
266.303 50.0297
209.72 104.2
373.01 2.82449
189.542 491.338
84.1946 276.734
199.229 384.03
113.095 478.275
45.5833 308.024
78.3838 315.068
150.454 460.962
389.018 346.548
294.056 106.98
427.318 73.5185
380.319 170.918
131.162 310.352
106.377 100.937
386.708 278.685
374.401 100.727
238.598 190.064
387.661 188.098
34.308 328.958
162.457 2.39786
456.326 283.674
221.479 428.462
179.68 221.833
105.056 76.8314
114.698 357.295
221.704 193.193
54.3405 484.666
308.876 133.077
140.181 320.968
123.985 369.276
266.408 359.135
164.363 332.593
370.537 435.936
118.144 209.173
99.1729 23.4165
378.881 481.859
399.304 384.36
92.1092 19.3166
1.24611 246.273
270.3 285.208
370.368 417.893
216.72 230.459
325.74 128.874
472.591 263.756
69.4206 383.433
315.182 67.5091
171.234 167.771
210.591 462.172
280.204 76.6632
252.485 225.876
476.255 217.476
131.818 117.935
175.473 368.363
329.926 300.492
94.6903 384.812
470.302 272.103
217.845 112.599
180.315 318.479
468.581 65.5292
36.0045 353.193
196.471 464.315
53.2084 344.128
489.35 316.882
213.659 100.513
463.787 53.5024
485.475 175.719
201.418 177.57
76.4746 256.544
63.5485 445.694
154.081 85.9887
12.4853 113.034
356.684 98.5843
166.946 285.48
118.776 263.993
453.838 169.044
430.571 255.961
302.541 431.211
241.069 238.743
329.903 130.254
373.042 215.341
309.943 250.003
77.2408 220.369
255.234 340.642
355.364 113.317
423.428 35.4668
252.872 134.069
55.7428 7.42598
334.72 11.0625
393.771 244.005
416.196 429.94
172.746 161.535
218.478 243.941
415.559 238.499
196.759 222.409
334.107 482.741
49.8794 335.628
387.915 228.351
384.908 340.125
301.551 70.763
160.484 346.275
248.112 157.241
350.383 303.411
104.413 433.498
379.325 2.52143
3.20476 474.467
86.0662 459.713
171.417 375.328
265.53 166.846
214.461 43.7284
119.068 463.515
54.756 92.326
344.392 351.3
248.075 433.339
89.1901 402.279
17.5486 88.4703
108.552 178.074
144.023 434.765
262.992 89.7589
121.938 260.276
303.614 400.673
436.862 243.201
370.432 491.925
140.468 253.728
425.386 54.4294
437.295 352.011
347.752 208.422
437.71 407.678
330.941 496.946
309.043 45.6968
196.99 437.591
240.255 160.668
105.141 468.189
104.776 170.419
460.54 96.1074
374.906 355.091
62.3419 16.9464
231.902 329.356
39.402 161.791
139.361 26.1195
90.1809 93.5871
211.922 141.791
434.347 8.34325
449.018 45.0469
150.344 441.009
430.556 53.9729
120.34 176.935
358.358 380.251
201.483 497.356
265.517 322.897
405.464 35.8336
96.205 19.8112
299.082 306.54
488.899 275.124
243.439 473.996
201.321 356.74
30.1784 284.258
133.16 19.6198
296.117 25.0422
340.88 27.0249
190.443 139.906
50.4458 385.878
254.866 130.068
492.278 314.138
289.376 372.922
253.89 417.747
142.343 23.6206
50.8224 274.631
316.766 266.982
226.965 216.235
34.929 10.8554
434.795 107.72
494.798 454.141
176.148 414.264
223.461 494.888
262.951 446.484
358.516 124.768
332.512 125.126
450.294 393.435
398.442 483.97
65.0051 144.947
61.2029 291.152
380.617 32.1519
163.155 41.7553
140.842 480.179
304.319 12.0206
65.2016 260.678
227.727 257.874
241.124 221.106
135.005 7.92571
59.0824 353.539
203.557 110.228
420.638 378.63
75.1897 85.1613
147.361 97.9043
428.592 267.42
144.323 121.387
125.157 76.8376
275.673 316.617
272.018 428.434
97.0787 26.7122
413.259 459.354
102.36 76.7816
18.8883 201.016
252.148 182.965
187.298 382.242
398.696 31.4646
5.9915 164.289
377.26 189.514
334.569 233.848
368.259 434.764
140.219 75.9174
108.678 432.506
200.846 470.32
67.1169 210.795
217.957 337.759
211.498 47.754
315.842 362.912
9.47296 137.221
487.168 52.5665
284.161 424.282
204.682 53.4644
360.64 164.624
366.439 232.946
376.385 477.756
147.148 95.1129
360.209 319.33
30.1177 276.987
434.141 314.701
467.361 376.968
250.259 94.3082
436.746 479.297
20.5599 23.8883
25.0822 440.657
387.584 209.122
148.436 196.387
63.0206 98.8827
487.051 475.299
188.29 7.317
37.7722 460.532
223.891 315.1
185.704 226.044
373.578 448.501
305.237 61.78
218.356 348.338
138.027 485.832
239.281 236.472
235.808 226.26
473.092 174.517
443.604 18.3582
341.897 221.488
81.8767 283.687
346.603 490.633
442.548 139.073
402.021 89.7329
39.9804 28.1979
223.9 195.207
182.535 388.927
22.2603 26.5435
323.34 363.473
99.6223 37.3066
100.561 389.504
157.798 415.763
369.717 320.081
323.901 387.43
332.024 306.939
416.483 89.0407
182.159 228.471
332.54 88.2622
190.364 308.652
350.932 464.208
36.325 109.482
328.714 182.679
266.993 126.895
463.204 447.934
185.749 88.2157
283.474 111.017
190.641 353.49
229.144 301.908
5.69622 424.764
400.776 466.749
146.758 333.904
4.82584 455.114
417.184 493.426
183.456 352.76
174.806 466.1
362.165 272.843
408.023 213.096
179.044 230.562
298.357 54.5133
117.039 466.293
390.448 38.0754
404.172 162.109
412.165 474.349
59.1197 191.698
413.783 350.403
425.137 42.9941
89.1727 225.86
489.016 309.326
260.9 427.468
145.259 277.28
101.965 223.094
134.908 405.798
388.447 415.816
319.549 434.103
358.537 177.027
151.81 303.508
475.004 197.874
128.937 404.263
42.4213 117.679
198.095 401.041
93.1931 483.354
325.723 311.354
33.8475 428.133
289.873 158.621
338.672 86.163
269.415 299.217
2.19103 417.092
35.9771 469.859
399.495 19.8514
195.103 402.54
16.2967 270.272
387.839 191.414
361.8 111.945
168.448 66.2502
302.95 371.87
484.297 1.29278
45.7409 152.951
115.186 480.456
65.1769 89.5704
280.657 88.3379
426.661 99.2568
376.183 336.521
11.1598 473.842
56.6863 412.127
96.2936 420.494
337.174 157.658
162.555 491.472
469.707 195.851
164.606 310.986
482.779 399.755
428.925 129.186
139.96 390.747
194.965 358.729
463.733 151.035
233.771 370.03
61.7018 163.517
194.346 156.553
110.945 211.962
238.662 30.7048
455.629 251.992
429.405 444.982
289.823 469.134
54.2767 61.7519
274.513 175.697
325.034 76.7672
315.135 104.546
153.398 88.7809
394.184 24.0417
282.314 78.4692
204.302 222.41
277.458 404.13
97.4443 486.541
352.603 313.676
35.6785 81.9932
77.6561 375.53
182.532 328.774
99.217 283.805
79.5239 95.8862
189.019 348.427
38.9852 124.718
393.355 350.144
334.849 434.481
180.538 458.135
435.87 420.593
448.746 156.769
481.682 5.4852
340.423 435.512
381.836 244.819
112.998 324.192
475.597 55.9252
69.1564 135.293
246.198 265.095
238.484 451.378
256.777 109.709
115.523 114.806
428.03 19.3341
140.635 53.756
497.225 225.476
64.742 137.911
491.446 385.736
353.399 491.477
182.842 117.568
470.874 293.746
82.2922 117.845
356.815 131.576
459.674 491.483
16.4677 353.195
376.48 11.9162
160.447 458.306
402.746 82.9294
450.168 56.9129
436.887 5.17586
134.385 326.403
225.364 291.611
246.364 217.563
304.115 351.538
410.329 352.569
201.454 361.284
81.3029 55.067
103.924 273.604
166.835 376.52
59.4354 360.963
249.647 263.494
434.85 18.725
310.436 16.5724
271.015 399.713
421.32 364.917
464.973 269.714
447.296 380.828
110.247 372.816
365.537 67.2447
18.7009 459.171
284.019 23.0108
275.222 52.9813
159.624 398.742
280.299 375.483
396.492 86.0109
367.393 432.265
405.744 183.563
443.646 233.746
44.7581 216.497
65.9355 337.631
188.66 425.344
123.395 48.0676
470.236 462.938
332.192 407.252
34.1522 152.286
371.194 213.426
116.63 76.3861
219.67 285.393
128.683 290.596
128.971 12.7753
274.132 416.388
89.0206 452.992
86.3337 389.152
180.116 51.4617
61.6194 93.5596
354.896 246.373
23.5376 227.46
322.666 447.056
462.325 280.886
83.5199 250.915
301.567 219.044
322.806 170.138
369.356 216.981
238.48 69.1112
9.08855 449.009
135.962 446.71
469.823 395.696
5.70733 345.353
318.762 256.646
235.663 246.476
78.2883 287.521
149.93 408.471
158.621 183.376
286.623 349.409
151.304 228.511
358.462 324.898
54.9041 494.083
316.199 97.6688
368.465 163.581
321.569 312.117
271.53 78.7451
412.709 363.52
391.4 404.165
153.277 416.182
231.324 349.557
383.175 436.54
386.194 198.728
174.996 219.185
267.182 393.271
16.825 384.024
205.85 184.853
473.98 434.043
425.08 209.656
206.013 175.469
199.529 255.559
47.1172 86.0423
237.954 53.3876
77.3115 153.248
459.598 8.38925
173.75 210.586
11.322 201.133
247.092 227.528
121.243 74.6206
253.773 405.751
291.117 436.242
394.419 445.226
73.2082 9.66364
150.794 215.805
252.374 403.712
37.2495 191.242
263.461 257.503
471.083 321.803
22.6979 243.063
286.758 299.592
369.621 448.416
330.584 280.59
353.675 192.947
377.055 485.334
92.7933 382.397
274.944 310.414
132.682 98.9701
17.6006 288.816
248.08 429.056
390.466 82.9377
289.74 114.963
315.629 464.949
140.646 43.8912
328.528 384.695
247.724 103.053
30.4842 143.667
460.006 11.1192
206.651 444.158
371.457 135.635
180.093 156.35
117.371 267.861
486.728 414.136
49.1223 392.848
414.283 265.26
418.24 65.155
367.458 401.859
498.271 372.945
433.904 318.826
16.9416 326.377
323.663 345.455
197.08 365.129
353.504 88.0886
309.87 364.052
419.239 42.4661
327.409 361.934
376.692 110.98
274.465 250.596
474.497 125.237
53.5259 51.7265
471.718 119.116
420.195 141.197
25.2249 242.538
473.503 163.903
183.111 357.443
200.844 332.496
410.023 284.127
466.516 366.469
45.7889 221.739
115.247 430.049
206.839 198.282
255.327 187.957
348.308 465.205
271.749 66.8887
489.737 205.054
94.8668 148.543
449.861 360.112
80.5893 404.771
433.313 329.332
433.741 276.533
295.075 330.108
444.806 193.541
429.854 213.054
493.161 444.63
79.3821 326.435
55.6602 440.511
278.816 163.891
17.1304 246.785
79.0724 399.311
379.545 14.8847
449.449 402.613
169.924 402.084
259.479 165.155
324.202 293.994
310.358 467.606
125.547 109.629
219.314 292.696
252.122 154.447
188.646 281.074
320.978 225.209
396.725 62.1945
224.207 58.0334
217.177 88.8022
136.328 108.292
206.854 71.6938
22.7661 375.017
86.0272 487.013
154.764 343.208
155.326 8.61111
282.116 439.75
435.607 227.005
221.864 6.83304
29.6317 417.489
248.051 461.368
420.806 373.324
379.33 440.658
50.6111 156.714
80.4492 389.441
475.874 111.875
393.725 152.632
81.724 153.967
297.733 75.907
35.12 336.537
335.608 54.3857
209.593 442.073
101.877 344.388
416.456 115.14
434.49 331.515
67.4209 446.273
183.948 35.2851
34.0503 55.0542
441.547 127.967
275.895 48.9629
123.149 439.204
253.512 7.80587
34.8805 262.764
170.113 53.5368
297.637 61.3452
224.119 35.4167
262.059 376.525
385.545 363.574
109.614 127.234
291.328 387.46
7.64863 294.295
261.675 204.161
401.042 59.3619
389.646 87.1333
114.621 334.276
191.714 470.249
279.878 266.702
100.069 199.706
402.993 152.219
255.712 48.0253
381.531 226.147
470.484 219.466
397.654 414.194
93.6476 137.441
132.018 245.571
420.921 481.099
41.6678 108.406
122.961 469.101
424.376 79.9585
141.969 205.3
438.65 437.313
372.918 310.988
239.234 195.023
4.53185 42.6009
403.444 33.9547
353.614 13.7113
409.089 93.0541
152.768 21.4485
449.926 458.033
422.446 452.407
361.454 23.2594
252.749 230.482
179.718 350.621
23.5404 263.688
173.776 206.392
312.533 47.7211
259.203 254.929
73.9454 275.341
121.336 30.7404
471.684 55.4833
357.289 86.798
138.993 208.006
198.944 117.356
326.369 417.454
453.333 272.298
257.201 103.625
72.0505 146.106
318.047 383.784
96.1801 319.132
285.606 356.436
268.951 458.827
237.404 238.127
430.667 93.3857
102.77 132.499
101.061 182.298
294.32 157.773
308.275 409.144
331.467 473.943
247.772 195.407
294.204 40.2792
249.913 466.522
490.22 131.727
144.219 99.897
215.229 477.432
147.499 107.263
8.08863 465.454
1.9525 52.9282
175.824 472.347
14.7546 357.784
389.055 334.38
97.7526 313.033
414.164 469.152
137.796 269.031
477.598 73.1079
166.809 364.985
409.141 153.579
104.349 437.345
318.327 302.181
15.7123 464.063
293.35 31.4553
448.587 255.576
299.705 183.518
28.299 298.661
88.7493 74.9604
451.36 371.976
393.035 475.463
363.897 411.491
254.924 33.8162
359.901 262.305
486.511 487.147
61.4616 168.778
382.938 62.271
103.686 243.553
67.8419 482.174
189.691 100.934
302.683 134.203
357.383 167.065
178.064 148.966
176.608 128.699
299.411 88.9925
284.906 185.407
107.076 134.855
136.263 334.89
46.5693 487.224
388.166 139.218
47.1074 67.8377
454.973 85.4965
430.293 355.375
332.914 122.539
429.884 394.814
297.066 293.292
156.353 456.705
441.751 292.477
108.722 50.8666
38.3632 332.206
428.463 11.7069
63.6396 398.587
67.9978 184.915
476.871 79.1225
475.768 68.8084
273.1 346.507
193.668 43.8019
130.632 429.022
311.718 454.947
494.513 76.5135
293.665 111.26
428.179 32.3218
429.055 43.3807
59.0056 481.191
93.8984 179.072
216.567 214.572
296.111 445.75
29.2678 192.689
53.0723 73.2353
254.025 367.892
31.8402 80.7624
404.005 93.1781
359.561 116.677
368.551 214.176
94.1065 16.2847
286.437 115.801
43.4359 130.569
125.695 292.246
204.699 235.501
245.591 55.9788
304.945 242.946
481.752 292.766
436.945 440.831
347.95 261.029
399.827 380.109
405.387 410.087
123.077 375.768
111.248 9.08597
378.703 231.935
35.6144 73.8687
2.23191 367.968
369.435 202.494
404.122 219.9
274.589 377.196
419.802 216.128
81.9775 336.809
359.037 332.051
42.101 150.193
314.737 232.743
134.929 498.721
460.124 477.232
24.173 435.187
120.089 443.035
298.054 166.655
245.704 462.791
346.342 231.774
394.414 424.479
484.366 257.945
76.8232 384.042
190.868 251.119
390.315 482.154
209.572 210.775
346.32 128.964
13.5966 455.804
362.22 351.448
274.536 60.0599
290.999 1.98631
451.038 59.669
355.447 302.719
62.6128 365.331
319.933 202.197
242.492 446.857
143.091 297.225
106.21 232.839
188.722 333.642
79.3863 441.547
365.661 98.8765
360.882 489.015
314.891 348.752
388.352 316.629
400.985 262.505
318.425 210.17
463.346 416.895
468.164 112.361
381.923 426.547
93.5052 434.539
426.52 256.084
139.37 303.785
191.834 348.186
186.193 365.249
434.777 279.99
421.335 328.207
337.76 147.333
355.57 314.882
187.782 436.898
220.235 398.252
115.945 130.794
258.532 259.094
362.717 375.44
193.777 343.225
244.163 280.699
474.85 447.153
108.834 70.1171
209.848 246.121
277.547 17.0296
289.012 206.983
37.4018 53.9686
288.517 188.568
12.2316 253.199
25.6128 89.415
129.689 490.255
237.034 74.6536
28.1454 355.438
270.427 202.518
22.2665 37.3028
418.237 496.061
280.591 2.81969
324.163 226.744
450.353 436.384
430.611 438.591
275.503 43.2048
483.535 380.461
305.876 203.024
103.801 450.825
434.218 429.731
469.59 22.418
172.173 409.82
348.813 365.394
210.855 198.906
411.286 120.081
406.131 376.542
167.857 474.167
493.111 28.4517
186.984 71.87
285.225 180.113
219.721 365.492
211.325 332.006
368.767 154.398
17.02 483.602
15.8698 198.893
393.077 120.991
344.656 481.364
130.698 388.968
237.047 210.699
127.642 174.261
475.024 157.306
41.4565 51.2804
303.414 107.076
84.8744 95.0448
450.625 465.287
123.761 284.259
66.1606 44.9671
164.427 257.342
19.9519 60.8584
452.394 331.958
293.768 357.205
379.124 224.981
351.238 109.679
433.135 437.427
286.87 377.686
106.153 395.957
46.495 343.598
462.579 219.369
216.763 465.692
271.67 209.209
191.323 76.466
329.095 401.073
487.164 354.264
479.857 181.451
429.708 372.098
483.529 472.548
391.397 91.2003
421.102 193.232
376.624 72.2602
326.845 203.926
179.332 162.061
146.342 444.631
59.413 257.954
346.304 216.768
138.152 222.474
413.654 53.9595
32.6773 310.48
119.871 104.296
223.421 163.323
223.311 295.878
82.5898 440.091
234.144 326.822
99.6893 327.403
24.8696 49.9292
315.954 206.57
120.629 467.732
268.954 48.5732
47.4201 91.2976
274.454 63.765
296.576 201.679
178.353 146.39
460.386 374.867
275.39 498.505
1.23955 185.314
35.6148 220.795
114.243 316.712
249.269 245.19
364.869 196.418
420.231 441.354
341.038 117.354
444.071 78.6038
43.5377 488.352
410.934 256.989
133.861 24.1193
136.789 117.44
199.855 170.728
379.591 387.128
336.98 26.6229
196.222 266.425
237.833 135.507
245.17 458.846
150.424 264.284
341.666 390.595
487.97 163.004
76.2502 64.1007
353.738 217.256
330.868 254.052
268.379 389.664
12.5963 144.007
193.458 451.177
381.555 297.742
375.396 317.804
216.431 395.802
170.051 101.051
383.045 480.543
288.595 163.99
237.922 247.824
492.803 369.101
124.693 302.33
240.599 463.465
498.123 217.494
216.138 379.438
237.518 360.414
163.713 447.42
174.586 310.268
200.481 158.762
396.889 387.055
479.377 178.689
298.694 64.9489
464.715 224.565
276.027 466.318
185.825 149.29
488.864 107.129
126.388 1.8943
339.986 461.888
244.048 478.103
455.973 366.252
402.385 477.625
20.9477 382.191
10.7914 247.984
119.058 199.841
455.605 249.295
10.2998 378.509
498.061 289.487
444.061 341.294
251.794 107.95
367.423 367.085
139.723 100.868
415.374 388.273
88.5655 497.349
12.5534 132.025
379.636 349.294
59.8061 385.195
72.1387 294.313
297.223 219.959
139.855 443.309
495.462 437.699
168.633 394.716
357.044 43.6025
185.838 75.3671
363.393 147.794
443.295 120.185
442.687 465.989
462.732 213.287
6.56118 469.502
336.852 106.007
478.413 109.01
100.15 458.877
351.327 67.2608
197.036 76.3842
33.1077 144.733
406.74 306.152
357.925 232.958
422.835 239.646
39.4792 260.688
107.369 379.021
296.981 109.375
22.857 496.052
150.058 368.226
423.63 329.428
76.9294 147.062
54.8357 320.447
8.39944 56.7203
402.543 454.453
463.88 201.566
259.635 294.118
466.991 53.1779
323.241 200.598
305.046 224.5
4.22723 162.119
484.366 128.004
279.352 181.691
265.52 446.188
14.997 145.228
198.42 466.547
48.9553 139.585
43.4924 141.506
302.369 282.815
280.77 285.093
178.716 370.632
378.463 228.907
247.868 409.924
35.124 466.972
421.087 325.579
150.391 27.9506
201.063 437.244
157.293 72.2405
192.221 453.931
34.9023 186.177
179.514 306.743
446.1 259.856
125.706 56.4281
246.524 260.389
55.4998 466.685
129.245 96.3218
466.843 213.382
297.862 462.399
78.061 379.377
204.061 468.262
111.087 309.318
130.814 114.913
257.141 404.931
276.422 168.239
352.681 302.065
297.99 408.781
138.655 297.521
465.1 183.914
349.194 157.546
42.9544 39.0444
453.475 486.89
417.917 460.967
155.209 80.2831
262.917 249.345
231.165 297.37
362.574 442.518
422.229 41.6001
460.987 287.977
268.04 85.0084
351.693 296.042
97.5111 392.27
392.201 28.343
390.79 383.727
347.733 252.375
285.584 168.755
78.8774 82.0604
220.906 142.601
417.041 184.414
63.3939 264.058
446.922 452.43
391.373 218.166
45.3966 335.641
33.523 215.175
179.21 101.858
35.8656 455.163
450.695 147.929
441.077 451.256
483.407 52.899
248.452 202.062
428.201 126.161
161.653 9.18789
343.217 175.084
241.456 434.329
205.544 279.38
232.098 1.37593
78.534 223.232
88.5073 308.36
123.392 356.262
128.176 7.18715
472.359 355.959
53.963 379.082
67.0311 214.335
361.151 183.864
420.606 61.4497
340.774 130.864
27.9726 205.711
455.94 429.741
171.448 385.81
85.8441 216.355
338.819 326.931
183.879 146.114
344.932 444.436
161.563 284.973
11.4142 110.404
351.289 34.8758
224.904 471.008
365.708 290.624
193.652 319.356
355.203 171.714
242.636 74.4063
203.232 238.565
115.163 394.586
111.471 439.945
473.091 105.113
301.505 365.728
5.59245 352.992
283.429 261.293
52.5828 396.049
165.706 165.551
136.247 388.381
94.355 246.226
353.664 45.1061
181.661 244.688
435.621 362.33
105.752 470.589
496.5 484.229
107.405 254.538
71.6415 99.4053
227.912 415.028
182.437 181.73
19.1508 55.8988
392.7 84.6589
475.826 188.557
155.752 92.1283
154.759 369.954
412.907 353.088
256.032 247.678
434.8 342.728
258.088 114.04
398.21 359.086
132.605 493.977
57.7697 131.531
273.648 70.9479
164.859 437.261
447.677 107.157
336.862 387.882
89.7281 61.2047
194.431 115.808
164.142 340.553
10.4918 311.479
108.572 209.515
46.7975 64.18
202.758 282.452
248.636 469.613
447.771 241.273
55.5351 229.349
62.4783 203.141
322.638 325.704
275.454 269.716
357.608 295.328
200.727 406.699
116.892 313.535
266.729 57.2915
339.989 380.806
148.211 210.374
284.865 208.46
138.616 95.2553
129.833 443.101
451.134 92.2632
92.314 394.205
50.7916 480.566
447.818 266.26
168.646 279.651
128.186 110.629
148.852 269.581
221.96 98.7217
470.521 245.639
468.903 55.5063
101.644 434.715
159.745 380.029
55.1948 27.5622
108.995 40.821
317.334 124.395
80.2234 63.7395
363.611 292.991
46.4711 26.2471
48.5588 301.943
463.715 475.157
257.283 57.8415
77.6902 358.13
69.2047 476.767
291.678 268.351
114.964 346.156
32.854 349.739
315.103 328.054
377.702 121.761
268.06 445.555
44.1057 442.679
204.101 380.574
179.164 269.873
12.7681 230.844
86.3933 3.05989
164.258 75.681
134.159 76.6231
470.247 94.7602
249.916 191.315
215.733 298.401
354.025 477.14
138.34 40.7548
265.389 233.582
224.957 348.975
95.177 380.615
70.1455 360.814
171.862 486.796
498.442 362.554
383.373 20.9079
438.955 310.28
128.04 149.17
463.178 134.57
205.118 408.908
491.032 212.218
298.676 445.053
37.1207 328.21
346.855 427.446
487.793 424.808
76.4041 125.341
492.598 379.561
2.45138 197.985
122.228 125.06
35.4178 147.997
349.096 399.367
209.992 217.597
25.6732 281.967
68.8929 24.5583
138.247 438.013
3.3592 201.583
19.3735 361.405
319.226 54.0576
448.326 226.05
216.328 335.713
419.217 282.502
336.902 405.302
409.716 305.169
196.283 339.103
215.958 91.6013
145.839 351.983
321.89 178.874
298.566 468.168
466.004 455.858
300.34 82.1255
259.349 266.818
440.561 172.801
7.71454 441.555
97.4319 397.672
250.902 162.7
209.345 234.103
326.535 215.943
85.0235 125.892
139.938 425.267
484.898 382.65
43.3715 473.416
218.946 490.514
123.514 305.889
230.406 145.102
405.989 352.989
80.8414 24.5982
362.512 172.698
78.7924 361.114
378.611 239.418
20.3417 194.029
119.383 307.397
407.359 261.079
21.8363 76.3947
141.57 81.0821
67.7392 424.242
448.566 474.466
289.652 448.213
140.3 195.189
210.922 27.9448
122.661 396.466
304.343 24.7162
305.299 193.02
286.302 471.364
218.624 41.7079
300.65 16.3079
146.511 56.0644
423.891 373.821
314.205 320.194
347.459 204.353
92.3536 260.01
183.014 472.535
108.2 1.61152
434.451 22.1334
139.006 62.741
230.859 383.738
283.312 2.45576
209.469 446.957
120.604 250.69
55.7663 398.209
432.84 406.894
398.193 200.703
415.302 75.1116
143.828 35.1212
402.156 303.569
420.087 269.471
465.06 51.2974
145.269 432.296
378.018 194.115
209.842 303.355
125.142 51.646
99.163 165.903
306.08 264.205
270.836 205.416
24.5857 101.377
218.723 323.293
211.113 468.851
187.144 159.699
485.391 325.435
301.891 368.552
320.926 314.759
54.778 273.094
425.896 57.4597
486.141 170.186
296.998 440.194
268.073 381.565
258.95 465.262
286.091 391.36
23.423 279.542
128.503 351.21
458.702 85.9971
220.408 354.901
425.103 259.049
351.511 95.9509
104.44 268.132
455.759 235.132
483.473 156.028
467.292 461.412
421.347 95.9025
199.35 154.853
474.511 314.224
124.225 243.142
381.661 439.12
290.974 4.98787
84.0334 322.066
233.116 189.494
210.95 21.5745
3.38856 140.369
148.543 181.599
80.817 162.112
464.374 104.218
373.128 72.2541
452.425 4.58641
83.5855 392.47
498.035 239.936
50.6003 97.4183
69.8882 77.7804
210.084 400.242
197.307 393.119
340.596 316.154
321.385 272.699
193.479 246.295
127.668 480.604
293.295 452.27
407.401 379.582
44.4497 378.6
185.698 81.0318
30.1786 445.926
488.724 342.001
89.6044 2.93125
271.038 119.116
314.009 201.577
333.266 349.036
365.394 238.247
118.473 236.305
422.1 208.773
283.992 487.958
321.144 292.276
410.477 66.1219
70.2313 397.489
14.0372 171.677
468.349 183.422
212.236 365.884
351.962 184.371
244.828 445.614
156.518 462.766
185.962 204.141
424.687 86.8696
389.613 206.368
56.0768 150.966
439.255 130.577
373.31 340.581
281.332 20.4836
476.109 3.34708
434.538 184.494
266.19 89.1652
155.24 100.122
8.3597 391.033
213.653 54.3793
120.819 137.311
253.054 21.0476
343.372 342.827
218.02 36.7573
403.397 374.647
369.796 358.795
320.116 330.77
176.761 496.799
9.47742 161.789
333.174 197.656
342.81 402.901
134.493 380.079
370.735 58.0042
39.4028 309.319
472.181 285.452
234.441 173.183
49.6775 495.44
119.212 114.707
222.87 82.3934
375.748 231.669
412.33 239.322
48.4372 99.0141
252.782 385.322
51.3925 441.452
424.512 349.645
327.026 6.15251
242.118 341.276
149.514 99.529
272.89 382.036
22.6736 176.51
150.857 161.239
383.593 406.707
280.312 488.664
81.8849 275.191
66.554 231.96
60.8024 379.2
214.624 219.575
159.545 352.45
312.594 36.6975
318.786 259.174
277.941 115.679
44.1094 161.615
130.19 438.841
441.996 485.367
352.399 238.353
158.143 241.472
385.771 381.921
59.9445 348.357
218.481 362.998
131.776 250.672
167.59 456.871
255.65 263.954
295.45 60.0917
211.326 334.926
443.779 454.895
23.7755 23.1101
482.283 30.8626
21.2346 9.31267
27.1825 17.7704
341.803 172.395
476.295 363.913
365.284 394.722
286.532 125
255.637 202.45
449.912 290.676
218.556 4.48785
287.337 386.709
33.2126 222.417
229.852 338.114
47.4269 146.905
480.252 310.322
337.251 141.899
456.341 472.258
18.3506 133.942
142.475 304.746
232.918 124.796
264.215 386.806
91.37 322.738
30.523 293.214
32.4461 114.853
289.035 107.312
2.62372 72.6655
167.35 244.05
208.236 475.508
107.365 375.973
300.929 187.792
340.651 63.4648
131.421 31.0186
109.242 154.82
190.95 123.898
167.419 307.078
266.535 160.55
385.391 492.452
312.911 127.548
59.0294 264.745
474.248 102.69
433.389 270.656
83.0045 139.301
126.045 236.678
128.651 427.336
227.272 140.882
394.867 290.229
422.111 435.806
454.329 286.29
242.791 208.244
42.127 81.8546
359.606 169.912
6.02355 28.1411
77.3182 478.864
245.972 106.382
12.281 430.649
223.625 140.287
174.706 62.999
259.221 38.0985
319.356 441.132
356.674 328.998
298.216 128.39
489.059 326.296
357.074 148.949
462.351 333.334
162.47 223.125
321.437 401.107
310.838 440.619
252.186 72.0354
266.051 1.735
159.068 189.32
242.89 489.595
1.60416 423.455
90.8934 6.98815
485.374 122.65
396.609 5.25681
351.481 1.59518
17.6775 323.829
126.497 220.159
241.555 86.1758
449.875 482.489
40.6439 121.614
13.39 449.603
337.217 231.573
88.9272 257.976
484.442 189.801
82.1876 114.15
475.96 411.76
100.684 271.048
25.0216 456.48
234.564 237.469
449.439 142.803
230.273 73.5609
124.474 107.389
127.283 284.394
396.805 154.147
160.553 407.652
327.207 117.948
138.484 228.959
341.535 151.469
127.315 269.837
213.046 8.74247
463.781 111.559
448.553 493.352
5.17601 451.273
171.618 372.323
452.637 242.358
305.052 260.471
41.7762 399.525
472.704 177.687
465.396 373.208
149.997 400.095
480.097 53.705
383.611 102.698
149.42 191.05
426.125 393.36
142.326 27.3661
475.915 343.857
34.5307 355.218
263.265 21.032
153.602 311.572
379.405 335.853
359.429 235.443
263.042 334.105
1.5414 56.282
159.627 50.3709
203.469 260.91
433.584 251.523
473.582 24.0837
410.325 433.675
354.069 110.476
152.712 225.971
441.452 414.894
365.975 240.835
456.522 110.689
307.871 50.0749
68.1411 99.5728
197.466 471.932
372.326 112.978
127.497 272.452
19.0622 69.9623
484.76 49.5663
193.25 388.108
370.292 480.807
126.116 330.586
479.438 357.225
156.258 225.228
43.8386 268.624
53.3342 359.866
315.173 177.311
484.921 166.482
479.733 216.433
381.72 212.666
286.326 204.858
105.891 426.457
399.355 463.319
129.665 224.165
203.94 460.114
135.384 132.004
96.6411 115.989
255.391 96.1307
227.069 463.464
394.394 337.141
21.5135 485.693
103.113 36.6201
205.904 124.46
159.445 78.8217
400.672 67.5851
70.3067 249.414
323.716 235.498
432.489 248.557
396.616 151.655
380.332 371.601
241.852 188.204
302.157 20.3711
30.9741 91.0501
201.657 475.852
178.198 216.532
26.1985 24.4302
340.726 438.242
141.234 239.161
472.15 382.195
88.9228 88.5115
360.829 206.198
372.642 287.925
384.745 260.655
241.504 191.922
314.215 404.138
211.094 201.759
174.433 260.369
474.913 489.74
277.773 60.7694
195.108 207.204
328.497 242.589
33.9842 253.448
7.91569 50.9394
164.008 83.4784
494.953 498.678
423.491 409.874
450.47 470.024
407.14 496.228
18.489 95.554
103.98 391.979
211.893 418.025
384.128 448.339
331.012 332.391
428.951 297.12
40.3515 445.345
148.944 320.553
123.326 462.797
319.777 221.376
319.999 458.176
299.311 175.254
381.189 445.865
81.2486 254.586
149.757 188.581
410.372 231.061
341.649 339.363
84.3766 263.47
162.785 237.418
336.838 399.131
168.082 409.349
49.1929 73.4829
302.901 123.946
269.511 232.046
52.885 149.996
54.895 326.337
202.694 347.474
89.9196 96.993
30.6867 324.22
276.499 389.834
258.358 240.948
270.211 1.3257
363.73 423.707
300.989 214.661
137.544 154.184
69.5729 147.993
254.337 354.877
18.4294 275.978
422.112 497.684
99.7356 50.234
399.389 495.83
352.215 142.792
460.179 396.079
456.367 9.11536
296.768 148.713
122.717 353.155
344.319 151.086
1.41699 91.9738
495.849 305.807
94.2328 367.818
207.495 339.216
355.649 382.206
110.288 444.076
21.0361 404.202
425.725 31.2369
232.827 8.68632
87.1236 260.046
212.609 312.524
266.213 327.968
359.354 358.89
276.461 457.071
110.901 20.1838
442.751 434.413
40.7278 166.769
136.898 421.672
282.719 376.326
357.937 450.143
469.535 90.7447
100.638 39.8841
141.12 98.3687
49.6914 257.533
35.6869 126.671
2.41996 203.979
257.817 498.638
316.347 71.6874
6.90304 277.039
197.17 90.226
436.886 168.828
493.283 123.645
192.324 222.764
314.809 337.908
121.367 485.594
356.071 288.328
223.064 475.187
71.5394 32.1694
241.049 476.021
175.315 179.595
214.856 103.368
42.2471 127.323
156.839 50.3558
235.277 292.812
412.341 274.805
221.089 28.7407
280.755 495.447
98.4622 498.634
138.106 72.3359
428.636 414.09
16.3355 343.161
43.4474 77.8429
299.631 274.615
448.76 370.958
321.212 358.32
52.6538 260.206
193.226 92.0654
63.4434 135.199
165.552 78.8432
489.882 226.889
214.336 80.6092
368.142 327.73
156.922 443.98
48.854 70.5103
465.75 58.5361
55.7776 290.378
395.264 170.538
360.494 202.556
103.534 188.071
278.086 289.623
480.997 487.305
404.167 451.051
423.427 320.181
309.877 213.687
421.24 218.611
440.028 73.1294
168.184 112.805
413.264 395.371
215.912 210.051
210.379 67.0541
65.7546 497.692
199.637 190.94
33.8396 117.166
421.56 277.372
178.999 174
62.975 324.789
25.6177 138.868
473.962 477.254
248.718 334.912
4.2794 100.151
368.43 172.425
270.744 237.766
353.783 28.5409
231.147 470.971
283.528 64.0678
30.3638 30.0892
102.393 193.872
423.37 359.787
363.882 16.2933
258.048 382.262
298.16 254.692
51.005 225
156.58 103.205
247.753 361.468
56.6445 178.505
370.555 220.744
169.192 106.653
201.261 90.6648
472.051 404.631
36.0333 409.808
163.119 78.1941
393.549 50.0308
462.008 204.661
170.021 471.566
479.736 368.059
47.5358 102.962
86.3013 381.321
68.5018 277.769
249.341 47.7383
100.93 418.473
175.045 133.355
313.412 279.405
496.129 406.052
428.829 231.343
335.798 348.447
291.923 13.9298
396.415 116.226
246.104 247.934
344.474 256.997
68.6709 176.572
395.372 426.76
163.607 290.074
259.934 99.8501
454.069 360.877
495.032 366.962
170.512 117.422
492.654 371.857
119.135 163.139
96.6104 174.072
428.476 312.589
336.5 300.143
245.998 117.65
278.969 218.478
296.533 348
491.564 48.9994
445.173 1.61744
253.853 342.992
377.133 140.159
397.332 1.29741
277.425 230.975
320.33 167.306
371.78 33.8742
97.401 332.257
127.775 260.413
59.7561 116.879
360.944 305.274
20.8798 137.044
39.0427 408.402
125.356 372.18
494.168 295.143
428.346 305.84
418.948 238.652
82.4971 221.378
32.7079 280.941
100.022 98.0111
344.595 466.883
393.532 87.2995
149.582 434.959
148.496 494.11
400.838 157.108
126.833 340.096
74.8965 344.873
35.7317 497.72
360.764 48.7296
265.704 4.42701
64.015 228.745
242.039 451.826
253.934 37.1078
126.379 4.84463
58.1174 146.609
1.43471 428.082
490.745 244.856
156.766 440.726
152.94 2.06864
265.629 173.131
192.94 419.021
484.894 451.043
481.264 389.75
304.579 489.815
27.2682 244.141
234.461 381.844
364.675 426.863
48.966 135.35
341.453 77.2339
388.506 51.7283
415.442 127.627
448.624 68.5401
376.699 418.55
262.085 298.225
479.143 450.299
9.74971 255.62
267.021 290.992
150.014 330.675
202.928 396.473
32.1027 330.72
253.271 172.799
325.98 290.028
401.138 483.248
62.1081 259.129
15.4953 230.012
216.678 325.816
390.73 102.647
489.131 222.935
284.102 456.756
245.327 130.062
310.78 9.83056
46.77 474.852
254.95 238.503
378.273 93.2161
9.32956 252.948
439.417 460.875
32.6883 63.0508
339.911 333.474
66.0976 252.063
126.121 415.539
172.816 22.1096
83.8871 190.749
25.7469 207.473
478.117 131.616
117.925 461.19
114.792 273.836
112.378 355.037
342.098 395.765
497.915 433.556
69.1448 138.633
437.734 370.419
313.633 311.135
341.936 228.318
2.99724 125.097
388.659 407.362
410.678 416.822
356.364 179.026
492.403 311.522
278.84 498.618
219.434 255.768
187.626 298.85
470.305 296.834
112.784 433.593
310.45 350.539
210.231 266.604
367.601 219.161
3.97185 358.438
454.016 213.914
367.386 265.345
162.616 91.8447
74.3866 477.56
224.791 202.496
441.67 85.0274
341.756 313.547
432.308 152.56
303.222 452.865
73.6535 38.2482
399.281 71.7719
65.8905 70.2285
413.457 284.023
119.868 212.064
408.065 255.387
80.5184 13.558
326.145 258.538
266.942 463.773
179.944 356.989
60.2329 60.1976
187.712 235.864
138.04 273.396
120.051 330.778
66.48 6.0666
66.652 433.17
356.517 406.952
434.96 268.701
69.8293 314.409
372.105 403.176
434.713 255.92
457.321 478.699
101.104 351.654
166.048 355.701
12.4625 204.487
258.188 303.776
361.189 413.975
409.529 77.2227
98.6311 340.821
136.565 169.912
5.66148 115.051
480.852 458.514
482.299 202.235
169.648 419.585
260.57 211.307
122.959 2.19978
306.176 330.895
371.026 378.395
310.466 327.471
43.6338 304.47
354.745 497.331
289.044 71.413
197.825 307.36
218.216 442.648
158.162 311.507
203.121 191.102
121.782 106.84
105.344 320.387
131.651 88.9915
29.5598 396.217
221.973 44.9457
155.172 201.697
324.195 154.576
220.951 267.721
214.363 381.861
122.242 386.305
386.796 398.827
216.096 294.34
226.982 385.565
396.983 234.597
27.046 278.206
71.6039 58.7063
307.707 495.685
431.783 124.744
40.0788 287.622
72.7069 429.14
338.985 192.141
155.782 247.051
468.876 174.032
83.8797 347.889
174.893 10.0217
484.553 141.73
40.0292 440.384
306.752 231.582
142.724 74.7419
424.107 387.885
335.66 64.7096
87.4749 135.521
230.854 54.7297
479.532 221.975
50.3011 82.0417
80.7902 382.298
197.131 335.452
25.7276 272.202
156.701 204.029
439.18 323.573
89.7184 319.273
198.891 347.01
59.24 2.5021
476.032 182.888
46.5247 290.049
309.953 450.564
155.437 149.029
158.788 157.262
298.907 146.115
135.343 484.584
21.9276 204.165
435.943 199.335
456.146 341.461
414.083 406.988
164.045 457.455
247.245 177.47
369.488 346.719
57.188 154.673
177.844 478.67
487.175 219.48
486.177 459.421
228.303 92.185
414.788 57.1831
441.769 188.489
495.447 331.196
213.408 315.064
154.157 481.854
397.311 160.012
275.475 333.677
201.145 52.9478
374.82 482.934
316.508 152.843
122.716 405.357
211.947 97.4237
152.473 319.814
51.0665 411.835
154.834 365.995
357.96 111.228
186.129 64.9068
211.793 271.102
16.4337 486.52
494.397 191.038
446.003 157.266
201.256 494.476
168.801 166.494
167.002 52.8979
49.6106 29.8722
94.885 497.787
277.755 140.428
8.05233 374.448
86.5489 281.956
124.765 465.148
52.4992 296.825
374.549 262.106
280.689 26.0283
470.719 210.556
160.294 149.503
314.021 411.552
190.109 86.2974
167.145 35.3665
222.592 479.688
394.016 40.5281
424.962 3.95811
368.842 224.479
304.352 251.228
431.346 10.096
163.744 464.026
99.1749 122.025
306.193 58.8156
234.674 358.684
205.741 433.143
346.939 398.015
240.373 27.7437
167.709 142.74
362.239 381.487
323.553 411.806
423.716 405.899
166.119 118.386
121.831 131.049
356 420.697
434.466 302.886
296.116 100.752
117.723 124.292
287.219 362.13
216.657 374.944
469.684 291.033
311.413 472.268
317.284 459.953
239.21 358.396
270.478 355.669
334.298 328.46
229.9 162.486
132.221 479.135
447.812 388.985
417.994 232.221
118.617 274.218
139.842 387.054
289.575 462.123
127.756 76.0716
215.168 254.975
437.24 10.5191
145.273 379.23
368.419 30.7824
457.451 352.101
109.167 33.9847
296.057 392.252
199.861 268.187
159.06 355.786
198.362 309.999
187.177 146.383
361.847 299.489
233.322 373.798
402.85 96.7638
464.847 414.649
304.25 315.798
377.865 175.212
224.553 304.561
479.558 168.465
93.3749 73.3814
47.6417 161.258
193.907 267.924
110.054 385.865
287.814 219.941
421.108 3.8945
290.072 139.112
18.1209 266.671
200.854 314.968
466.311 199.501
234.946 311.163
414.695 393.153
299.369 118.173
160.819 411.273
424.121 335.534
436.488 390.502
332.814 128.894
30.3921 280.059
118.321 297.445
448.716 161.321
28.6926 108.789
341.081 416.242
416.138 325.002
286.04 498.031
223.565 309.891
488.906 39.6394
142.572 469.535
152.877 288.997
58.7637 172.201
448.071 364.67
313.857 218.828
178.232 152.393
105.943 61.0173
353.252 79.3435
382.771 369.069
72.8634 235.289
352.019 372.501
114.926 87.2895
290.397 272.697
168.979 51.0692
147.596 389.941
474.291 353.571
185.412 409.017
159.525 463.253
207.795 282.469
2.18935 455.885
190.247 50.0073
47.5834 324.06
320.559 480.89
232.722 387.126
275.644 313.361
68.2859 428.153
205.895 252.292
469.943 215.644
241.702 195.222
470.095 116.143
376.534 451.763
430.939 188.336
207.466 292.04
262.946 132.005
259.361 491.595
392.93 469.068
180.323 330.964
398.242 453.209
65.2563 116.153
279.143 14.5623
351.343 132.836
82.4873 195.263
41.2639 87.8662
332.772 421.58
73.1113 55.7048
18.4117 399.816
475.229 450.229
278.81 409.249
326.546 401.651
137.207 496.472
296.361 411.945
217.786 136.902
372.771 138.975
289.424 251.528
377.881 19.2958
78.4381 39.0379
465.57 495.214
180.716 372.254
151.919 269.979
82.4974 345.503
443.445 177.521
84.7503 161.512
113.175 89.4134
294.883 316.14
197.983 144.389
262.644 92.255
93.6018 196.915
447.306 247.842
354.004 357.132
474.959 81.6932
480.259 38.047
447.362 298.361
38.6824 443.148
223.665 444.211
492.912 434.052
322.114 229.542
364.753 272.062
242.664 429.534
40.3584 294.476
493.705 302.95
23.4414 166.411
163.41 397.679
487.37 498.655
108.725 192.184
370.515 340.665
359.363 435.613
426.656 303.153
226.363 21.2909
379.135 366.124
368.217 486.541
4.63665 134.635
43.3726 286.275
145.532 51.9718
389.623 70.0963
147.82 92.4072
321.845 466.903
472.015 446.845
270.774 69.951
488.622 82.7511
212.437 57.0997
205.855 497.776
345.922 51.952
166.4 220.824
494.264 373.735
199.922 413.877
381.93 363.327
227.922 207.266
468.734 429.028
164.559 302.479
10.9519 88.1299
427.727 488.802
481.938 242.425
22.2624 251.641
282.542 467.38
251.851 114.957
463.455 288.795
250.264 90.8663
255.083 350.854
326.009 448.054
248.65 349.621
244.631 391.221
396.994 477.258
136.419 61.5723
253.41 428.225
441.511 61.2897
446.351 332.739
318.333 237.611
200.522 220.703
459.463 274.409
449.702 26.9439
97.052 164.567
448.42 326.153
340.29 297.177
386.755 117.844
345.072 49.0748
276.461 88.3115
228.692 268.959
250.784 50.26
100.52 219.059
98.7181 319.764
282.917 478.593
462.338 467.159
420.836 342.05
248.871 219.867
295.02 137.146
461.913 186.261
430.241 210.362
332.826 267.693
385.551 242.332
162.415 230.279
444.666 386.126
110.872 276.77
457.619 126.185
310.857 356.446
107.226 121.43
328.813 339.142
165.368 106.466
435.95 119.98
75.2157 495.315
492.849 215.012
304.561 164.095
347.175 290.959
87.0539 428.551
14.1533 494.433
333.727 116.405
16.8136 491.049
467.351 151.035
210.815 402.838
228.027 439.429
225.015 61.1029
482.157 479.374
447.87 88.4985
332.31 338.398
16.8356 308.049
61.8126 362.144
63.7063 253.821
469.953 479.356
402.728 306.329
116.904 137.912
14.8637 12.1284
415 13.0267
5.81266 437.348
161.103 390.293
481.888 289.479
465.067 319.705
329.987 461.149
284.739 270.438
190.755 473.044
184.09 30.2602
56.9831 311.388
161.425 418.41
122.779 212.251
416.117 77.9033
63.9408 67.4627
172.172 290.48
332.512 112.988
357.988 55.5529
228.156 377.041
476.306 453.448
318.691 143.52
225.115 209.621
111.5 158.898
378.595 343.684
62.1425 493.845
328.123 69.714
465.546 296.97
136.258 244.949
118.143 96.1787
162.914 243.777
442.807 28.8283
248.46 209.617
181.824 56.8537
272.307 464.439
54.9517 285.511
204.155 99.2806
125.578 85.4643
466.99 90.926
21.2949 179.229
334.746 49.317
112.868 134.703
209.183 130.854
187.937 9.81072
84.3239 34.9223
409.027 14.9464
75.2947 272.362
118.552 29.9071
421.661 70.4699
113.172 12.6459
142.215 464.939
366.983 462.794
84.568 434.45
419.917 400.534
295.821 419.523
434.176 203.652
384.739 235.329
387.213 295.955
286.129 370.888
402.548 411.669
400.672 163.355
104.46 80.0432
141.459 327.341
25.9774 498.541
460.288 404.417
385.001 211.735
148.076 304.107
348.518 371.706
246.235 50.6048
139.648 346.953
55.1927 121.601
213.875 179.735
12.876 33.7914
174.344 493.751
391.678 423.539
482.528 58.2819
277.527 298.526
480.032 325.804
405.264 369.443
28.6796 74.8559
117.909 378.261
432.504 112.833
5.27739 205.008
119.156 241.184
405.637 186.081
239.935 369.971
9.4496 322.8
15.6586 467.515
1.54641 223.733
102.328 113.095
130.783 436.396
493.969 465.806
461.157 284.775
95.8789 447.662
18.1733 243.863
390.262 53.6444
197.541 180.004
172.928 107.157
497.734 76.3156
108.703 80.2625
479.121 2.93403
488.783 442.412
12.7806 424.547
110.303 91.6852
418.665 176.567
470.45 11.9159
409.718 349.635
340.805 124.647
8.37348 225.039
406.615 439.893
1.28443 477.108
231.33 392.656
464.425 404.828
385.439 193.217
127.241 470.832
68.7905 2.94928
314.737 494.451
63.2249 368.397
60.9749 477.308
419.242 14.6608
372.666 16.1445
67.3874 80.7727
150.539 183.766
321.949 157.171
294.909 163.032
437.958 148.266
331.867 425.051
408.366 465.947
376.181 42.6979
6.98843 412.301
90.5198 104.358
487.557 25.5512
377.767 29.988
250.638 27.4555
159.088 471.022
143.173 150.796
11.509 389.272
355.238 402.134
229.678 113.2
60.7953 295.055
454.727 55.6729
142.101 401.44
105.141 198.541
56.7292 298.021
252.007 310.655
380.166 430.438
25.2141 36.4338
271.069 143.101
270.811 85.9461
128.222 86.3125
163.502 32.5263
167.358 175.671
204.83 31.0056
448.606 222.854
335.647 86.5921
140.541 449.649
90.7393 295.997
159.421 75.4423
481.617 336.992
416.227 396.777
144.884 357.392
346.562 265.564
481.424 437.896
53.2252 96.4479
363.673 144.583
78.0673 32.1646
422.727 14.3794
294.869 272.477
461.526 471.6
142.944 397.318
374.184 26.5176
354.524 123.823
390.457 186.285
220.791 378.384
283.407 461.481
73.2505 262.922
362.282 461.926
209.517 81.7869
478.051 444.404
233.126 64.2859
477.702 420.152
357.589 490.777
231.886 155.803
166.362 417.534
438.903 396.957
262.783 402.379
303.113 343.993
360.361 28.6077
192.83 323.931
425.125 459.902
262.875 103.736
93.3773 99.593
437.286 283.52
9.29141 362.668
243.839 263.709
242.291 39.0317
453.647 435.785
170.829 345.314
445.785 478.982
44.927 357.387
337.542 423.171
54.3677 405.618
128.472 302.913
267.675 14.8461
486.23 317.386
176.988 445.407
19.8786 141.114
151.737 252.775
65.3726 238.789
3.87316 214.475
394.652 420.213
391.26 456.213
312.114 491.729
289.975 285.202
283.096 404.24
221.365 131.485
1.66834 451.253
150.821 418.989
495.487 377.017
449.366 445.932
97.9977 101.553
65.0818 417.41
50.9976 204.24
215.241 268.641
278.8 323.079
321.46 438.111
404.803 9.61696
246.807 146.027
404.564 319.062
308.619 370.442
394.896 331.083
364.347 388.606
204.688 106.636
221.998 62.6705
221.927 409.927
156.536 258.084
478.066 137.116
463.679 229.361
447.574 377.271
288.672 440.215
480.386 296.214
56.9713 317.909
7.87701 331.835
65.6766 402.409
324.967 256.217
460.297 437.957
421.675 180.461
281.158 309.277
347.798 392.144
232.235 448.9
141.335 287.82
99.1813 41.9208
95.1828 193.242
10.4036 290.615
378.368 474.436
172.662 434.195
212.349 110.547
153.602 220.221
302.802 336.538
7.2128 491.55
328.84 208.778
494.848 196.365
346.26 358.818
437.564 197.239
39.0081 5.76056
239.725 66.3539
154.298 305.907
349.851 479.192
195.522 60.6149
495.626 33.0496
353.335 272.355
87.4224 199.262
411.457 248.31
498.081 172.946
466.868 170.294
327.882 197.647
185.384 303.422
57.6631 137.214
144.986 306.567
33.1577 273.927
25.3904 29.5612
353.047 165.024
473.448 58.2093
103.046 364.817
306.784 141.96
324.671 74.0281
328.237 55.074
399.854 185.462
252.249 328.877
362.235 370.02
75.6444 176.421
132.769 189.493
388.256 458.67
105.884 240.852
324.993 350.555
205.963 47.1235
78.8182 76.4967
253.437 285.538
231.478 222.662
202.927 95.5927
225.679 91.138
387.117 238.019
49.0848 265.039
472.444 451.937
354.682 284.525
321.572 374.143
129.213 386.83
223.64 490.861
490.77 477.034
322.72 389.661
240.912 143.747
468.69 99.8136
14.1493 77.9821
59.3515 126.934
30.634 98.8236
471.704 69.0924
148.671 411.078
416.123 93.2032
54.4112 258.275
50.5874 447.048
326.059 493.172
49.7389 313.069
467.562 12.0407
301.651 444.069
347.605 403.034
448.371 488.198
21.6315 379.583
335.135 227.866
2.22973 36.6246
142.404 183.867
446.801 416.819
472.54 373.635
194.899 215.654
416.263 412.849
5.11592 231.388
10.4385 492.34
377.053 425.358
73.0062 394.265
478.295 29.0804
239.655 469.998
419.331 381.441
91.0656 351.858
30.0027 88.384
71.7355 434.462
357.759 77.4576
165.577 91.0175
244.823 5.64003
105.748 2.24918
231.45 257.061
204.983 337.041
191.768 400.775
341.367 12.4835
23.988 5.70947
143.625 132.253
448.713 288.055
190.17 103.602
226.925 425.503
464.928 128.933
217.895 468.374
496.506 248.737
235.815 218.948
214.575 490.116
199.536 380.975
225.574 108.108
167.382 439.03
107.993 216.585
443.876 391.894
19.5587 376.137
135.727 264.546
115.934 144.716
47.0179 218.79
491.691 53.603
451.227 281.61
467.031 1.37512
225.199 375.648
324.942 276.551
175.454 138.286
70.8123 66.0184
217.16 104.843
50.5888 364.592
432.713 193.089
26.4813 430.599
185.942 108.632
303.827 295.611
294.383 125.213
52.2047 478.024
167.355 492.184
41.92 123.863
155.006 68.1036
133.163 410.855
34.8005 322.103
142.251 354.008
282.432 52.3129
108.717 417.805
251.972 377.083
23.0423 66.228
20.2592 65.146
341.301 84.3584
109.807 457.994
147.299 144.456
413.079 251.342
431.508 341.971
167.183 95.1155
368.614 297.754
162.481 330.433
400.764 479.936
149.545 289.773
441.653 320.581
177.722 178.449
21.0908 467.927
431.158 18.267
489.319 88.9975
157.554 108.205
456.969 451.722
257.138 375.194
24.7829 410.769
239.832 6.17137
486.99 400.684
348.07 15.3857
391.947 42.1317
344.086 29.6667
30.9894 312.661
85.9695 195.723
364.282 242.885
480.827 392.358
234.669 109.962
221.097 325.368
466.731 422.114
15.9175 227.338
310.018 337.524
348.107 5.93464
310.745 263.453
288.543 209.97
135.466 494.051
161.202 19.6063
318.978 137.794
461.074 175.598
491.905 291.102
237.762 58.3511
80.8954 304.456
20.4247 304.649
412.213 236.672
51.6904 208.959
141.185 15.2268
435.158 487.318
473.217 431.544
32.2573 71.7304
439.915 429.728
12.5184 458.679
168.398 399.707
222.662 85.0393
47.7047 267.289
328.083 306.035
10.2047 437.59
381.715 59.5276
88.7623 179.523
256.4 211.87
265.633 19.9696
185.235 437.121
134.482 256.747
279.195 449.604
194.409 40.4567
115.124 309.822
296.263 241.783
257.029 485.579
114.238 147.054
458.53 427.431
144.113 95.3098
252.275 472.875
479.395 113.573
165.53 56.0914
488.921 195.563
365.145 261.882
370.31 2.9494
280.307 46.0726
282.676 317.899
427.204 396.692
374.644 217.452
294.285 198.404
466.89 405.057
385.445 333.276
158.404 473.437
182.325 138.546
187.512 67.7996
454.215 327.977
157.192 319.892
176.872 312.836
71.2646 323.903
21.9182 446.338
260.009 458.561
125.593 129.025
355.489 72.6137
142.015 157.403
393.236 129.05
363.619 151.516
144.331 313.811
421.089 427.162
446.457 26.4183
196.478 378.637
338.42 122.88
377.485 393.136
205.039 262.916
9.27434 270.94
118.696 300.84
10.9952 118.505
169.149 453.265
70.0559 301.699
298.483 154.22
459.412 443.947
190.492 479.268
233.517 167.28
35.2498 15.2422
92.4779 388.465
229.872 447.01
435.123 410.254
238.028 2.6967
158.913 198.993
345.619 121.766
374.571 80.6003
369.069 98.2447
458.005 144.19
37.4196 246.944
40.7484 422.068
314.144 305.813
187.974 340.529
287.436 253.805
18.0836 234.964
69.6879 487.945
433.74 137.893
288.847 98.6128
349.51 75.2629
104.521 411.778
31.8402 300.662
368.879 300.214
379.672 271.672
72.7102 489.627
384.424 71.0031
253.477 148.827
192.066 292.588
107.104 360.181
170.417 142.661
490.338 297.267
163.797 444.517
391.144 2.85361
217.887 248.308
323.812 160.387
79.7137 165.665
430.96 183.044
173.788 82.3888
216.461 265.965
204.814 300.03
106.916 72.0738
39.6326 465.081
12.531 224.741
96.3951 457.084
375.986 203.944
449.591 238.703
497.402 208.505
252.554 255.405
328.143 295.582
417.208 47.1549
482.34 118.679
132.626 9.96694
111.815 25.2537
498.155 419.947
5.12846 299.295
222.169 109.374
423.177 432.705
8.73722 243.297
164.026 278.754
37.3712 400.6
119.06 337.864
496.357 18.0689
322.109 409.626
135.928 160.991
283.494 201.602
165.02 423.81
269.839 61.7835
236.995 155.408
365.35 52.9172
482.203 320.241
83.048 453.085
254.669 467.052
161.718 442.343
280.956 348.937
238.565 403.991
118.081 152.195
315.538 47.8743
36.1135 286.255
349.337 486.247
70.2484 239.475
411.481 357.127
276.32 218.31
218.47 221.795
349.847 62.7202
342.216 478.781
340.959 182.139
32.2065 134.938
267.473 215.08
282.109 270.679
403.221 432.266
478.493 491.597
341.476 109.793
39.8109 401.643
165.443 282.405
120.441 291.308
412.36 199.801
410.441 234.242
478.257 350.575
317.398 94.5621
121.763 245.42
161.997 474.042
416.1 291.304
173.06 331.399
264.626 356.4
361.936 354.097
486.817 307.088
175.214 409.889
461.025 198.886
97.9849 81.6758
464.809 337.809
421.254 256.416
51.4646 472.359
138.628 134.079
142.162 177.478
413.423 383.542
298.605 369.258
491.965 342.248
228.279 305.222
493.568 429.647
52.0499 497.905
296.37 83.8139
81.8201 212.337
338.596 151.649
43.8816 476.747
402.766 336.884
75.6768 332.765
271.872 445.218
133.691 311.423
178.932 437.081
180.127 388.01
135.92 165.521
22.9229 258.921
81.8291 20.9083
464.787 332.824
379.361 129.103
354.195 321.684
146.9 155.638
1.26269 108.562
240.702 400.202
206.41 319.123
150.672 310.669
212.253 153.375
50.7478 174.588
317.385 131.059
336.977 186.13
154.946 281.618
211.498 3.96483
203.847 61.1354
338.825 353.452
317.267 355.178
177.47 387.904
402.255 469.695
268.059 222.985
154.993 373.456
27.464 55.4596
396.993 418.527
45.0314 73.7053
278.284 379.38
204.212 89.7985
97.6038 337.598
259.302 59.9777
44.1994 373.415
34.1648 416.312
420.585 128.724
277.461 94.9823
451.351 178.519
216.86 28.9875
140.365 369.706
184.054 233.885
397.617 327.995
294.386 469.915
242.717 67.7008
250.532 393.915
110.379 29.2661
443.711 314.43
212.124 115.486
142.333 171.823
358.221 27.2008
386.981 171.087
119.686 192.929
145.233 114.524
317.262 315.611
379.685 486.417
466.702 442.474
398.381 407.089
143.875 257.607
453.84 324.378
246.409 242.359
179.475 416.052
67.492 315.374
455.636 295.891
484.56 20.5776
422.46 133.724
101.917 268.906
410.647 98.1156
311.802 238.232
59.4294 107.395
214.258 198.652
442.9 442.135
17.3143 156.894
150.195 498.116
262.183 125.913
443.161 257.213
372.54 96.0717
457.139 167.172
172.139 340.175
455.892 280.975
259.84 35.2524
185.961 300.831
333.874 93.9239
166.929 156.176
141.811 2.01051
116.947 418.077
101.585 368.841
242.386 129.514
66.1501 387.556
185.022 194.468
352.273 283.19
452.647 36.0091
288.753 353.456
65.8162 92.3055
120.563 318.032
39.8618 498.672
179.852 382.778
245.561 320.684
354.321 37.1513
183.396 361.111
293.397 205.286
118.636 282.403
382.912 221.96
469.966 180.267
44.1313 198.919
498.447 131.264
217.948 312.895
336.712 174.572
349.419 284.572
435.321 143.71
298.894 47.1748
392.424 93.6813
311.547 465.112
79.49 129.126
460.93 228.177
137.625 181.186
209.386 95.2793
149.724 88.3557
38.0434 359.251
221.744 127.71
91.8656 214.248
60.0417 160.099
183.288 206.52
127.476 488.175
377.776 251.762
442.507 157.8
425.335 65.0523
399.939 274.121
359.201 103.14
139.268 256.461
389.093 494.805
444.693 69.7595
266.035 438.796
25.0013 236.12
240.139 166.256
86.14 472.37
80.147 318.217
321.443 20.7481
128.446 452.435
403.091 78.3606
374.583 91.2479
5.4148 3.35651
300.666 235.593
203.342 219.489
241.737 364.623
405.27 493.38
476.983 162.667
418.659 430.513
113.968 28.4162
486.578 410.726
374.432 134.07
221.103 282.065
435.854 150.75
13.1787 342.826
16.7926 128.853
111.578 22.7389
448.251 282.981
168.281 43.0708
70.4546 370.471
429.786 418.487
34.0524 475.568
282.908 147.094
223.848 278.332
279.575 92.7084
63.2785 393.198
337.082 94.1768
307.586 191.199
3.50662 325.982
181.825 83.2234
183.452 294.26
414.872 100.793
134.432 59.3637
167.36 421.27
111.598 293.35
149.143 47.476
189.058 256.307
54.2791 113.141
58.0288 405.455
441.301 5.07772
282.915 131.303
377.003 149.902
127.233 442.285
418.667 244.899
437.882 433.363
355.327 209.021
168.699 128.773
407.24 102.214
489.387 95.0102
149.399 52.5453
180.168 473.61
173.434 498.674
302.197 42.0061
395.088 241.423
279.681 250.637
41.6057 199.115
135.829 280.306
197.259 125.219
63.0988 434.362
483.269 407.125
327.232 359.446
55.0154 422.496
113.244 104.629
368.639 470.497
58.6792 450.336
17.3876 165.958
467.555 46.5984
337.769 4.66779
174.879 38.7313
251.258 100.202
66.5398 413.166
296.739 313.85
62.4358 7.42622
205.026 270.36
460.236 46.9658
129.805 73.4966
298.688 125.585
258.112 421.649
239.847 50.8354
116.933 62.4247
92.8931 329.129
430.283 162.034
306.77 471.636
394.31 126.341
457.715 329.616
313.601 441.971
225.627 1.48476
349.72 114.611
404.735 210.479
100.793 26.9854
89.4811 248.608
445.515 440.857
475.812 463.778
445.85 398.052
297.887 187.291
203.371 388.105
85.1885 366.029
156.847 337.6
155.383 234.228
410.801 373.638
325.104 194.273
52.133 278.102
205.962 347.294
167.932 211.894
10.231 130.363
41.2398 101.338
204.196 339.57
439.5 448.829
364.062 447.339
236.957 71.1065
398.887 28.405
360.289 76.9095
473.732 110.594
463.94 232.974
423.668 483.162
45.0513 325.268
490.14 120.254
164.222 6.93684
410.119 38.2097
341.891 81.8911
233.627 197.615
212.434 472.084
246.512 148.908
484.692 32.0739
459.687 321.057
18.4306 131.215
141.777 174.589
231.491 248.695
311.422 76.978
425.615 28.2638
236.118 126.813
165.942 12.0056
84.1509 437.985
126.036 420.769
261.168 397.187
167.276 327.884
109.178 497.58
381.793 237.602
63.0459 335.279
218.148 385.138
84.0424 351.587
467.034 254.56
449.181 216.264
13.1674 258.058
448.788 258.112
366.517 7.45785
28.583 197.685
397.641 93.1032
348.129 269.664
159.682 476.007
289.829 350.007
375.824 93.6975
210.405 144.725
188.176 443.99
267.498 54.0263
215.233 34.8565
71.9484 338.381
323.366 398.233
443.773 361.125
307.266 247.311
299.555 428.817
59.9495 202.301
470.784 423.555
476.743 498.334
151.78 240.234
399.889 45.9337
158.304 252.135
335.905 428.339
463.423 257.942
80.4104 242.512
496.418 283.414
275.416 259.718
203.198 358.463
198.175 111.399
416.793 7.70049
428.133 340.301
92.441 440.003
323.026 164.568
491.711 87.2395
236.325 475.546
93.7249 477.784
476.413 118.443
157.15 37.9002
41.6236 36.5146
175.677 146.421
492.731 264.484
425.826 367.244
453.171 248.69
128.657 400.109
291.847 221.739
42.8455 293.879
487.827 298.09
262.08 13.7697
213.379 273.084
153.505 492.371
360.473 335.034
402.505 212.374
314.417 112.053
201.532 287.859
166.916 296.475
74.1575 97.5001
147.462 336.863
101.977 19.2347
273.053 425.317
324.2 395.735
304.17 292.144
419.023 150.662
470.075 225.215
225.349 312.931
110.078 102.352
124.752 280.953
477.399 205.315
329.172 8.80596
291.506 106.878
212.145 206.259
189.056 232.1
442.903 365.66
212.771 147.586
103.357 444.945
376.198 240.757
465.776 31.4845
421.52 473.321
475.041 209.496
383.966 336.901
317.651 19.2826
450.355 127.843
321.636 318.076
224.425 414.226
83.6773 214.472
267.012 317.003
78.1631 403.924
125.302 473.858
340.333 408.132
374.971 212.167
318.239 287.648
330.626 106.558
242.687 111.752
395.268 134.115
355.459 457.183
455.357 458.458
427.96 117.881
222.61 470.03
5.71292 409.428
182.868 290.503
349.913 217.605
373.287 357.66
394.471 18.1087
394.623 334.22
367.715 478.772
384.66 395.523
88.0054 315.94
489.735 358.321
166.961 349.785
398.357 260.864
71.625 439.133
288.076 271.039
34.8089 422.41
173.526 228.917
207.022 350.202
100.392 15.9927
172.223 354.837
445.659 367.416
192.607 13.1774
342.703 475.376
98.6159 374.327
189.14 483.698
472.084 325.351
16.7814 258.557
176.442 68.3416
472.672 462.025
257.062 252.573
104.246 487.647
318.835 252.694
326.015 64.5341
263.507 275.082
283.928 297.565
410.158 169.605
420.444 164.63
213.62 265.38
218.403 460.4
446.603 109.607
116.92 486.411
282.282 235.223
107.915 343.519
157.733 418.713
106.287 443.736
445.139 404.445
333.897 138.442
18.5743 12.4522
164.379 142.846
62.994 471.814
106.539 125.851
415.894 381.19
321.869 474.973
361.062 330.009
261.772 106.493
440.728 77.1314
361.733 434.554
315.881 283.476
301.521 209.313
178.2 280.091
435.004 483.995
22.2708 325.547
425.724 105.511
411.971 40.7795
97.527 472.548
183.378 304.885
147.407 438.954
216.673 383.027
384.028 42.4403
435.095 471.7
185.873 482.91
365.944 488.482
486.448 160.996
456.044 442.101
171.662 264.706
341.032 179.203
439.61 444.408
428.563 258.277
389.509 94.9825
211.036 349.885
200.565 275.557
284.611 247.978
373.47 106.884
163.588 204.423
407.571 29.649
407.708 290.469
72.3703 345.355
133.468 166.38
379.325 319.8
450.573 389.95
399.21 208.646
75.6937 58.8126
25.0194 233.429
99.1353 19.2531
422.181 397.714
240.269 147.233
67.3795 334.733
133.61 90.6364
56.2384 391.901
360.752 275.11
77.8229 60.4763
136.504 339.266
494.009 462.224
462.789 28.2447
197.702 114.999
291.24 147.962
427.907 343.795
67.0548 26.7623
335.065 318.525
438.543 366.682
84.3534 273.442
366.576 268.636
101.685 204.5
273.849 370.606
184.077 283.796
466.671 453.01
49.7967 149.506
157.422 216.469
21.5404 351.814
220.285 336.452
242.787 283.134
176.485 64.8339
51.7092 437.258
284.064 315.236
237.946 348.024
393.977 178.778
50.6434 308.55
433.295 326.243
99.2353 256.9
418.644 346.543
355.421 107.794
327.014 389.3
163.268 48.1933
220.025 469.769
26.0881 180.067
361.733 357.768
237.203 196.949
450.907 260.558
434.77 246.1
245.963 2.11976
146.441 236.454
273.066 312.628
461.738 434.118
97.931 107.563
360.855 290.233
47.271 354.602
405.812 228.912
262.496 17.1486
459.043 110.838
158.014 305.234
9.80375 430.509
388.645 147.904
9.91186 393.685
68.6403 388.762
405.412 141.634
25.4908 487.699
370.433 180.467
80.8726 299.378
39.0277 269.73
364.198 177.475
1.97327 376.057
477.504 424.221
115.996 432.665
197.632 95.4473
55.7302 70.9319
107.744 381.987
322.19 210.472
122.187 87.1315
330.985 33.9565
35.1363 309.272
204.483 289.414
493.349 257.101
334.74 392.148
397.103 10.1872
80.6114 481.563
130.338 395.522
315.576 247.076
303.64 205.384
217.174 350.625
153.01 206.108
330.527 74.9953
374.986 151.54
342.244 126.725
35.7801 123.703
144.631 368.152
84.57 171.481
446.498 483.377
453.501 137.708
488.52 362.01
450.771 51.2779
249.79 497.118
9.93759 415.557
397.046 339.206
432.58 476.91
313.497 186.846
388.628 98.11
316.514 492.663
339.109 54.3842
64.7285 317.231
326.925 471.755
168.327 288.273
76.6266 293.476
435.117 432.624
73.2123 387.502
262.135 434.567
463.569 482.962
102.369 470.316
270.193 453.304
226.491 321.701
247.317 28.7529
108.436 321.773
78.2474 263.144
226.588 361.836
394.523 203.461
14.8579 233.559
30.4512 287.514
239.648 120.978
488.804 65.787
10.9581 1.4338
82.7448 40.8868
37.9296 371.828
369.437 343.451
26.2171 289.648
74.695 382.493
39.9101 212.61
64.9215 293.086
492.55 358.888
129.793 312.85
206.152 206.878
415.486 29.0929
341.675 427.539
14.7666 429.861
368.015 110.104
364.982 314.206
211.458 482.873
468.342 277.201
307.034 297.619
466.224 293.682
457.247 335.021
249.99 411.616
140.407 192.632
341.421 244.858
395.571 139.839
391.042 270.213
195.103 410.828
74.6594 312.12
272.881 484.14
376.747 362.774
211.286 93.6905
374.025 169.321
343.708 187.125
229.716 463.732
418.41 289.254
134.256 116.505
351.348 197.709
28.1541 41.252
443.824 333.128
162.174 400.738
92.7354 288.333
117.41 13.508
13.8574 490.525
447.327 313.998
387.417 153.767
71.8094 290.309
374.437 322.025
131.011 383.857
39.7044 58.9414
487.782 390.021
50.6293 133.35
466.431 354.554
175.535 418.282
162.551 322.249
80.7201 208.758
301.216 101.468
171.569 96.2617
256.473 316.981
62.5035 448.698
413.11 293.516
61.4089 240.431
84.198 202.34
296.864 358.754
104.335 110.28
229.848 436.266
330.489 287.738
63.3771 382.732
382.195 387.795
50.0842 254.848
35.2452 136.473
498.423 376.76
478.083 461.55
317.671 307.372
443.316 345.273
175.713 60.4747
144.467 7.33038
68.785 130.587
179.736 33.3732
470.414 36.624
238.56 33.6862
192.155 98.5396
225.425 157.234
26.4058 460.627
5.85681 397.677
233.235 46.7824
450.908 132.68
203.498 311.946
96.5394 217.053
232.094 129.871
121.129 215.656
328.556 407.561
488.628 175.674
4.39237 88.5281
31.8009 176.033
330.419 169.217
2.51601 471.348
193.226 131.324
157.906 5.85866
186.843 268.938
379.964 159.049
257.487 139.243
347.004 497.91
174.611 105.244
431.435 29.6193
164.366 307.232
66.7029 466.75
78.2875 122.36
102.894 22.8871
49.15 476.736
115.41 55.7348
366.202 202.522
52.9104 282.436
399.107 85.8651
45.2173 188.559
389.276 289.863
217.875 423.766
121.259 391.455
430.161 97.2469
286.602 328.239
316.319 13.0984
395.283 214.888
377.898 403.59
233.402 136.567
2.85864 252.976
405.019 486.288
326.045 301.296
26.5234 385.461
353.068 481.321
480.097 477.444
86.5929 87.4721
389.969 123.423
58.016 207.169
400.659 116.583
170.164 48.1179
344.737 22.1974
261.445 142.937
402.359 426.109
308.046 457.649
208.889 436.136
186.924 137.945
93.5214 63.6228
465.756 327.172
310.45 126.134
103.266 73.9965
459.918 261.425
373.132 87.8854
255.196 217.169
240.948 350.082
292.347 43.0263
350.001 28.0512
340.069 51.4709
325.742 157.227
199.57 227.621
8.45641 41.9453
363.071 474.279
369.292 17.386
487.64 31.308
143.73 300.482
424.761 376.914
302.795 305.347
270.782 4.10757
173.862 176.551
219.244 235.107
88.838 210.072
117.94 366.481
67.6657 203.518
416.664 118.29
184.227 399.339
331.298 30.6325
219.911 352.258
359.279 162.134
391.95 164.334
253.223 212.407
98.3929 57.0779
17.4428 402.838
410.107 487.843
338.788 483.61
95.5911 127.973
170.736 6.19629
320.045 164.667
446.554 318.769
253.672 450.642
39.1149 450.584
289.967 490.658
359.899 356.021
15.3311 148.626
264.385 215.969
345.207 135.909
68.7292 244.315
72.9951 87.303
155.24 193.58
492.696 491.184
242.813 58.8472
405.597 137.899
222.65 71.1709
410.968 341.272
1.40099 492.27
101.891 381.349
130.433 485.342
445.948 291.454
22.1366 367.341
14.0777 355.154
414.873 65.421
99.0281 267.606
225.064 125.469
295.622 427.266
398.983 76.8812
485.718 152.648
171.278 312.264
447.116 178.949
19.5678 343.104
136.895 254.853
420.857 266.607
412.819 46.4282
452.864 221.926
381.894 334.035
347.884 56.9498
227.363 69.6868
27.8246 214.833
431.196 442.608
304.429 89.4144
113.959 2.07952
498.483 390.37
435.007 454.682
132.767 473.347
181.616 432.95
405.903 73.555
411.879 301.951
150.5 242.595
406.817 126.558
452.311 126.117
27.3306 291.86
290.71 475.537
321.471 336.147
77.4834 241.45
402.802 242.887
392.535 347.667
497.8 278.398
311.005 311.266
495.904 431.748
330.835 233.696
414.665 456.462
465.074 115.229
392.283 182.834
381.528 433.735
393.294 463.421
56.3857 16.7982
250.51 482.058
81.376 60.7051
106.657 488.705
88.724 149.562
142.543 37.9604
214.43 301.23
311.153 374.454
152.239 426.424
196.149 282.776
381.222 452.817
348.787 279.089
455.589 469.473
236.587 260.787
416.273 195.312
85.4869 98.797
87.5592 126.517
229.715 479.756
157.839 211.887
65.1563 190.902
50.4861 487.505
403.767 99.8119
84.8943 373.197
197.254 83.0963
176.86 163.427
18.7515 358.636
364.816 341.267
278.408 272.07
126.021 228.319
114.703 462.533
188.865 398.943
486.158 453.96
206.166 77.6592
45.4376 318.701
59.7895 47.4023
375.836 228.49
373.578 115.488
58.8904 363.848
139.226 166.396
20.8526 39.4963
25.5708 202.194
475.378 153.634
355.135 366.356
236.725 298.041
57.3309 476.223
118.139 393.76
361.267 419.587
285.331 492.971
497.383 339.549
407.574 436.21
486.329 223.18
201.711 382.265
152 129.506
227.138 488.772
151.665 234.127
414.507 337.836
441.906 273.591
60.2612 219.297
331.715 476.721
467.407 148.526
465.413 383.403
337.904 311.886
25.2098 328.116
51.8015 263.647
219.951 373.137
73.2026 318.435
398.591 231.225
32.384 149.222
13.7394 316.451
133.392 285.803
10.4479 59.5922
72.3716 212.791
464.79 140.915
142.075 333.779
422.334 297.487
179.984 275.596
269.609 11.7879
479.786 253.017
115.911 300.107
460.716 64.9609
290.283 421.61
305.849 91.7977
213.955 280.63
15.5865 152.567
304.437 327.095
338.735 244.689
334.143 135.52
13.4206 285.795
431.781 370.548
318.874 361.222
284.785 322.109
79.943 238.962
466.299 229.544
263.763 138.762
21.3414 399.311
413.841 217.226
412.002 149.481
158.546 331.089
107.664 46.7211
247.483 395.305
444.381 415.409
136.643 129.262
86.9069 248.277
11.0307 8.04183
2.2493 352.101
16.5808 101.188
268.733 168.262
242.395 420.747
338.539 181.639
228.787 291.778
351.491 54.8468
46.952 228.361
394.732 405.93
383.066 199.505
358.542 13.3236
134.79 35.3573
62.9043 251.211
218.456 186.787
458.615 289.704
93.7733 421.074
223.658 121.567
211.755 185.872
189.327 452.514
461.111 16.197
383.056 171.547
265.987 68.5619
475.696 7.31441
326.204 398.41
268.191 242.614
476.036 415.971
384.913 57.1628
423.815 456.595
168.804 147.765
344.408 469.377
276.845 396.563
375.827 154.667
98.3036 378.599
141.762 359.026
410.366 407.77
319.02 60.192
77.1023 210.197
256.739 106.097
386.033 312.009
239.972 278.467
101.525 213.606
431.534 471.947
418.526 111.651
137.802 467.425
83.4964 2.45263
268.231 307.579
375.739 382.639
21.8015 18.8378
167.12 134.59
248.156 414.746
125.663 277.007
346.583 424.775
477.794 476.288
339.306 227.521
430.077 191.278
410.639 384.807
449.919 386.213
79.2609 417.223
218.213 55.3918
91.6982 246.443
478.386 171.564
100.13 481.925
399.768 105.718
449.713 267.886
157.428 368.652
156.8 170.071
149.145 274.704
291.259 166.281
215.385 288.075
61.5875 101.931
263.048 73.9797
288.566 160.943
228.799 237.036
145.348 450.292
337.25 433.874
154.913 35.7716
487.431 135.638
492.348 126.148
496.936 275.643
393.124 287.3
490.517 337.836
322.361 33.0422
98.6693 302.091
156.605 433.839
490.192 376.825
184.337 424.884
205.87 120.202
251.171 124.853
369.075 248.946
140.184 202.069
113.762 475.02
450.73 364.529
59.7282 462.213
450.998 472.858
148.114 176.115
443.172 470.959
405.078 40.498
286.278 307.052
203.327 439.441
355.585 444.659
270.404 193.283
15.4814 320.725
59.1387 371.489
468.256 73.5472
496.518 493.147
350.303 129.243
278.49 53.6449
451.885 311.557
125.422 155.274
336.302 366.177
29.6269 465.282
219.475 342.719
407.382 423.625
105.282 253.098
37.7455 239.294
170.576 382.91
267.358 257.46
275.559 306.158
164.053 319.576
373.989 473.267
170.395 458.926
362.194 127.487
59.7717 311.616
312.59 64.2952
316.818 193.088
288.061 216.036
352.334 286.467
103.219 149.595
481.661 281.118
174.168 271.129
418.951 159.113
478.313 365.717
255.511 153.247
174.078 335.782
446.779 54.2393
482.998 277.191
310.904 294.293
435.392 111.188
370.661 271.838
63.7667 80.0842
54.3015 233.56
132.268 381.495
399.735 121.809
354.277 236.54
319.146 104.11
384.612 225.457
121.862 314.805
234.317 314.77
455.68 129.457
160.575 454.724
172.179 297.477
482.628 298.246
280.919 167.496
21.2511 199.991
138.98 471.309
128.236 153.611
92.0783 354.395
433.359 105.513
226.894 23.8559
68.8909 225.933
71.7409 378.516
311.532 170.867
125.073 37.5414
115.437 198.068
254.285 252.713
20.5409 438.057
243.864 78.3561
122.558 159.053
150.244 141.966
177.964 46.2794
495.455 240.521
1.34708 23.5569
6.92509 328.481
246.008 474.652
253.148 139.774
149.494 248.469
222.787 216.083
314.014 6.79053
321.615 464.283
242.207 176.505
44.907 455.091
54.707 435.244
449.226 124.65
414.27 367.762
334.335 190.496
327.861 218.405
113.043 153.544
345.204 347.096
240.505 212.881
400.555 409.858
164.802 241.265
138.841 110.56
486.215 480.827
313.343 324.219
256.778 347.698
124.717 316.259
402.913 20.509
31.9124 47.9761
205.614 229.169
399.813 243.725
409.307 194.515
294.037 308.93
481.549 129.78
479.021 436.474
315.284 381.833
430.901 71.3409
427.014 420.307
19.7506 384.482
252.641 217.874
271.954 327.645
193.866 152.655
360.878 280.651
160.834 107.376
245.746 156.167
419.905 387.527
469.335 249.511
238.531 419.527
9.63703 79.6148
266.609 374.034
345.835 277.071
353.393 328.936
122.683 5.37709
44.1661 13.4628
224.512 101.045
19.8156 241.273
157.738 492.886
318.785 375.84
167.657 313.545
190.443 45.9317
116.834 482.68
177.424 166.761
165.921 200.634
181.618 481.346
197.357 236.883
254.636 425.768
230.828 205.025
197.151 352.021
257.574 432.238
455.506 26.6118
168.738 476.941
177.416 343.088
237.647 423.299
397.596 296.487
344.835 420.529
371.831 430.945
353.923 413.51
216.206 387.229
39.4963 32.5618
181.117 492.197
186.069 313.382
264.408 45.5148
172.561 150.823
375.973 373.234
168.43 272.53
464.744 136.668
184.25 469.976
410.689 484.628
312.31 193.193
104.49 349.462
164.026 440.889
179.34 18.9268
143.589 437.216
61.954 338.206
215.698 348.333
128.121 412.963
334.908 17.3642
84.2522 108.76
296.563 119.732
233.358 139.839
20.7018 288.981
81.6628 233.75
395.293 264.35
71.4294 121.312
492.85 425.768
102.862 240.721
153.054 33.3645
22.1805 274.23
3.60234 303.479
112.671 289.977
342.572 39.761
122.903 21.0433
170.81 17.0611
107.618 207.119
415.819 458.979
40.2104 368.258
330.162 458.683
20.5384 327.754
346.154 418.097
332.247 244.835
161 288.933
391.001 107.416
193.846 135.388
348.972 201.929
433.003 494.962
343.593 79.0239
116.149 251.975
314.816 449.355
83.1673 159.322
31.1655 117.015
191.683 226.715
209.492 392.285
69.073 83.0031
369.794 334.847
418.542 17.1055
353.883 485.487
315.166 289.184
336.838 490.992
298.9 373.981
441.747 227.163
348.968 140.432
161.319 293.169
316.638 481.927
498.315 151.798
204.728 8.62955
345.139 244.683
150.216 350.136
370.977 91.2108
106.672 279.177
379.552 280.049
128.432 20.672
35.6489 445.089
129.782 171.957
36.5716 150.801
31.5169 58.3305
496.958 231.158
103.669 177.037
205.879 148.437
487.737 199.047
20.806 4.18915
50.1926 79.067
496.057 263.398
323.684 384.731
429.406 164.975
370.804 75.0706
77.6872 186.685
379.28 178.227
21.3191 229.9
299.575 390.248
459.085 204.56
409.32 136.474
393.576 259.257
242.319 98.002
437.267 316.689
302.181 190.79
259.339 209.08
430.872 304.949
46.205 271.566
393.416 328.568
105.864 56.1642
2.72706 337.324
421.017 152.399
2.38883 259.45
379.218 236.355
222.432 432.603
461.716 125.784
225.322 169.304
478.018 381.931
146.03 268.973
476.478 200.637
157.162 286.894
64.5643 357.828
53.7001 365.308
262.596 306.903
276.778 453.562
341.358 225.895
444.817 231.014
404.528 495.764
31.9105 372.861
239.368 99.1161
36.4849 25.3104
168.538 9.14487
333.482 238.429
149.941 480.549
236.466 15.0719
369.872 455.466
312.704 444.917
479.359 343.52
480.697 21.1002
75.7599 202.186
142.729 167.323
354.159 99.3557
45.5435 39.9996
26.7482 320.296
220.18 346.102
329.515 3.20167
42.9616 241.546
129.296 381.527
255.148 17.0639
75.7843 263.8
168.768 83.2775
117.028 288.977
441.009 146.382
420.285 469.379
201.055 232.501
91.0834 433.382
172.011 212.543
242.505 439.301
161.739 30.2954
386.666 110.405
87.4616 359.399
227.136 81.5719
101.446 11.8913
402.68 324.808
110.794 343.001
163.98 182.671
302.888 33.4098
218.889 426.752
43.958 281.082
433.857 345.622
385.88 185.589
55.9984 103.245
25.2914 157.546
344.024 438.327
112.854 481.443
220.173 76.6129
455.994 80.9243
332.055 293.103
197.784 407.984
395.293 106.904
301.572 143.291
88.1018 474.36
132.638 490.842
290.584 85.1049
112.297 306
18.1433 179.5
184.914 7.99459
249.067 237.002
147.865 136.984
497.048 88.5947
246.126 80.9068
1.83868 268.453
448.282 428.97
296.733 30.2846
89.5756 234.838
36.9012 380.937
222.36 229.016
17.3582 367.309
489.285 314.374
12.0106 466.841
329.079 82.0328
473.855 31.7356
490.926 436.135
491.77 64.4665
269.198 64.8162
462.055 30.6685
286.315 41.5085
396.219 50.9881
200.775 21.7851
338.23 214.354
13.4552 398.777
407.422 224.951
452.511 298.639
466.079 400.097
103.219 136.832
345.256 440.753
446.448 425.382
147.109 452.681
137.168 36.6123
330.625 490.294
89.5435 481.769
128.895 281.672
498.407 106.427
396.04 434.959
277.292 436.698
220.721 277.657
472.079 319.286
127.923 197.868
75.3737 489.795
316.554 40.7824
376.063 191.684
381.33 23.3036
300.485 53.2231
306.06 388.298
495.556 434.817
86.6402 29.0252
305.929 253.987
217.024 201.171
322.748 145.041
111.361 466.825
130.212 240.915
264.916 86.6004
452.413 404.491
393.987 430.196
188.61 143.115
10.0281 356.016
101.412 29.3816
274.461 395.622
143.154 388.562
283.621 113.685
382.845 342.809
158.415 466.526
44.0803 383.731
217.324 226.668
124.547 146.095
27.1838 371.411
302.603 302.883
65.6673 451.261
335.592 221.276
190.76 106.477
10.8817 77.3391
140.346 236.344
483.82 461.887
403.985 364.236
448.782 306.618
254.253 412.905
336.644 361.173
484.958 314.781
382.748 141.714
33.9357 406.415
157.083 127.454
21.8899 313.833
256.988 388.782
161.042 182.5
202.928 150.334
411.937 175.213
196.546 291.652
299.76 383.61
94.4529 208.116
4.87 440.529
413.046 343.297
229.144 177.41
55.7848 363.659
390.541 310.237
207.017 105.703
90.3414 135.749
188.497 163.116
278.14 222.855
486.735 396.124
129.927 470.112
186.623 367.909
350.469 316.088
250.936 318.594
489.429 459.782
113.737 352.048
419.002 310.572
380.301 5.4401
451.896 357.675
362.728 218.741
3.127 378.804
27.1046 307.949
279.234 302.548
410.642 491.441
55.168 225.994
138.111 283.249
290.811 368.807
490.839 145.375
325.878 454.065
260.447 45.6538
410.332 444.303
18.6975 456.191
105.556 162.133
385.852 142.362
78.7908 291.321
2.00292 392.378
9.97196 213.114
75.6815 52.3616
107.692 261.513
375.625 299.719
429.296 173.524
47.9665 318.432
144.312 84.3233
133.511 461.521
462.308 245.502
490.368 209.563
81.0706 134.516
467.563 385.861
21.1136 197.186
444.201 451.974
345.465 407.919
123.759 99.446
66.9372 326.543
206.643 334.099
246.174 368.207
146.306 35.7597
176.529 25.4852
448.213 391.675
231.395 438.312
290.632 424.506
163.453 111.454
40.5435 411.327
423.115 227.807
34.3183 315.133
99.0376 234.529
15.6529 253.477
97.7363 15.991
125.128 93.3101
395.466 30.1584
43.199 485.885
308.695 425.323
316.465 498.678
194.75 148.869
215.333 498.313
181.429 488.681
391.622 158.219
261.035 115.152
357.655 443.007
439.704 89.5181
462.749 93.8575
261.044 259.046
323.308 484.086
156.994 381.508
234.487 231.103
138.193 350.014
226.92 18.6655
418.247 415.379
191.855 382.352
250.71 139.166
361.014 188.003
367.915 295.267
220.593 394.499
86.7529 386.373
242.122 456.174
487.407 86.0391
389.304 32.5461
150.85 483.946
315.868 402.022
225.82 378.65
131.121 259.432
148.309 426.873
169.37 449.414
484.236 199.947
256.763 320.278
106.834 105.409
459.526 77.4664
125.553 309.951
72.1861 62.391
26.3598 452.531
403.807 342.87
196.46 498.484
404.57 16.6784
384.331 257.17
244.979 38.4321
23.6691 127.27
23.7534 2.79274
209.744 337.002
327.109 126.744
331.706 1.94259
263.744 287.304
168.619 291.006
373.808 376.643
217.656 360.265
57.1795 357.452
166.76 444.351
89.4875 176.29
213.641 393.029
156.463 22.5368
32.6807 138.399
462.26 67.1647
418.626 55.0728
223.551 351.522
276.807 196.132
462.765 84.8398
441.238 16.5477
184.713 61.9358
24.2109 353.032
32.8594 235.538
80.9968 227.481
335.044 111.484
15.3134 244.098
85.0633 52.2242
44.3562 288.806
389.018 156.556
240.794 256.888
189.88 300.785
491.064 362.523
66.219 2.45616
52.8485 313.802
196.366 101.926
252.851 401.086
123.486 420.614
106.364 308.367
431.045 481.704
54.7445 476.456
174.205 90.1243
182.336 364.002
216.636 342.956
495.825 237.069
383.43 416.68
398.862 427.582
59.5449 6.7783
294.179 305.598
402.536 42.5597
2.16401 30.0465
406.049 76.2259
43.1291 180.939
495.854 116.517
90.267 303.528
249.514 23.2956
178.494 434.116
325.92 51.7774
83.7445 495.35
231.622 34.8798
93.7128 190.806
31.8635 448.532
205.994 416.428
307.806 54.4577
434.103 219.008
50.5393 403.667
480.841 433.499
292.609 101.138
182.263 495.21
381.634 215.794
299.118 71.5853
354.438 398.888
322.41 139.71
161.405 392.994
1.52529 301.519
23.6082 336.934
92.8192 8.56799
184.411 1.50658
53.9816 473.113
129.071 167.768
476.44 280.622
461.343 231.422
493.515 254.282
400.734 404.094
453.089 290.213
297.452 181.165
321.666 455.555
60.1508 443.222
50.2836 271.852
248.833 106.3
345.799 43.2725
181.492 23.6406
77.9645 273.604
269.438 117.062
316.067 255.834
377.195 282.656
404.393 45.4852
385.137 496.614
110.36 350.307
46.2461 299.72
363.013 202.623
399.329 489.993
80.2608 428.362
146.135 465.161
432.989 227.706
280.322 229.118
381.918 320.935
183.105 337.573
369.578 266.757
358.767 470.035
476.24 89.883
143.145 66.2269
106.786 406.3
100.992 163.979
85.5669 22.923
373.889 399.138
435.754 79.1941
251.215 68.4063
9.30106 125.802
194.658 193.977
482.21 214.916
463.403 444.925
297.832 17.2194
199.16 58.5277
426.041 230.827
262.041 81.8601
358.458 139.716
365.557 326.254
255.277 56.246
216.31 193.639
284.977 99.8805
377.85 410.882
271.699 280.776
483.957 205.787
477.173 308.441
334.874 321.552
188.785 61.4661
262.354 263.51
209.268 385.775
302.695 341.296
313.045 154.787
355.599 339.673
97.2141 327.924
360.726 6.91788
298.583 12.6408
427.965 220.483
236.587 97.1766
81.0256 447.145
241.661 235.324
448.129 98.9961
416.886 273.825
372.851 206.544
469.807 436.917
487.291 69.0381
112.704 172.671
111.487 345.964
17.6986 139.015
155.852 358.432
375.994 365.338
278.633 200.329
208.017 276.959
495.086 80.668
377.284 346.217
413.934 318.66
83.1416 182.378
494.232 447.226
417.447 485.117
398.439 362.531
398.063 309.77
69.8173 205.614
112.914 406.456
476.325 298.343
369.275 257.323
443.966 134.295
360.792 254.219
4.08277 171.389
252.699 364.442
299.78 415.534
220.995 11.4936
55.8028 80.4341
340.42 356.057
412.799 306.282
10.1222 102.046
186.251 127.456
280.767 114.949
25.971 382.71
410.939 266.547
89.9359 285.902
48.7338 467.221
132.505 137.428
110.814 1.92799
408.171 143.798
325.634 181.67
159.324 42.9766
16.2027 54.5307
366.555 496.431
174.694 92.9568
229.279 398.314
273.357 225.729
400.196 435.55
149.785 57.4864
457.224 149.053
484.64 247.916
290.969 433.401
345.859 271.708
205.961 471.859
259.796 280.93
342.753 142.224
259.737 272.1
112.068 155.925
305.398 152.803
147.05 130.592
349.56 452.454
156.858 77.7703
144.408 148.357
145.406 387.431
53.4483 213.597
87.1312 62.6136
307.12 356.187
306.992 422.286
326.183 104.101
249.636 385.88
100.953 62.6153
471.331 85.676
373.862 141.638
66.5016 132.618
283.52 162.811
226.936 30.0164
289.347 323.99
383.004 183.514
10.3207 171.458
250.423 85.4026
23.7575 473.555
283.541 310.882
40.0469 69.5403
374.316 60.806
67.8781 188.847
428.864 477.379
462.727 297.332
280.399 476.211
236.211 129.444
12.0509 462.697
111.777 253.081
384.41 127.995
73.5221 286.795
63.9616 280.112
406.191 232.758
17.6682 80.5189
353.777 441.64
73.743 446.303
182.634 274.545
245.789 408.314
399.056 400.271
334.782 345.332
241.218 134.038
150.642 208.553
110.23 317.24
474.705 268.497
273.955 325.931
489.463 395.519
52.1103 383.933
131.084 327.434
363.455 138.311
318.297 176.551
55.8354 432.813
487.871 323.885
191.049 466.533
7.02371 74.4798
309.108 188.755
135.903 47.5189
135.366 315.531
491.166 179.434
237.596 305.977
171.671 325.111
95.0806 491.839
209.628 397.816
274.986 189.71
292.677 273.655
425.788 124.637
456.552 396.371
231.704 234.927
193.2 159.518
372.448 194.074
26.2513 196.429
153.463 249.267
101.069 465.262
299.841 122.406
444.029 117.723
238.611 151.454
293.307 189.023
322.08 349.347
376.484 246.06
315.603 398.856
283.667 57.3436
474.813 388.702
317.22 475.657
270.185 479.66
239.838 129.025
74.6888 457.029
36.1385 233.246
97.7571 389.365
420.529 331.691
10.023 83.2498
107.102 220.25
89.0554 143.926
143.306 393.107
32.9225 471.433
170.811 304.831
469.845 163.961
260.7 48.8922
63.4016 284.519
171.861 391.061
109.199 339.814
249.729 418.276
140.212 428.868
285.703 145.801
465.621 160.933
140.62 11.6994
64.2122 379.667
150.249 177.578
165.085 145.748
374.687 74.3977
18.6266 107.791
165.783 453.893
116.427 292.674
191.814 448.841
205.088 486.8
492.048 460.503
338.946 33.3452
313.948 366.135
380.671 264.194
360.938 277.936
308.856 167.279
102.876 453.941
398.839 221.131
141.829 324.238
365.37 482.738
348.562 25.117
223.668 330.768
220.066 175.977
175.626 273.522
423.842 445.486
484.171 44.9453
181.067 469.55
19.3032 319.273
250.983 315.984
246.212 345.239
397.798 56.6744
497.951 464.951
459.397 310.981
405.629 340.031
85.6242 339.217
193.942 69.9184
142.744 441.972
254.813 182.177
228.63 320.148
404.553 418.053
294.161 459.216
464.895 209.307
272.659 11.0569
62.9189 415.548
51.7187 48.6635
171.314 364.899
272.202 17.8722
242.697 370.528
411.541 328.924
117.111 280.367
142.686 342.651
428.17 491.471
178.529 9.51571
498.318 110.95
224.48 335.558
381.92 300.296
5.30502 388.319
481.259 381.971
15.7864 7.44792
328.691 320.405
93.631 450.17
394.588 173.958
409.138 176.315
382.116 355.065
149.428 296.933
160.925 465.309
1.32477 21.0408
486.638 23.121
251.526 358.508
182.761 224.418
401.189 353.649
171.974 8.59978
252.503 29.1751
270.333 180.545
114.72 254.385
418.129 50.4194
289.554 35.0254
326.162 408.715
54.047 323.381
127.673 287.667
382.862 190.229
135.879 26.1501
328.234 192.624
294.422 238.955
17.4523 61.7915
391.824 177.276
266.458 131.094
16.7036 337.843
178.719 273.342
266.097 26.6904
381.077 106.491
58.9567 31.414
24.61 189.017
242.642 106.2
30.6562 65.6348
327.593 110.921
55.8354 464.005
490.36 26.7261
161.379 34.485
301.24 24.4361
85.9937 468.701
147.956 123.254
100.121 316.666
240.698 226.665
314.444 189.382
422.837 493.122
427.695 324.51
184.787 183.025
233.54 299.456
350.688 89.6542
114.101 417.394
53.5341 23.0058
183.38 374.47
46.3977 117.821
134.172 269.94
41.5296 442.397
205.638 102.201
317.24 30.8143
139.648 91.3221
111.458 220.932
296.641 235.322
249.732 71.3523
206.359 392.862
369.061 394.955
107.941 437.188
367.108 344.732
84.0989 25.7401
320.571 307.942
366.096 168.221
195.603 480.451
409.967 245.524
147.944 267.261
201.963 256.533
415.774 448.757
421.142 486.543
327.759 468.715
14.7844 385.729
189.92 64.7595
40.779 111.253
223.32 213.583
91.4372 425.148
460.632 335.497
495.642 359.558
249.058 55.724
469.881 176.975
230.337 3.79337
19.1455 270.136
299.278 334.28
127.132 251.999
419.447 114.065
395.864 104.135
295.106 258.741
228.56 43.5089
392.071 339.226
476.44 330.786
166.282 190.436
493.481 400.438
406.994 105.838
325.797 96.6024
72.7771 164.306
393.552 401.066
294.649 170.612
329.193 465.913
182.654 256.797
75.0255 396.253
78.2333 284.398
361.213 84.7395
81.0177 473.486
202.38 216.991
173.799 363.175
329.378 341.626
13.519 437.734
306.483 451.457
51.7633 187.227
254.414 299.45
346.454 368.008
462.162 458.485
90.5906 46.4351
8.69063 17.3692
195.809 112.658
173.843 45.43
250.131 325.35
469.74 141.737
404.812 191.545
470.78 128.025
326.335 189.788
103.132 281.404
18.0571 30.7533
435.889 358.749
216.365 416.595
374.943 273.975
184.304 212.694
30.9414 213.21
375.782 463.957
178.455 426.006
374.682 460.294
296.477 311.052
50.8686 147.183
381.458 253.235
77.5699 15.4404
188.083 284.479
1.6806 383.776
216.237 223.681
326.98 185.076
206.591 238.609
381.507 112.052
250.725 430.725
40.1014 171.7
193.636 87.6083
455.84 146.567
339.715 370.571
31.6994 452.152
57.4914 447.947
234.893 79.3861
188.817 276.101
93.6941 110.281
180.781 424.989
147.356 219.146
215.964 11.9471
176.476 5.14525
62.3834 245.14
398.082 323.816
442.892 171.895
367.224 416.908
82.6875 455.597
477.511 320.252
64.9286 14.0675
399.217 312.602
265.381 38.9049
156.005 159.198
22.2694 32.7735
383.973 454.025
99.1922 240.96
347.728 116.407
439.214 155.367
418.824 133.928
311.521 134.04
13.9659 195.114
60.5349 367.73
76.9806 89.7227
11.7601 496.035
73.4324 437.319
192.395 416.316
260.477 18.7502
67.267 459.026
49.7989 434.599
446.272 119.979
300.525 251.254
340.687 4.73103
12.7458 370.92
91.5848 49.8877
207.557 331.426
60.8508 215.237
492.799 79.5372
74.1904 81.7753
4.77445 479.655
439.128 225.184
323.342 48.428
372.579 388.123
44.9992 148.133
262.405 198.136
475.591 53.1228
61.4849 255.835
356.851 310.563
229.402 32.6929
26.8809 86.9705
94.4094 306.82
34.8389 269.036
273.401 28.3298
417.081 478.485
72.8919 480.678
244.885 480.469
125.595 64.7347
161.067 277.57
215.9 391.346
284.176 276.317
321.269 207.749
34.7743 463.383
146.445 376.472
469.832 398.716
301.334 494.887
72.4062 422.676
78.4115 433.278
89.3558 485.66
276.536 319.318
146.86 340.694
80.3034 498.65
339.758 411.668
178.468 182.015
191.994 177
432.908 266.844
464.068 375.477
330.934 236.745
468.37 416.12
98.3245 310.485
443.451 106.953
284.991 324.966
89.9042 324.857
426.5 364.828
419.809 99.9551
349.724 446.18
431.944 62.0537
183.502 325.402
24.9266 32.0019
327.255 457.271
378.254 66.7441
19.2755 472.802
177.388 136.454
83.7839 7.90618
35.4921 477.971
174.062 221.81
95.974 87.3619
185.479 174.703
131.774 28.3832
256.714 92.6455
186.836 388.331
99.1791 203.705
479.261 148.146
75.0765 296.997
330.495 185.665
376.672 333.748
73.6276 466.016
191.779 431.31
453.934 277.565
425.32 282.414
56.4082 381.132
30.5315 219.822
269.071 349.791
129.407 293.267
121.408 174.612
254.006 73.7205
283.388 40.2448
137.338 44.76
79.0158 36.0562
78.5722 79.4037
430.297 246.254
47.7892 60.7097
218.06 232.58
329.289 156.005
339.99 70.7773
270.478 406.17
262.714 254.9
389.717 175.81
335.662 57.1458
361.055 2.65392
435.015 492.069
27.9849 28.1739
312.172 5.06628
81.1918 402.228
127.089 348.372
217.023 96.8728
206.459 308.796
466.739 334.588
434.331 480.76
169.416 352.388
68.6162 452.022
7.67543 376.914
149.768 96.4677
489.678 188.725
33.7532 129.511
409.242 4.5447
481.403 199.923
266.575 106.963
377.358 339.634
4.8695 127.358
274.454 276.438
484.906 261.991
327.653 266.69
124.501 251.854
128.524 115.955
149.722 63.1327
331.511 100.655
212.542 118.58
184.53 84.4471
195.042 180.442
100.418 359.916
457.801 161.013
310.763 218.032
432.601 68.9592
224.663 318.711
495.145 327.709
341.998 494.932
349.908 229.462
45.3602 275.33
343.563 231.757
217.78 473.375
361.17 398.056
258.887 132.996
495.173 15.8436
119.827 37.3192
50.3444 369.661
415.186 334.465
176.222 95.4848
386.424 35.9018
92.4485 29.4934
312.061 291.973
208.803 125.742
389.305 437.028
379.037 38.671
211.309 32.2309
10.0579 233.162
83.7364 287.302
320.003 326.645
378.219 125.71
46.5321 5.32496
199.426 209.561
384.73 400.441
11.5803 168.795
218.583 154.478
53.3774 425.036
296.547 297.092
54.8313 470.246
380.315 90.3268
451.393 256.457
321.332 451.947
327.373 348.157
102.035 119.789
94.2754 296.232
106.977 153.655
94.9879 223.975
250.872 464.025
428.561 94.707
400.243 38.0774
433.155 368.272
9.98989 486.014
472.846 393.364
131.375 401.296
141.16 214.279
284.61 222.561
298.969 315.913
13.1584 487.481
419.228 406.143
211.798 158.26
248.755 402.98
178.563 361.505
45.3817 431.862
222.848 26.4167
301.605 145.817
207.243 259.963
232.34 238.978
131.713 215.71
30.6519 354.029
233.706 456.876
391.48 333.201
203.485 353.918
398.236 389.805
336.249 45.1348
367.161 465.282
59.1663 164.465
78.7861 11.1392
457.51 104.325
442.161 488.303
14.843 394.937
309.181 306.068
362.851 32.9373
298.374 286.093
236.352 497.73
74.7438 75.8867
221.528 241.173
318.472 34.4999
447.287 272.659
394.231 8.88812
106.865 109.348
32.0923 491.237
330.017 229.654
495.142 414.192
4.18168 59.9349
75.8988 429.463
27.9444 217.835
9.09023 494.474
464.523 301.943
184.085 165.833
410.398 160.673
418.692 315.642
255.535 220.846
425.11 411.777
338.289 61.266
216.388 66.5043
437.543 473.17
179.617 202.31
344.109 304.748
488.403 485.422
417.468 172.903
74.0945 174.057
230.293 454.604
228.109 476.101
84.1144 399.892
324.359 404.265
257.842 372.531
251.211 151.518
45.0753 203.434
65.0616 441.768
215.498 128.153
152.19 402.209
130.773 463.647
82.8223 178.156
329.922 142.918
487.109 191.175
292.657 133.402
64.3458 129.419
341.096 154.767
3.58262 32.3028
308.669 291.793
5.96512 270.406
57.4473 284.522
43.2357 247.453
147.407 61.8145
159.756 308.981
285.003 266.241
201.621 385.042
420.181 21.9908
122.044 477.385
205.423 369.106
42.8619 498.362
306.6 487.685
65.2355 309.631
441.502 374.931
349.123 490.08
424.167 148.609
30.5586 430.093
302.042 467.772
329.937 61.1641
474.637 16.0088
55.5266 497.657
361.406 343.875
154.294 347.214
202.516 71.0228
409.008 52.4739
467.717 224.189
483.754 139.08
474.137 87.0222
30.2593 439.234
168.593 324.407
395.08 415.889
415.741 385.577
137.549 33.5166
392.746 62.5059
365.334 275.045
66.1628 365.77
270.26 336.125
312.611 196.687
354.923 54.3532
318.807 77.5355
189.758 475.712
127.343 345.862
420.137 275.046
69.2237 252.798
80.3726 338.704
2.57943 458.784
196.713 262.438
471.772 443.974
15.3955 42.1163
472.677 182.728
139.126 215.97
202.542 119.601
467.205 407.795
257.763 478.092
111.529 42.3276
6.96554 210.092
312.216 308.779
28.6051 269.181
109.849 188.581
73.7953 45.3181
405.839 153.541
435.058 131.854
242.504 380.203
402.463 134.412
430.913 331.527
325.192 243.635
163.447 36.297
198.403 70.2872
237.169 284.229
291.596 191.121
157.128 334.377
153.971 485.052
456.256 184.415
30.6061 342.804
308.4 235.853
155.062 470.957
168.698 173.201
253.914 338.538
393.787 385.219
292.622 366.127
373.835 41.4092
195.447 324.042
396.712 460.697
361.803 178.952
57.4897 66.3047
240.742 78.1223
124.188 32.3059
114.244 81.8142
263.19 43.1281
273.55 258.064
270.025 234.762
9.05217 387.624
74.8261 192.664
13.0337 15.0209
292.715 176.056
330.595 304.386
378.899 316.631
420.967 212.809
376.526 114.727
489.298 10.9351
73.5356 302.809
365.078 183.159
327.769 278.792
415.937 475.529
302.071 307.94
286.276 231.243
335.725 98.6183
269.52 35.995
373.727 276.383
128.027 183.715
411.114 25.8571
50.929 340.145
301.679 353.865
364.122 117.725
206.615 154.422
320.189 496.502
131.472 288.404
145.112 14.1968
171.517 496.987
128.769 308.114
372.163 125.309
263.784 329.385
393.735 78.4236
356.598 467.595
269.179 415.376
489.838 354.551
313.916 157.741
419.585 108.932
115.964 295.593
435.397 32.2672
365.986 105.988
127.689 125.918
477.918 389.187
2.70627 360.725
208.249 493.569
294.985 17.9823
389.453 485.126
264.156 212.071
354.327 3.3488
146.231 297.135
56.5597 353.944
496.432 222.495
35.6269 165.623
348.668 106.821
270.025 498.219
258.436 3.11018
307.608 314.97
282.802 142.155
405.726 168.789
337.424 462.809
59.6501 414.567
345.256 155.794
157.938 114.709
466.153 396.93
104.448 358.785
142.044 208.058
428.752 471.59
8.80084 64.7381
113.244 187.005
337.144 451.633
406.624 460.641
77.5855 344.141
412.763 170.628
247.42 18.2163
235.955 356.163
187.109 470.552
427.243 151.026
151.974 168.672
1.24761 468.077
415.987 107.852
71.1669 389.748
254.414 177.392
70.4504 444.993
178.136 256.318
94.9833 300.594
294.033 12.5283
368.382 424.29
89.9006 55.6841
385.398 77.6952
236.164 25.1294
251.124 221.467
454.582 177.066
494.598 267.276
240.285 75.2824
71.6917 413.527
280.664 370.447
330.715 210.531
72.2064 384.364
379.739 115.274
3.54772 343.301
443.41 31.6514
432.201 89.9768
99.9276 126.658
190.487 365.617
420.088 174.452
29.1711 19.3307
349.051 123.752
394.107 208.494
390.877 115.552
90.6091 129.372
189.43 12.9132
107.795 91.8654
398.931 397.027
131.657 375.29
25.7313 342.65
293.977 478.207
124.481 433.785
416.464 59.3136
60.8426 351.079
444.105 109.375
432.471 449.389
290.592 87.9771
454.345 418.867
438.355 126.718
180.998 271.628
357.022 459.973
496.288 280.525
18.2228 85.7349
430.061 391.52
445.677 264.214
438.975 170.805
84.8698 69.325
306.6 1.79554
46.6367 495.013
160.739 90.1677
352.049 358.842
183.156 108.206
389.552 171.527
111.348 200.589
242.773 156.015
352.838 173.591
38.7313 456.749
48.2018 260.96
321.323 257.049
131.147 57.5508
438.724 36.8262
18.0606 446.531
394.505 357.01
385.27 208.161
100.55 185.283
120.352 47.6082
199.356 214.284
395.761 474.831
293.775 180.73
58.9872 421.601
198.883 136.977
269.15 472.069
483.358 99.467
264.437 398.979
48.4647 123.452
240.246 244.4
11.0134 307.653
285.434 28.8021
472.548 198.568
65.1093 473.198
480.616 229.508
81.723 85.9234
259.775 483.987
111.727 394.007
25.1668 110.079
236.023 221.852
280.54 431.136
130.89 352.437
232.832 270.698
206.671 377.236
409.068 90.5782
202.905 434.036
337.847 30.6024
52.0149 390.799
99.0915 60.9651
492.322 321.516
23.7927 179.075
36.9109 426.61
322.857 65.6398
356.121 176.452
108.201 26.0734
265.323 478.532
185.218 223.015
362.009 494.593
148.791 185.622
294.386 292.779
10.9835 368.77
381.152 283.565
136.035 224.054
177.175 379.44
64.3976 205.323
250.367 180.619
387.917 240.847
362.143 287.14
103.659 427.715
462.696 427.535
20.3084 422.964
436.262 274.207
267.57 264.398
66.9089 150.172
67.788 8.17096
477.771 224.5
381.164 469.977
227.855 187.37
211.249 282.711
73.617 362.353
118.589 406.772
153.776 186.131
104.473 59.0061
281.038 128.648
120.415 12.27
55.2867 128.469
391.161 477.887
456.753 363.013
456.765 241.044
44.9668 22.178
399.08 430.104
216.757 366.37
84.0118 405.465
26.9236 438.047
235.191 471.601
204.146 178.598
243.819 108.717
373.076 476.495
147.19 262.747
30.8229 482.201
77.3659 409.943
23.1723 416.978
291.871 109.45
133.463 419.176
363.556 308.903
361.258 450.868
209.243 477.904
319.132 353.186
350.96 105.402
192.322 295.528
423.517 120.948
184.222 121.545
323.405 372.413
405.101 325.7
482.313 331.234
52.1186 57.3562
12.7449 411.164
341.945 30.9033
9.1192 229.205
482.086 217.52
365.464 434.13
414.088 268.383
63.8253 54.4979
146.898 164.924
223.597 146.225
168.195 481.465
210.02 485.059
159.539 112.56
262.97 159.451
219.752 110.542
242.586 169.345
15.5058 135.894
459.824 465.101
431.233 365.085
494.887 392.318
207.477 146.338
423.316 367.837
41.2706 90.6152
143.262 63.165
296.666 104.791
339.334 239.435
449.205 145.951
481.59 124.625
252.675 485.361
36.7686 419.465
66.9992 443.668
293.369 207.79
65.8977 201.068
235.081 59.0219
394.389 248.169
324.685 26.0599
379.994 47.8076
203.994 272.894
482.893 12.0964
143.373 191.005
367.81 318.446
493.328 46.4662
228.221 409.18
440.23 163.362
324.118 150.75
398.385 227.276
229.431 57.55
154.622 380.309
419.045 472.015
109.66 301.436
209.318 60.8308
18.9756 300.891
54.0299 488.942
447.571 355.945
264.474 375.305
30.2946 296.278
97.1427 274.988
72.6779 4.62967
74.5619 432.494
213.907 164.421
312.281 14.8455
135.911 332.409
441.388 476.179
313.128 483.173
421.273 203.222
265.302 305.889
409.049 209.122
399.633 13.787
149.532 453.593
289.092 418.368
346.409 188.523
371.671 197.116
116.681 359.53
418.135 23.494
497.559 82.4842
244.291 145.084
61.1425 498.205
437.127 217.317
315.207 119.133
313.773 470.713
291.246 342.141
470.325 327.216
156.629 421.604
151.229 31.4947
454.094 370.747
96.672 432.712
183.633 4.39292
421.653 414.774
445.603 436.436
428.163 309.008
57.8541 35.3087
311.663 190.199
6.40988 342.517
121.771 152.023
352.224 428.22
72.1656 229.751
139.361 261.869
277.781 275.269
438.489 103.249
233.769 132.8
293.73 377.764
277.361 136.785
91.9047 154.254
289.511 401.853
24.7783 45.2698
54.7428 459.485
151.598 470.738
29.295 71.8107
125.735 376.235
286.732 461.263
134.964 303.544
57.2198 478.919
460.092 184.5
193.353 421.789
348.904 311.301
321.15 161.406
196.098 54.2895
349.575 300.551
163.841 416.023
109.881 314.425
87.3837 420.984
412.464 439.405
8.91067 29.5775
15.1281 248.822
250.273 275.878
419.875 250.461
315.22 141.699
137.188 450.755
182.327 450.944
338.022 284.411
448.239 133.222
233.785 391.797
82.3628 290.18
284.226 443.016
300.671 479.2
391.947 34.6807
125.145 28.6928
278.442 24.8405
137.478 158.434
373.698 247.799
487.542 242.871
474.349 84.4521
313.046 150.266
92.9675 236.302
326.371 485.76
2.50356 409.886
75.0786 22.7051
260.003 111.114
394.674 65.524
352.627 366.266
274.577 247.242
161.857 189.059
443.626 93.3228
409.207 219.774
158.153 164.113
295.786 303.663
405.447 27.7114
179.503 68.3852
370.58 473.447
4.46496 6.47172
75.6659 34.1639
357.366 281.52
154.043 210.781
321.893 93.7146
99.4087 447.493
225.42 245.488
297.447 87.0511
94.0755 4.82697
51.0829 112.933
148.096 214.396
1.23825 75.1254
212.395 196.755
178.775 55.0046
392.64 275.675
90.1974 292.993
275.773 132.28
420.991 454.631
365.829 347.316
187.958 47.03
70.919 447.671
336.886 37.5299
132.789 448.533
85.3472 17.1616
44.3354 185.974
462.494 394.824
59.4716 282.98
142.588 278.188
18.8336 487.784
412.608 75.0895
65.7604 368.433
289.079 111.589
422.642 45.2344
359.888 322.282
346.482 335.224
204.563 478.518
387.313 45.2802
5.54158 91.7856
452.633 196.812
241.746 493.758
250.545 289.12
51.4106 152.381
173.862 54.5049
392.602 189.503
44.889 62.2791
265.521 421.899
147.173 104.81
177.216 1.96199
445.594 495.618
26.8738 250.312
353.888 178.783
165.07 336.92
482.227 175.721
411.394 84.8784
284.547 215.418
319.294 217.917
90.5389 330.117
139.683 19.8282
98.0497 451.479
8.89658 198.41
94.3418 26.6404
209.055 91.7235
478.553 165.59
156.172 58.363
489.69 182.164
451.96 362.192
233.541 209.557
212.652 378.111
353.386 70.0204
275.395 463.886
316.906 470.569
214.452 76.6992
371.933 327.588
466.941 474.851
318.086 2.0609
115.093 349.459
153.695 163.954
364.185 170.489
17.0516 397.252
367.238 361.818
257.27 32.3787
356.906 307.247
71.5367 161.665
308.892 438.243
232.908 351.588
405.934 149.231
382.944 498.488
423.426 395.478
11.2169 418.71
68.3243 261.974
101.197 255.189
216.604 276.241
157.121 1.80624
1.45433 150.341
430.281 157.852
263.489 195.258
295.198 266.309
488.367 129.316
359.537 61.2567
62.903 148.87
316.221 373.59
311.455 425.589
187.114 49.6324
495.08 44.4759
498.514 154.299
117.439 134.832
452.141 441.929
318.176 270.582
21.2855 81.3378
2.45928 188.302
189.159 487.11
262.996 457.526
71.9634 486.348
27.7353 314.214
328.467 200.351
150.225 109.97
403.374 396.883
217.984 253.45
162.348 144.994
492.517 365.799
63.8709 242.073
428.842 474.478
449.499 293.793
168.83 240.754
42.9979 137.03
132.242 361.293
355.675 152.621
64.525 482.722
2.45701 498.205
441.861 342.721
262.719 28.5973
479.776 321.844
259.445 191.672
66.2499 283.137
452.022 425.748
66.4128 195.042
368.791 25.3643
322.704 296.332
18.3196 452.222
493.417 103.054
274.105 110.662
440.575 394.847
129.811 69.0839
464.863 61.0676
74.1216 410.439
271.17 177.582
197.583 48.862
154.367 44.237
478.795 386.856
465.405 28.8496
76.8538 87.0559
191.496 173.538
408.789 344.623
493.336 279.063
293.108 117.01
493.458 133.641
121.09 182.895
276.734 160.486
117.933 285.598
215.27 22.8641
346.333 93.3332
310.969 61.2879
131.168 364.003
77.3489 44.1127
288.023 140.948
60.6362 112.804
448.128 279.026
102.679 336.337
377.611 33.8342
301.37 323.511
56.9368 200.764
13.4958 311.42
418.699 292.38
250.959 185.986
403.826 71.6554
445.819 216.179
197.865 207.12
214.709 40.7379
160.17 427.956
452.07 253.044
155.811 264.964
389.258 225.433
143.076 86.6048
159.929 222.282
10.6085 382.15
31.8476 26.1983
41.8481 318.306
144.446 203.671
71.6723 309.58
392.539 436.553
354.186 50.6531
40.1455 84.7412
437.595 277.515
404.729 424.905
419.096 145.045
468.187 126.853
26.0235 433.463
358.194 279.141
229.489 278.269
493.139 308.452
25.2882 129.25
88.6135 479.375
252.638 175.608
290.879 142.168
288.087 383.622
151.906 49.3324
319.556 380.737
131.264 460.243
250.058 227.499
458.568 248.533
226.225 252.875
463.119 242.257
262.284 168.466
287.525 359.607
163.292 147.618
363.217 130.265
49.9605 330.958
119.639 348.312
421.502 292.959
327.128 222.347
432.371 232.466
53.4645 275.607
107.84 145.309
231.858 368.113
12.6023 484.137
68.2858 20.197
51.0953 1.70919
341.392 7.14898
159.75 420.98
175.641 241.264
136.172 313.056
46.9201 225.58
146.408 328.51
186.949 447.568
475.557 372.965
300.821 286.911
234.185 407.706
401.057 9.20197
469.79 476.459
146.521 301.876
258.678 43.2635
489.258 290.156
301.593 37.1211
180.859 368.793
401.077 251.309
420.739 28.6505
157.916 385.093
303.711 230.69
341.646 191.554
373.058 56.247
315.498 203.716
382.424 290.331
160.484 39.3795
266.175 23.6978
398.307 440.313
234.746 449.505
238.476 222.998
290.481 319.173
126.256 88.5219
204.444 164.509
115.965 84.5065
266.111 456.488
29.1653 231.626
250.762 45.0909
491.611 417.52
220.718 245.149
350.81 240.846
498.384 202.103
142.303 477.16
106.868 168.692
266.035 157.215
310.328 164.153
442.362 459.921
390.197 221.363
37.5408 203.792
365.007 352.665
8.09036 114.366
344.497 380.078
234.239 107.421
352.13 458.117
78.7562 280.088
108.437 17.4639
484.894 134.245
269.744 450.849
372.099 52.5918
408.742 333.792
309.019 150.951
307.263 280.113
16.5499 279.074
435.152 263.621
60.0552 140.116
61.8049 358.486
86.3125 223.586
426.27 67.4669
264.899 270.846
279.595 243.104
293.197 119.853
127.382 214.204
30.243 42.9736
147.523 7.00359
221.811 219.507
274.028 204.644
183.554 187.122
336.62 296.826
65.0594 479.477
89.2843 182.051
321.092 142.768
221.526 14.1854
439.677 478.066
193.641 169.246
165.124 216.208
94.9154 163.02
3.8963 77.5538
175.192 171.895
138.905 418.755
355.592 292.294
488.787 279.318
360.716 473.082
84.7162 457.26
158.138 299.903
311.425 361.934
381.035 358.234
230.248 188.069
160.552 328.01
135.027 234.613
164.215 168.773
244.081 178.177
490.74 349.965
143.476 371.568
257.341 163.917
236.933 281.718
472.646 47.6504
481.822 333.67
222.427 264.822
467.068 186.022
334.453 258.456
264.997 34.9477
28.4682 113.947
80.3177 329.414
306.73 335.768
157.825 342.034
174.213 142.936
318.217 313.068
222.876 208.523
290.169 41.1103
371.182 489.266
365.637 186.814
4.4545 339.46
188.677 195.965
185.041 272.606
257.204 199.627
425.498 450.719
308.774 331.869
485.158 496.799
365.801 162.609
86.9922 302.563
190.58 410.5
443.455 74.8445
121.324 17.0251
172.14 189.932
356.287 191.35
312.432 85.6987
46.1937 315.743
289.327 406.797
225.908 459.892
60.4643 261.474
498.06 166.128
407.026 431.972
163.837 13.9168
228.611 233.509
438.466 108.835
324.273 260.238
60.0491 472.045
498.465 190.895
178.774 198.986
35.9058 106.195
396.916 274.535
301.346 221.752
173.491 283.909
95.9169 125.444
29.1599 309.571
157.405 365.753
254.678 120.853
74.9358 377.975
207.508 311.226
293.129 149.794
76.3735 445.723
257.464 130.858
78.2418 493.922
398.632 254.37
14.7493 166.947
409.498 172.877
133.217 45.2559
282.77 195.553
155.156 244.469
2.87227 434.195
391.096 8.29774
444.158 247.341
130.85 160.214
423.864 416.333
5.09161 498.626
82.5259 49.0012
457.369 326.447
455.643 384.837
387.214 342.278
29.1539 240.366
127.232 343.365
420.481 247.345
296.426 131.468
352.176 299.372
133.476 205.529
485.794 422.083
274.967 494.72
377.215 75.0548
390.444 417.511
425.21 383.03
330.34 270.736
60.6356 297.62
102.336 89.2205
246.617 483.094
183.534 301.469
377.245 293.599
304.891 445.903
327.18 464.013
237.745 118.588
111.951 115.67
338.693 449.62
24.369 86.4017
422.387 459.437
386.742 246.9
277.011 243.886
300.821 205.306
280.784 158.621
229.987 413.65
170.836 322.254
472.8 407.15
236.395 275.085
276.777 69.5421
88.4941 153.141
412.41 263.434
276.672 4.73575
175.618 22.4887
11.1064 250.793
469.503 375.329
90.4623 357.325
357.662 384.891
141.521 494.389
370.121 243.412
461.33 172.05
476.46 356.609
275.407 446.258
277.098 431.562
32.0649 435.13
6.36536 108.177
394.127 388.055
484.814 320.333
188.404 105.716
415.452 112.189
177.494 338.224
343.283 74.8474
45.3796 193.865
102.433 424.066
235.178 400.533
381.162 478.818
46.8702 277.952
170.481 114.576
167.952 269.765
130.085 318.458
168.726 218.478
353.355 39.6737
91.0148 495.461
310.749 428.635
369.228 324.656
149.631 131.368
429.35 185.85
93.2334 129.917
462.785 73.7408
426.904 15.0658
56.2372 53.5927
270.462 476.939
130.345 129.513
403.673 25.3217
158.125 135.275
362.433 283.709
336.314 237.985
169.934 422.147
464.705 408.637
225.302 433.173
410.107 17.967
299.514 345.593
8.50467 186.914
300.27 256.869
377.416 184.719
484.408 116.311
99.9689 334.762
71.7995 456.036
156.705 407.642
158.551 482.008
422.159 81.5697
344.911 104.897
1.50344 142.093
413.027 82.2315
114.083 38.5222
277.11 101.343
50.3541 231.795
8.49044 316.874
348.747 182.776
431.447 48.3629
50.6065 184.681
7.45106 249.645
337.747 315.109
136.035 296.618
14.9463 110.957
23.9632 310.451
364.703 265.272
232.094 356.799
171.995 192.517
417.107 227.552
12.2102 91.5085
274.263 232.375
113.319 92.8859
319.231 70.4929
379.318 326.582
428.025 279.24
222.894 440.007
73.9698 279.018
119.317 243.962
401.632 102.242
243.121 82.9894
455.073 402.671
307.916 99.1284
205.327 203.013
105.141 417.983
158.697 450.263
41.9316 133.086
441.715 445.925
467.29 298.808
78.3358 473.194
151.182 374.839
74.2736 250.618
383.655 6.28576
182.619 455.608
467.744 418.719
71.998 196.641
363.925 19.7803
119.532 88.8834
230.192 191.61
324.39 98.8191
60.1175 110.068
278.04 10.587
277.253 363.741
432.938 337.961
216.354 8.08939
96.8932 232.909
411.923 272.299
418.492 196.431
50.5692 181.024
461.466 157.558
46.8408 295.191
260.908 489.582
325.421 109.662
436.992 173.748
113.292 422.923
327.319 154.427
452.695 468.585
119.956 72.3442
147.416 349.316
271.253 22.8964
59.9123 87.1599
414.199 242.748
120.4 380.781
240.903 318.093
331.851 400.557
60.6495 344.371
395.482 321.435
199.952 398.974
230.363 8.21984
275.096 368.418
158.552 53.3766
76.7378 166.049
6.59347 194.9
22.9592 30.3717
65.8755 407.082
355.148 260.059
208.542 118.737
262.143 394.791
218.431 94.6225
53.2492 54.6829
281.46 481.33
284.044 454.262
453.794 460.705
102.36 298.933
68.7328 461.237
74.3374 15.6239
74.0791 335.829
323.849 79.9386
98.2699 155.206
352.595 400.729
424.431 380.041
313.6 301.989
69.9903 53.8142
209.024 316.062
323.723 121.689
395.679 409.256
16.5327 71.1897
138.857 247.032
494.824 470.791
484.509 305.414
224.615 467.659
304.153 6.08407
387.678 159.412
71.1036 495.778
101.532 100.956
300.572 489.909
53.1089 85.6627
417.376 439.426
393.557 417.897
13.5475 365.423
476.925 367.903
290.66 330.025
275.043 348.534
495.121 416.808
340.187 142.174
348.519 225.286
384.405 288.605
116.293 453.97
224.503 255.695
54.0135 427.721
328.265 35.3453
397.446 100.071
181.422 176.514
76.1558 239.175
265.441 483.226
372.709 367.583
324.051 39.3506
285.189 474.248
70.1616 123.476
340.184 103.069
80.5733 277.294
314.819 453.023
261.788 409.203
250.024 76.7669
277.052 146.058
197.238 296.874
231.533 40.7313
356.187 29.281
193.341 138.242
398.096 492.856
435.12 67.7082
425.312 481.279
237.059 90.4307
369.416 68.8966
308.374 115.603
163.645 102.717
231.793 215.685
209.294 111.191
47.8611 75.6239
201.261 291.088
339.006 336.47
146.752 194.427
376.227 21.6181
427.479 466.98
284.941 188.389
43.398 366.136
301.021 259.87
303.445 86.8739
57.4997 256.116
185.543 39.5485
318.444 169.225
274.414 492.04
372.787 395.892
125.026 362.777
377.762 166.847
479.122 60.0138
273.963 100.512
274.73 279.144
276.258 473.054
435.81 425.272
135.5 290.507
286.918 264.535
288.085 342.002
313.55 147.15
400.246 450.941
203.816 333.06
470.649 139.068
179.009 91.4933
223.443 397.625
446.123 244.531
258.229 49.3521
289.045 332.368
129.809 341.507
259.851 326.841
432.575 52.5382
50.0166 361.904
104.614 67.0437
271.784 174.851
190.488 315.522
60.2722 195.614
192.564 440.801
291.427 74.287
117.082 270.501
116.167 10.4432
236.708 121.374
62.7852 114.558
66.6518 438.559
282.859 156.973
383.782 459.79
271.25 490.907
320.36 123.273
341.139 259.692
17.533 281.384
315.258 479.759
487.444 405.655
268.26 419.321
94.4299 172.67
309.28 414.79
178.497 293.879
132.671 408.231
316.911 304.516
444.615 46.3998
269.282 38.9376
167.63 46.2357
321.529 260.527
375.643 171.457
433.342 99.9046
285.829 164.124
238.565 444.66
119.284 156.823
7.24869 102.076
176.422 223.654
406.263 270.684
250.83 31.6061
290.108 65.9562
191.786 289.42
29.8493 406.967
463.273 173.876
306.294 483.527
464.734 187.836
14.0436 403.526
72.6614 183.607
295.557 246.478
153.159 81.9674
449.957 154.529
168.638 202.633
53.5684 175.789
408.05 65.618
42.9677 265.42
310.067 412.128
119.943 415.755
84.497 43.4302
268.217 191.277
50.6017 92.1591
486.633 16.8684
63.6603 167.613
263.021 220.707
428.634 348.454
39.8383 18.535
498.354 449.566
281.799 30.8269
226.233 75.6442
339.068 441.18
131.438 51.4022
209.556 134.63
374.075 18.3476
430.32 495.154
19.9781 428.237
222.127 375.812
303.577 273.729
401.16 269.546
121.513 247.989
168.042 158.995
335.887 225.068
245.682 364.083
180.72 335.399
19.6525 465.159
456.924 392.312
186.947 323.829
233.014 61.269
154.91 410.333
333.62 194.003
408.516 124.242
423.605 268.5
431.726 43.1518
178.446 401.628
8.03194 481.278
371.734 317.593
451.655 346.12
368.946 421.104
315.727 242.13
27.9739 488.017
437.154 320.611
273.362 182.451
247.499 329.595
16.1884 372.296
268.962 131.665
159.059 105.342
210.397 368.658
267.354 8.66071
241.664 172.479
235.902 179.934
152.988 147.565
141.362 186.401
32.9181 396.679
401.235 279.497
105.154 440.622
332.42 385.213
388.195 391.366
490.846 164.42
140.94 380.22
370.067 128.59
472.072 208.23
392.672 15.731
166.065 137.231
332.211 131.761
181.9 96.946
142.211 57.6079
173.727 203.394
197.171 21.7187
254.94 370.629
458.646 38.712
464.851 467.948
370.836 452.469
259.872 417.698
365.635 172.732
288.032 180.294
299.184 190.014
243.515 239.602
330.732 50.8938
441.621 462.518
97.268 71.3587
170.543 276.486
467.408 209.708
313.9 168.602
169.447 93.0787
100.715 451.069
35.8318 87.9594
409.586 163.164
4.44805 272.634
51.8676 240.7
386.615 181.045
7.97772 154.549
87.1649 55.4889
339.182 361.903
8.68905 397.577
374.602 302.444
392.857 498.355
96.5936 443.673
487.805 462.258
22.1459 286.433
389.679 129.825
200.626 6.06715
333.48 13.7618
260.427 379.388
242.731 252.524
351.581 123.513
137.721 354.632
190.895 208.018
196.601 108.59
219.554 375.706
430.524 135.747
145.075 317.398
84.3745 56.0241
125.206 160.351
482.957 435.475
139.633 35.949
498.751 406.016
143.679 474.678
291.266 169.343
5.21868 120.24
55.318 243.14
148.407 83.7776
442.814 195.824
148.583 472.695
15.4728 445.989
298.042 246.985
375.374 331.595
375.532 439.736
3.10408 226.378
68.1833 269.793
493.223 210.638
326.82 107.367
226.939 469.206
478.673 44.8171
297.499 257.632
395.303 90.9234
114.295 270.403
470.96 333.692
493.859 193.476
490.591 60.0437
487.419 268.98
176.898 142.302
145.42 287.123
181.224 121.702
468.454 440.671
154.721 145.782
247.29 31.5947
152.785 77.2297
50.0853 322.587
88.9755 120.687
380.987 83.2041
495.706 71.783
136.994 425.114
410.978 393.196
271.969 274.646
386.565 361.237
87.1527 374.848
325.564 20.1839
249.154 344.111
477.813 92.5851
443.471 318.337
174.387 319.695
421.706 310.492
5.65369 385.212
347.574 383.77
7.81021 313.597
152.948 391.427
158.085 63.9859
175.047 329.076
385.819 473.075
303.329 360.846
50.1058 44.7995
139.145 147.056
199.337 92.2184
42.5264 201.948
245.033 230.621
251.338 420.279
2.99063 137.723
267.846 142.045
461.526 138.36
231.222 198.824
261.576 420.924
425.76 70.2977
255.18 259.938
59.4789 275.567
93.2769 309.187
152.518 474.628
70.3654 188.749
114.753 484.697
238.964 438.291
128.175 203.843
408.825 358.746
273.481 104.987
434.924 27.2707
27.5182 224.125
384.038 13.8472
168.525 26.6365
90.3588 445.232
69.86 118.413
79.7188 57.2562
152.049 155.199
410.377 203.45
229.021 108.309
85.0365 185.655
131.943 64.6691
51.8463 64.1601
291.504 293.818
191.433 424.621
162.863 304.713
123.147 200.651
7.10123 399.813
425.007 19.3459
160.616 225.076
177.22 456.863
440.767 328.75
180.073 288.257
264.977 133.469
491.225 232.366
120.772 3.60157
312.463 289.108
274.823 234.89
105.191 482.493
458.208 56.5261
433.848 201.19
94.9088 55.7325
225.799 391.662
262.066 479.2
300.941 63.1125
48.8629 449.711
271.021 199.973
132.966 403.212
345.014 25.0015
110.889 328.232
493.39 348.439
424.612 488.346
350.466 175.171
307.019 368.315
359.163 96.9522
8.27134 309.326
43.5293 31.9065
327.637 432.989
10.1735 151.579
481.395 492.165
191.666 483.978
187.409 247.456
189.873 328.098
302.406 243.284
39.0619 388.302
15.8247 114.668
497.729 286.297
174.779 17.7452
229.499 295.347
170.172 57.0501
447.957 84.3885
466.235 481.126
432.755 80.8812
364.27 40.0903
123.524 329.207
16.3975 360.223
322.265 241.804
112.387 335.332
109.119 355.838
283.318 97.0511
81.6542 314.952
485.954 83.7021
417.289 163.498
445.703 288.068
454.4 99.7316
361.849 54.8835
89.89 441.831
372.61 171.578
5.64359 459.888
303.093 49.2693
68.496 340.418
92.6033 398.117
478.648 208.652
114.773 141.691
295.821 222.751
272.104 295.165
405.018 303.587
304.981 167.887
221.593 2.92124
313.344 341.757
214.217 356.603
34.6646 218.449
498.534 42.4933
74.654 485.471
353.788 20.5627
313.6 70.4303
347.516 83.4085
65.4279 37.3744
213.393 412.477
237.537 309.754
362.665 186.102
137.683 175.436
58.1623 209.855
400.88 190.508
28.6818 384.074
317.763 349.137
177.43 317.764
455.356 432.39
198.546 106.838
380 311.267
27.9603 440.383
144.931 78.4058
383.233 97.626
111.123 418.984
178.736 82.4788
388.858 304.738
312.62 136.757
346.232 327.141
57.4646 193.586
493.51 129.33
295.149 73.379
21.3668 119.341
408.479 191.348
98.9653 9.30822
250.885 156.646
354.146 253.677
69.3673 375.609
60.6583 376.623
465.652 133.61
201.736 223.314
78.3338 52.8187
295.596 453.575
220.115 191.051
97.3654 98.8443
91.6057 67.0727
111.842 146.206
194.764 186.775
342.674 497.925
321.855 88.7058
130.643 431.73
259.582 450.98
467.727 321.244
331.414 312.271
215.253 248.046
70.0115 85.6997
195.736 253.089
369.445 364.788
101.801 323.179
207.641 128.689
2.88955 219.312
129.845 356.56
184.317 492.324
124.529 245.929
279.754 367.952
419.816 353.098
222.188 124.166
86.2683 318.882
110.007 174.831
60.4828 250.623
90.0943 237.498
260.921 274.902
371.465 24.4717
90.9826 391.208
465.604 101.917
235.508 485.705
238.756 340.984
443.945 272.049
238.039 233.763
196.551 302.453
485.742 333.16
222.265 189.261
16.8542 19.4848
209.837 394.835
143.486 448.471
99.902 190.089
472.467 340.313
376.748 286.821
353.511 424.396
144.639 280.401
306.674 383.195
441.908 99.0731
426.708 140.482
77.4755 436.847
258.706 237.073
95.5838 74.487
255.704 134.024
50.3162 59.7609
146.708 253.103
423.921 158.415
372.366 84.2868
21.0111 235.139
490.004 4.24754
219.646 63.6086
309.455 119.996
319.675 37.1388
179.48 184.761
176.263 298.63
485.64 386.043
239.561 382.475
170.182 103.868
439.182 200.433
107.112 156.362
366.972 339.248
407.564 2.40073
261.885 279.154
400.67 17.0541
300.317 177.996
63.4536 297.203
86.202 122.086
495.904 163.361
96.1612 484.399
41.2262 169.364
388.634 387.353
19.424 411.821
229.501 84.9797
162.67 154.361
435.476 37.3669
143.876 293.767
486.812 258.716
460.385 103.827
277.237 266.609
371.258 177.19
311.891 396.487
75.3986 227.633
183.522 430.415
330.042 350.203
192.437 271.301
455.289 310.602
414.771 187.884
122.458 64.265
350.852 306.801
408.75 287.946
306.38 44.0209
305.007 333.544
24.444 287.541
98.1441 463.182
82.3623 75.7773
209.377 101.562
346.636 459.646
315.317 197.675
388.583 76.3321
274.245 460.246
177.962 159.699
80.2034 460.534
359.586 130.573
152.224 64.5567
477.655 256.017
149.828 170.921
8.30923 144.079
13.6091 264.941
410.178 106.139
74.1828 127.976
498.345 123.731
476.388 435.182
344.601 392.076
461.184 449.859
119.607 351.349
21.6453 171.763
149.687 230.588
12.7181 242.716
331.586 160.626
400.791 487.213
420.471 284.732
167.268 168.56
5.86184 488.313
45.3454 321.792
371.619 297.953
378.746 355.669
226.654 150.69
426.068 311.623
159.261 496.557
476.258 59.2171
271.535 195.62
256.142 25.5185
331.202 200.005
261.033 311.274
249.444 438.272
371.876 330.417
258.052 204.393
354.919 312.099
27.2284 413.921
209.393 379.342
203.213 26.8555
418.584 456.479
226.24 260.507
56.8333 142.166
11.1832 330.845
336.346 194.808
423.101 280.843
456.483 134.705
293.754 287.938
468.323 79.4634
72.2581 83.3998
376.034 36.5935
152.589 104.227
190.514 460.406
263.681 359.356
167.932 86.1528
251.418 169.687
481.457 268.223
112.415 278.853
257.033 235.009
343.443 446.703
402.858 193.896
208.14 161.978
248.193 189.068
356.326 393.622
287.885 424.958
108.744 163.641
439.68 204.022
496.361 134.293
189.115 386.864
49.7466 86.3663
352.921 224.89
206.655 450.004
347.687 133.191
16.1865 392.565
401.45 423.498
269.312 161.154
260.176 170.421
474.858 466.616
92.9404 105.773
112.593 410.206
241.146 3.96243
161.236 11.6733
483.401 226.25
38.3048 15.4588
455.528 357.342
35.0661 385.275
209.647 188.263
374.436 329.161
315.907 473.548
59.9784 437.537
268.45 220.41
74.1482 270.109
172.023 261.081
234.241 212.423
285.372 388.815
330.46 121.913
150.145 413.694
406.629 295.462
483.381 106.376
64.1098 180.651
192.048 148.795
260.021 384.896
275.25 449.602
374.021 45.9371
315.21 81.1155
78.7562 126.678
18.609 50.5473
276.755 346.021
37.1482 448.371
494.392 120.629
174.611 268.451
73.5996 66.3786
410.503 421.855
45.9333 449.915
301.065 164.982
48.5222 198.551
18.1497 468.597
67.2175 234.386
1.36243 10.7958
245.442 434.842
91.9473 123.51
62.8571 24.7487
284.515 263.625
274.796 273.259
69.3453 292.925
250.774 366.41
214.628 235.095
158.584 57.0114
427.557 391.26
92.4961 452.892
450.44 375.907
124.514 238.84
302.511 148.181
360.945 175.479
32.7185 376.989
11.2945 268.854
12.5649 165.234
269.945 387.555
484.103 232.354
344.831 89.8574
199.976 334.852
461.135 20.8857
373.75 424.428
97.9904 353.707
239.319 115.128
440.52 79.6113
281.322 288.51
109.644 359.194
475.207 311.847
82.3027 65.2923
16.8557 413.981
144.987 251.309
147.877 17.7426
462.618 420.002
55.6229 147.536
255.043 362.621
263.412 101.045
240.067 343.18
87.9428 435.577
207.797 406.883
231.529 490.459
32.94 60.5269
76.5338 9.49423
407.121 349.833
394.551 293.227
305.527 215.22
61.2025 176.608
183.988 154.372
75.0302 284.203
227.52 309.483
29.473 369.755
453.579 58.0808
345.058 67.0382
223.173 271.446
15.0906 158.926
237.196 108.453
49.8904 17.7179
6.01389 145.173
177.748 372.986
147.984 31.014
406.839 88.8342
451.906 301.05
150.992 90.6436
266.003 244.324
302.759 76.841
118.18 259.984
268.713 404.359
192.009 312.136
180.818 240.691
460.942 166.48
419.193 463.438
289.332 126.762
73.8955 119.072
291.802 113.16
195.605 106.267
316.689 486.228
121.273 143.353
179.338 442.442
398.322 41.1104
493.2 72.6692
305.046 426.673
193.268 476.114
286.354 97.5684
406.198 347.056
248.869 457.73
315.423 184.787
102.667 277.498
226.05 147.774
207.882 374.679
426.164 475.918
417.208 255.78
429.457 67.1264
78.5395 73.4841
235.217 44.5712
35.7115 56.9453
388.747 312.35
176.252 120.343
127.707 15.9932
424.66 73.414
392.048 45.8087
68.3948 69.0362
126.407 355.71
270.95 320.807
293.314 57.3257
239.488 281.41
320.575 48.231
86.2398 407.713
399.966 91.5369
119.039 248.496
122.323 161.656
130.718 447.053
341.436 430.321
34.584 4.38916
20.4236 492.899
102.677 333.356
89.6068 71.7537
42.7426 461.996
382.034 278.571
409.74 382.055
265.722 370.025
497.538 65.8236
436.308 396.805
52.9445 237.517
138.524 314.518
377.897 397.406
370.91 107.339
333.719 159.029
426.801 45.6555
43.3493 260.035
99.4874 222.743
275.047 338.48
187.249 90.6982
138.185 104.742
426.92 252.576
61.8378 189.895
237.464 487.244
104.926 376.587
375.777 306.171
269.09 250.488
141.402 268.432
342.977 487.088
23.0221 63.0411
383.119 421.265
400.98 259.462
249.946 405.897
342.921 129.407
339.961 405.406
104.554 380.112
492.947 146.947
288.628 134.803
213.234 51.0285
49.8246 11.9599
359.113 224.911
184.716 379.119
199.06 329.454
374.702 54.3494
432.168 288.668
415.81 356.087
196.316 385.35
154.773 426.987
228.733 422.975
1.85284 192.972
206.997 172.403
63.6139 154.789
336.268 304.337
454.844 139.952
253.336 497.545
172.227 59.948
141.401 123.022
353.264 353.878
86.808 324.067
16.3014 173.743
35.7195 244.4
58.2313 58.1296
194.545 372.179
425.905 25.7992
55.1166 217.855
476.267 243.314
269.743 278.743
94.8698 169.363
370.593 232.537
462.234 79.5766
79.2578 350.065
394.399 98.6742
456.67 224.859
203.284 399.054
189.591 189.097
126.018 396.858
351.602 397.664
18.5675 112.927
7.78044 128.483
97.3487 459.849
56.1377 220.709
139.022 410.815
121.953 346.229
123.858 89.2806
453.319 121.824
456.98 201.373
241.259 163.498
476.444 485.541
10.9234 19.698
164.104 347.521
53.6789 456.199
414.1 132.012
132.652 299.888
391.442 324.524
274.811 35.8779
163.087 405.979
336.243 144.791
175.713 476.141
58.0611 94.2772
472.289 154.327
374.155 417.747
213.215 155.91
375.897 254.11
188.053 278.644
304.623 346.322
186.449 240.421
80.4108 41.8539
26.306 146.027
148.553 482.826
139.556 455.952
420.087 417.254
220.954 94.7227
304.032 181.129
13.7334 186.011
228.924 333.119
259.715 147.496
226.656 316.9
342.196 146.895
31.0303 17.4286
76.146 3.8949
294.186 229.315
261.001 373.164
400.535 388.505
48.6699 492.398
305.037 3.74153
174.644 123.589
445.915 153.507
69.3095 400.953
219.873 57.3755
319.921 96.1413
270.279 152.729
416.182 294.055
151.967 140.078
181.226 168.866
104.371 122.988
283.975 343.749
121.588 464.981
153.432 157.386
50.4715 33.2721
103.475 250.993
42.8636 424.642
106.185 141.136
98.2012 77.4093
278.504 171.339
245.408 302.375
456.326 497.822
418.104 30.2198
105.284 335.727
291.883 103.522
281.418 90.9881
384.086 110.87
178.396 248.103
203.162 318.856
277.315 84.849
2.0634 309.777
417.141 399.693
463.822 442.303
342.519 97.157
152.786 388.48
479.319 133.871
422.65 98.2444
53.5054 417.473
74.1517 254.027
111.881 436.965
358.229 495.704
481.442 185.047
467.025 447.025
392.413 231.065
154.919 151.963
140.322 220.968
205.246 214.295
198.767 103.102
167.479 258.247
295.766 55.9322
174.103 407.672
157.867 454.361
102.355 383.992
490.763 155.785
112.364 378.031
90.0008 173.381
372.598 420.566
380.217 27.1905
357.628 264.203
419.902 420.599
159.264 283.43
411.185 59.9706
355.407 25.863
226.39 87.08
386.978 54.2664
376.161 269.004
467.71 43.8558
221.421 165.56
143.407 68.8477
16.6138 49.0934
369.803 372.528
303.694 197.011
238.675 258.547
280.146 139.702
325.102 115.912
376.363 39.3874
418.883 5.23627
107.145 474.593
16.2028 315.068
391.861 211.312
358.283 211.22
169.281 110.27
287.511 320.274
250.725 207.437
223.606 385.998
167.26 406.107
246.296 323.853
395.761 306.332
219.121 434.394
375.311 284.323
395.936 412.411
454.687 22.5801
137.731 236.076
58.1672 124.559
91.0433 11.5506
53.8628 246.235
5.79953 301.714
34.1687 188.824
181.336 192.266
356.69 404.282
431.254 397.004
453.92 395.723
454.473 314.522
61.9804 104.96
386.383 320.7
357.193 426.809
281.344 321.784
79.8756 477.885
178.525 494.018
96.9341 6.09093
337.214 344.135
140.966 169.512
338.026 302.122
422.29 447.893
19.8381 349.908
430.171 463.907
146.052 133.047
360.317 367.675
252.694 81.6032
123.375 140.641
392.167 194.418
311.693 44.9688
215.173 452.452
207.311 43.7205
342.441 211.948
342.489 384.308
450.808 113.933
385.478 82.2304
393.932 149.97
165.666 121.948
404.347 144.459
35.3906 333.377
104.713 473.48
114.991 339.603
188.608 17.5281
232.327 434.883
111.965 357.826
37.526 307.637
461.231 294.962
262.576 25.9413
18.7985 339.857
83.5642 148.567
462.361 478.745
230.874 432.002
72.3112 297.993
186.648 371.597
2.5035 63.2824
298.047 102.552
199.507 161.34
426.837 160.709
267.907 320.041
300.702 104.097
178.056 170.114
268.489 5.64123
496.42 168.906
114.44 400.21
233.531 53.347
152.899 363.804
217.273 321.067
333.421 428.007
66.6915 42.1378
253.877 454.687
162.236 308.857
327.489 167.974
493.86 3.32789
52.7268 122.194
429.232 264.048
144.221 92.798
303.19 104.346
413.697 114.081
124.62 313.347
87.5636 263.121
171.288 208.045
337.254 378.411
475.585 249.092
269.423 43.1563
241.453 384.413
437.371 255.663
172.195 489.397
216.819 454.306
409.374 118.441
148.524 393.165
150.173 121.228
396.983 175.507
92.1579 300.916
319.611 42.4591
288.579 466.292
45.2598 69.9666
268.175 331.715
147.718 69.7194
404.922 498.724
286.427 417.462
131.143 379.206
62.9401 418.976
335.118 273.358
42.7295 183.867
41.5526 482.308
238.603 490.686
191.274 330.411
457.668 63.2921
357.441 39.0577
63.8826 86.5906
63.0105 274.769
65.9334 161.264
368.229 279.669
116.656 217.42
206.013 463.199
237.149 333.351
344.314 177.737
438.836 86.188
244.858 441.998
295.176 155.131
102.053 67.5861
328.584 253.032
368.193 261.86
335.762 484.948
443.811 96.7723
61.0727 36.3228
131.551 393.271
96.3212 315.313
430.353 318.23
239.081 132.356
462.456 160.417
407.615 82.9513
99.5325 491.157
64.037 489.457
171.048 214.873
338.947 1.56112
30.2409 122.105
87.2685 108.73
433.833 49.8467
438.73 100.09
317.514 231.976
323.89 132.529
5.58886 285.347
80.7507 224.64
16.8476 2.43733
15.725 363.215
127.858 498.366
331.029 352.941
254.02 10.2252
381.769 411.178
278.43 411.751
150.486 212.096
383.117 179.074
87.2195 229.94
91.3573 148.384
99.7654 113.368
151.828 165.948
200.821 201.287
482.648 324.897
203.003 73.7222
430.059 314.576
84.2417 156.237
440.034 25.6555
257.74 494.408
252.631 264.636
463.771 312.392
379.377 96.4616
277.612 78.7023
34.4527 239.186
148.557 362.554
407.239 280.042
6.87518 447.151
424.047 425.029
185.941 462.349
135.243 294.146
243.45 214.432
243.476 449.629
37.2881 71.3576
306.586 22.1364
183.12 344.654
481.874 285.206
275.727 479.114
324.403 280.04
439.768 151.107
333.643 103.463
329.499 448.8
153.032 423.617
240.654 268.806
12.425 351.593
273.41 286.401
435.84 340.191
144.837 248.562
337.843 96.5426
251.078 65.1821
389.638 248.288
254.163 271.022
381.619 29.4749
189.827 253.637
172.604 418.175
294.749 88.364
489.828 497.58
148.566 72.4854
188.78 494.389
441.304 331.443
69.5537 463.949
338.922 323.609
458.345 44.7278
152.613 69.291
72.6337 1.70753
172.254 51.646
302.018 320.615
348.262 473.646
169.069 151.415
367.817 116.506
202.471 16.8639
227.721 135.97
54.5605 338.035
436.014 372.411
402.545 47.4962
117.201 447.528
371.198 187.507
343.239 160.907
152.714 489.578
109.361 233.7
498.052 94.0718
207.917 9.76404
208.707 55.3789
480.347 274.16
483.379 476.071
42.2141 46.3781
289.707 194.944
21.0387 12.9027
154.092 189.033
265.72 250.386
40.9249 143.854
470.074 489.078
68.2148 65.9356
325.862 375.512
359.569 455.287
286.184 2.82319
498.692 396.701
351.47 215.224
408.889 187.797
61.5746 182.785
362.844 28.6654
470.26 213.129
481.608 108.96
485.066 398.564
283.236 258.381
137.931 149.337
340.28 262.011
173.786 102.568
238.31 292.896
19.5875 395.499
400.214 206.205
452.637 1.41685
20.3927 480.562
133.679 240.093
214.471 174.124
187.02 29.759
456.941 155.938
497.552 185.98
30.2835 60.6205
162.269 207.476
427.734 183.417
304.422 407.189
214.386 449.346
452.907 87.1616
419.912 117.217
161.93 353.964
131.859 307.289
327.415 143.125
170.418 430.251
106.36 180.555
422.927 144.258
110.573 453.186
399.321 348.154
425.534 112.137
421.525 288.575
85.0666 444.305
230.41 142.622
421.748 137.957
188.483 305.819
80.7326 30.6398
46.7846 71.9525
272.229 378.259
112.676 472.289
176.371 175.761
28.85 78.5174
342.301 317.955
386.761 308.955
386.175 335.779
156.867 26.0279
304.186 324.24
149.816 21.6751
459.444 223.215
364.123 190.14
45.1674 467.165
316.125 420.891
1.63027 173.609
135.204 349.484
178.069 384.674
107.902 160.156
20.7901 434.723
1.68469 249.205
179.596 326.303
32.8383 283.921
190.819 358.132
413.723 121.013
204.966 258.094
23.3109 123.38
183.872 401.916
78.9012 103.515
492.018 37.0226
389.49 262.599
49.4059 56.7314
222.525 79.2308
291.228 225.126
309.558 157.156
60.597 285.888
203.209 143.952
205.344 68.8886
334.224 402.313
48.3839 333.448
129.409 232.701
245.313 196.248
248.781 368.776
222.729 288.157
333.38 187.924
138.239 440.827
473.191 250.899
203.573 316.288
486.353 303.392
107.134 385.46
397.673 215.89
275.438 486.427
211.558 87.751
185.834 131.562
276.632 225.096
90.168 265.922
34.0924 37.1302
362.883 209.142
296.83 336.284
163.639 460.792
61.684 305.004
289.353 144.781
140.142 364.243
339.545 432.466
196.056 139.849
77.2155 304.593
409.487 47.5983
366.776 88.5544
417.447 320.926
212.988 13.735
413.87 2.7473
268.298 357.506
193.335 35.3707
242.558 184.223
251.574 17.0271
78.889 155.573
382.899 275.409
106.684 450.13
13.0414 262.288
437.035 429.389
337.108 402.303
269.386 487.918
114.39 465.346
180.31 466.106
45.8087 410.716
193.427 231.016
72.7272 42.4957
47.9005 425.717
291.137 466.873
410.438 206.281
200.36 139.418
111.923 52.4019
281.11 9.20756
469.227 466.602
273.418 219.008
113.786 447.118
20.3529 218.704
366.467 405.884
109.328 295.455
474.959 172.614
383.315 116.791
446.304 410.098
78.6462 111.781
283.439 45.8369
399.856 3.84814
358.636 89.5265
406.314 189.521
147.37 399.418
34.3775 450.288
341.446 43.4419
406.653 480.893
424.603 235.717
451.43 498.542
111.511 238.677
438.509 145.756
432.452 380.629
27.779 287.713
177.078 245.77
463.219 47.1726
77.2406 98.148
213.735 161.444
152.952 132.786
347.548 90.7388
453.589 42.3325
340.127 310.171
398.654 448.748
138.13 187.026
473.831 219.821
355.171 278.497
248.641 234.376
233.668 221.061
321.728 104.197
406.602 108.95
50.4388 227.614
284.291 290.07
59.376 336.361
156.196 313.29
345.568 386.694
426.901 350.565
135.007 400.84
416.776 407.124
317.484 112.965
278.16 331.862
366.949 287.054
453.128 53.3544
498.313 496.329
279.781 422.258
414.804 162.971
478.78 488.775
89.5735 168.715
93.7582 361.576
248.875 1.67128
280.336 34.7692
247.41 442.871
285.649 90.446
104.038 106.171
96.8505 67.5488
39.9813 54.8938
452.825 401.012
386.008 123.172
339.809 493.248
236.432 186.337
259.424 363.152
367.255 146.861
387.764 202.383
306.844 218.438
23.9917 181.717
110.106 412.259
347.174 257.189
138.127 9.96725
421.093 47.5069
156.681 400.355
402.939 448.551
296.823 488.087
436.719 386.506
339.682 457.208
44.9606 10.6651
273.404 400.734
185.721 335.713
30.2122 389.513
244.338 127.398
291.013 11.2978
450.901 486.324
67.8919 331.46
107.311 289.638
62.4469 474.781
48.5563 177.088
380.938 71.4191
211.834 437.091
484.015 465.097
163.005 380.153
114.856 411.25
495.425 158.138
19.5542 37.0016
192.114 4.90275
85.8179 133.266
194.826 237.8
352.428 408.836
379.904 463.412
298.956 447.684
450.577 74.4331
494.448 138.792
93.1087 365.055
192.698 437.249
95.2704 122.718
162.95 120.883
194.823 495.94
218.783 240.442
389.742 349.595
345.888 62.2377
148.923 202.093
403.245 355.966
82.295 410.734
227.786 283.148
259.005 337.476
422.963 182.736
188.772 263.874
94.9336 337.577
327.699 179.589
150.876 322.582
217.264 300.755
414.519 173.848
415.733 345.143
173.962 57.7743
418.952 329.057
150.318 334.971
313.585 58.0615
415.337 150.457
495.806 30.552
480.973 398.026
89.0789 470.065
195.917 66.9467
198.881 188.372
151.138 421.865
381.673 76.909
297.133 227.072
70.0219 326.176
438.081 246.848
463.815 437.04
98.8085 152.563
133.838 201.444
82.5725 52.4662
207.223 245.18
125.567 182.291
156.775 119.24
413.223 159.796
182.198 410.997
307.293 136.371
30.93 338.874
345.001 45.9314
252.706 478.625
495.277 216.186
240.37 393.612
397.261 300.957
245.756 422.002
121.045 367.105
378.982 244.513
125.055 73.6793
387.257 85.3037
337.041 306.766
134.558 341.052
18.6089 461.823
315.255 87.6661
25.9874 173.774
266.136 187.909
38.3268 75.3227
426.094 315.455
38.6154 12.8007
190.587 23.0108
22.0499 164.35
160.188 315.014
403.143 137.291
327.826 27.5907
347.788 36.4029
345.775 268.072
312.074 23.5821
68.8441 415.916
83.0823 231.676
64.8023 454.666
222.452 237.826
498.031 179.662
47.0247 150.195
339.705 234.174
369.653 284.984
192.812 316.529
397.193 18.0181
32.9132 123.281
449.187 301.161
74.1702 419.561
477.005 102.162
471.534 465.186
250.72 286.381
422.795 130.544
270.727 183.591
298.247 23.1453
492.284 276.495
454.48 186.556
125.479 203.326
170.068 198.024
263.663 231.015
61.8205 371.217
43.4296 420.473
41.42 96.7757
161.463 252.008
27.5552 409.769
254.49 185.456
103.179 130.052
197.788 168.943
423.878 62.6225
153.293 41.3699
317.721 496.106
316.2 370.874
45.7916 206.528
455.054 48.1756
214.244 351.121
219.823 180.887
204.85 342.584
11.7906 274.473
20.3864 101.764
103.207 480.983
81.9331 192.276
488.431 403.313
424.417 135.604
390.896 318.509
146.593 240.618
253.171 5.30792
77.1363 370.401
114.717 307.209
155.87 424.624
313.067 434.778
162.452 360.639
96.3974 61.6415
72.3822 95.3358
15.3452 85.7413
461.295 408.377
309.682 378.711
10.8684 62.1211
477.834 32.4006
415.981 141.544
315.852 23.0296
94.1549 352.323
243.234 35.0697
323.134 320.329
299.837 487.541
207.174 89.7318
329.394 424.217
278.899 390.884
391.112 462.227
280.905 337.623
271.903 73.8742
276.775 426.172
449.807 332.454
44.5985 353.672
59.9035 90.7455
65.0737 371.181
57.0007 389.486
240.896 108.569
96.6436 278.385
324.444 31.3298
385.166 105.098
281.322 217.034
438.395 414.292
143.016 337.962
255.656 302.299
446.507 238.186
162.012 498.181
193.326 367
235.299 2.06216
61.6993 389.33
144.06 136.446
448.084 490.721
283.506 496.605
61.9171 145.43
141.11 49.7474
336.61 339.815
132.917 432.692
27.4755 404.759
475.452 160.353
293.216 328.375
79.3551 425.274
123.478 83.5668
308.161 26.4914
362.225 199.496
232.832 74.3106
112.545 390.574
380.063 369.117
377.931 321.882
70.082 182.68
443.705 141.768
352.283 257.918
134.006 451.299
35.6645 40.5045
238.692 480.884
253.007 14.7624
150.25 225.699
117.53 34.8722
229.673 240.558
118.619 252.361
406.635 159.212
316.319 280.432
8.45608 385.003
225.912 343.601
288.67 494.209
245.912 45.6219
404.402 350.462
298.78 365.89
433.487 149.182
23.5723 69.3284
10.2879 478.004
122.823 229.192
255.304 415.521
160.967 27.6129
303.718 158.426
134.558 176.119
485.906 156.692
229.877 218.257
234.529 388.832
395.986 286.152
149.083 25.5145
206.197 2.39353
40.4182 272.855
112.71 30.7492
372.787 153.241
194.998 275.929
265.923 196.486
71.0955 203.27
178.572 23.9344
442.15 478.71
244.684 166.612
199.366 85.1458
227.265 494.368
47.2777 245.589
131.052 42.9106
217.12 218.919
171.395 334.962
406.912 315.064
457.97 399.269
101.399 308.89
241.598 459.01
380.834 391.831
246.959 272.478
286.577 6.92954
313.125 488.633
417.907 389.365
480.206 239.58
284.54 14.775
406.692 463.198
8.19853 117.098
5.8635 236.26
383.576 166.34
195.782 461.743
396.803 446.454
260.607 308.455
282.376 188.076
344.452 452.438
155.764 14.4135
135.233 409.249
414.501 26.8008
462.006 128.379
85.3064 424.797
271.191 482.191
167.311 392.481
276.365 123.947
356.793 143.973
31.5851 271.132
210.199 69.8502
489.914 369.877
404.872 80.9065
120.943 440.415
205.458 23.9195
341.481 326.454
253.219 431.592
227.921 428.53
176.372 254.483
445.854 362.95
217.63 482.576
210.578 412.675
457.942 237.918
443.351 200.323
365.69 111.461
431.129 308.162
252.743 313.154
93.3234 404.54
202.923 309.447
75.1857 158.88
244.221 115.927
490.033 78.7662
442.462 208.228
314.454 384.354
148.621 234.557
461.086 270.028
498.763 143.001
206.453 484.492
322.079 85.4516
179.436 364.123
308.81 361.452
247.809 378.796
236.401 116.353
103.745 31.8871
97.0972 207.311
372.352 260.618
328.693 95.7142
195.353 50.9984
314.435 285.687
125.199 138.443
146.467 475.544
111.047 495.548
57.4476 12.5659
390.781 250.611
468.21 60.3427
131.954 37.0432
189.539 434.119
50.6294 214.965
395.796 374.653
414.117 94.9068
214.121 291.553
404.747 456.879
239.073 205.91
2.50114 345.847
144.686 143.845
101.911 86.5722
342.778 53.1899
400.236 446.812
34.8531 22.9247
423.73 294.138
141.841 104.26
493.672 476.135
373.444 265.891
341.358 423.449
16.6445 381.549
238.787 390.692
322.607 219.413
417.631 241.456
95.615 371.066
96.183 141.306
4.74296 9.09402
46.7244 312.151
112.252 315.245
222.257 364.279
376.222 48.5298
459.942 351.149
338.926 346.953
103.499 39.9506
205.984 435.643
11.0645 237.131
125.155 351.003
143.098 308.497
163.697 177.244
427.616 321.618
144.601 212.436
130.336 108.718
12.8775 75.7568
270.434 456.213
187.457 200.642
451.593 325.793
360.633 11.7679
187.244 254.327
425.81 273.536
38.0253 113.522
102.112 265.633
154.045 27.0123
141.961 78.3233
416.732 43.9146
3.04888 239.593
387.024 61.6946
421.189 369.109
104.646 85.2402
490.112 109.464
303.002 8.86992
154.824 318.973
474.574 325.044
267.207 497.577
415.684 208.083
65.8369 18.139
498.223 103.537
297.274 198.519
10.8096 456.013
408.556 185.011
414.195 254.682
304.792 41.7695
22.0079 441.009
2.70874 86.6255
435.001 399.493
275.661 356.746
5.45971 178.364
43.9411 331.406
150.984 317.716
81.9231 308.524
462.223 318.678
249.427 81.8495
167.956 184.755
380.645 134.242
162.723 64.981
355.578 138.863
53.364 462.37
384.156 10.142
82.2168 170.699
223.379 167.36
443.054 417.795
307.978 126.762
11.74 427.255
200.896 174.04
278.772 27.8849
120.564 118.559
143.786 275.237
104.329 464.108
443.292 394.494
489.48 414.771
399.144 498.703
87.1344 139.595
363.625 134.984
192.752 336.462
354.838 96.2691
468.313 364.539
399.752 315.744
108.083 334.708
428.734 376.439
44.5104 340.872
449.215 95.3905
10.3296 178.453
194.116 75.7842
448.555 395.848
49.8919 66.4728
49.3766 218.035
21.6555 270.061
62.4698 327.37
469.277 266.956
338.868 134.365
257.37 215.206
198.71 475.608
444.456 389.201
384.352 414.128
110.56 129.672
87.4621 345.293
233.355 477.447
223.724 448.027
84.2651 461.602
437.544 308.152
228.968 229.773
295.073 333.983
433.54 446.725
225.816 355.588
223.536 20.7925
255.197 358.444
10.5531 107.319
153.102 396.141
165.075 353.06
308.975 498.555
231.532 211.514
402.08 399.229
310.285 347.939
437.227 179.745
390.814 419.987
38.8804 198.13
294.271 281.901
109.015 487.092
8.11104 170.073
332.222 140.732
21.9108 363.551
211.698 475.921
151.652 494.449
82.2781 164.738
446.735 139.976
466.833 389.45
349.74 22.7279
482.086 411.427
373.436 10.2707
130.418 79.5316
208.439 470.71
203.995 405.555
409.252 23.3498
62.6274 437.298
3.80836 16.2604
149.24 387.967
403.27 459.484
422.144 205.578
243.096 287.77
139.803 28.9096
467.297 433.5
182.206 447.59
168.012 55.5898
438.277 380.993
310.545 152.901
165.269 322.561
302.454 328.705
396.869 268.8
33.6658 411.292
14.4693 427.355
2.0007 96.7145
62.385 142.565
378.829 212.428
290.676 233.335
136.755 22.1181
208.861 453.108
487.098 311.079
85.6661 417.728
8.64069 146.628
315.838 427.68
205.994 111.838
333.19 65.6011
81.3359 488.845
437.478 106.421
117.428 478.297
29.775 138.719
332.982 494.914
71.0171 173.999
335.956 415.218
404.764 292.05
321.072 299.799
94.9187 460.995
462.12 385.568
116.247 103.458
222.524 347.449
404.617 237
142.09 224.099
203.098 5.68653
277.48 154.438
31.1292 256.185
227.766 8.17877
434.953 355.39
117.576 317.968
357.46 35.5336
314.284 375.744
406.823 12.8944
262.354 228.598
282.967 120.274
383.231 346.735
282.91 244.676
126.349 8.96906
302.151 414.06
166.879 441.668
373.548 77.4685
20.428 105.325
247.1 498.352
154.032 406.836
84.5418 101.752
74.9985 474.287
321.617 204.439
426.518 338.076
268.481 269.886
411.667 315.608
153.646 308.896
416.778 372.245
167.054 266.54
263.251 4.74196
391.333 366.131
494.601 23.9249
491.87 17.6422
268.956 24.3881
172.6 129.677
456.087 106.598
200.129 142.014
282.36 42.6129
277.859 36.3423
347.822 412.644
389.165 23.1244
446.646 301.165
228.53 46.6602
187.979 408.693
493.063 483.839
320.295 212.395
267.19 226.576
82.4136 458.165
334.963 89.5115
325.469 147.944
133.696 365.691
23.2085 254.207
64.1612 339.682
116.998 413.108
484.916 236.669
471.99 497.995
183.225 77.8492
169 237.128
434.115 451.991
9.13051 67.2758
102.472 325.871
269.064 90.7884
78.463 466.995
232.687 420.473
269.646 302.242
280.232 70.4237
15.0358 457.978
290.147 150.767
74.057 245.691
59.8254 428.23
5.6958 35.1126
102.384 311.655
383.749 443.513
183.074 231.128
161.044 375.104
202.39 279.81
359.204 351.117
415.974 416.936
329.766 222.482
117.518 276.784
304.542 100.476
401.355 415.164
273.551 207.207
194.912 399.283
470.524 345.6
40.113 348.173
245.132 169.72
97.6732 418.147
308.18 7.95171
247.219 191.714
30.0624 423.283
250.679 303.08
134.985 55.1791
191.168 116.536
427.287 483.625
157.487 81.7904
15.2846 440.276
155.661 292.884
293.665 422.119
496.135 41.7493
185.587 431.904
6.18513 292.287
334.522 24.336
467.86 402.388
414.353 358.268
66.5171 167.306
375.539 66.9695
459.859 302.092
223.084 117.051
441.349 210.444
437.855 347.128
160.2 210.492
493.267 405.578
441.292 246.154
370.161 114.911
334.193 362.34
225.061 142.61
459.561 250.816
182.757 189.563
478.529 427.503
387.419 300.09
150.799 277.514
361.977 265.327
432.42 26.664
213.944 189.524
322.285 433.879
184.674 50.1018
478.073 121.476
41.2155 74.4392
357.189 64.2642
39.0016 145.554
28.7161 255.078
227.916 154.131
169.591 379.352
87.73 331.561
498.273 422.907
282.484 421.868
284.842 397.927
184.968 220.264
172.545 171.097
240.533 21.5326
432.565 243.79
346.865 185.633
169.864 432.779
225.315 219.19
492.037 454.491
415.559 23.5224
106.79 270.487
15.5175 416.057
78.8244 268.044
23.7812 120.309
373.046 234.783
172.226 449.667
52.5001 128.572
498.698 381.695
100.206 216.353
240.628 271.301
439.327 240.887
444.485 254.918
30.0437 150.127
37.5431 368.914
444.472 60.175
14.8661 60.826
489.263 392.161
355.26 197.837
177.868 407.581
79.6795 470.221
12.3465 234.204
96.8545 92.138
161.052 302.508
343.734 170.714
218.308 392.885
268.995 438.779
427.966 450.289
424.221 38.5918
282.601 49.0458
172.851 274.271
249.852 248.928
374.732 32.9481
262.358 192.892
127.297 162.192
323.092 339.796
277.154 233.437
195.472 361.751
367.9 391.171
466.962 82.3571
469.49 452.696
80.6787 393.031
332.354 256.949
134.983 70.9353
4.26659 381.647
234.225 21.774
277.989 462.403
256.271 407.706
88.8416 311.837
42.1154 263.013
11.2563 409.12
343.56 70.3706
187.703 351.009
307.077 363.847
118.711 53.1651
425.584 478.374
312.429 296.841
420.437 477.884
232.016 495.871
364.639 47.9836
150.078 438.289
435.216 463.302
288.732 235.109
108.48 491.471
475.564 176.595
129.468 36.739
244.233 360.507
354.377 148.725
87.2344 45.4749
14.7719 432.54
494.973 362.202
8.71336 208.138
322.649 330.988
409.082 400.257
452.224 218.434
480.485 211.859
281.669 418.739
345.336 98.6024
166.311 426.475
122.519 190.026
453.842 161.801
269.446 103.028
313.291 30.8566
274.517 163.535
84.2218 421.51
259.147 443.043
253.301 308.375
19.9359 419.445
249.407 183.54
336.816 40.4545
72.6266 404.865
166.094 8.7032
478.884 279.884
148.887 133.982
288.486 312.841
125.134 41.4023
418.136 363.172
450.292 53.7825
461.942 314.742
190.672 167.284
120.275 59.0706
431.833 40.4208
15.2052 92.9123
467.898 324.357
102.121 257.944
272.741 98.1244
41.6722 478.515
388.049 234.594
74.5749 144.637
231.089 165.67
368.214 92.5981
472.632 212.239
116.48 237.771
468.603 481.949
21.4613 455.932
57.3145 139.67
108.018 244.286
381.2 136.968
101.906 375.857
276.645 1.69446
316.659 217.964
77.7418 475.799
163.832 344.783
344.433 58.6856
237.109 77.1304
192.689 306.221
298.701 157.14
285.476 318.7
31.58 200.483
262.362 118.789
414.211 214.504
38.9289 398.104
117.1 159.118
249.362 256.369
352.991 219.996
494.382 38.4673
299.926 211.334
473.299 479.956
17.0046 426.454
131.853 233.933
184.85 247.645
459.622 353.949
368.934 46.5905
380.346 184.407
322.462 148.292
256.954 5.33748
300.743 86.0722
332.371 278.862
70.2916 211.023
258.384 88.0994
471.57 60.1646
337.121 73.8558
239.699 366.397
267.496 490.403
117.037 47.2697
236.645 36.499
206.952 419.322
220.488 52.7336
315.35 297.238
14.1389 46.0811
31.6912 163.334
418.071 378.489
436.723 457.709
137.605 213.437
424.639 326.622
160.719 58.9586
490.888 323.717
257.312 261.734
421.299 348.379
307.235 30.5589
55.05 373.147
7.2947 246.934
43.0936 430.456
497.86 53.2353
50.5392 36.7257
23.2006 195.745
240.321 126.28
234.241 438.634
341.927 65.7276
354.992 231.89
27.1933 362.358
258.673 434.73
105.767 69.7644
25.5837 218.658
103.497 400.969
191.702 155.816
486.821 194.216
103.389 91.6152
488.481 238.069
280.095 470.13
480.094 86.4909
51.4573 432.554
150.49 338.744
453.303 82.2582
196.796 29.7836
6.4942 124.312
183.214 414.8
70.3083 481.402
348.393 416.54
51.4459 352.064
1.71217 406.927
491.684 293.893
402.346 124.137
141.991 454.717
86.286 392.751
374.817 347.433
330.358 438.007
342.22 267.283
69.6765 295.438
360.196 240.429
223.043 354.06
226.134 352.813
109.119 201.759
343.684 287.313
446.424 115.717
43.0467 233.461
50.8781 27.6893
161.705 395.889
452.576 238.925
23.3023 393.276
433.297 5.85277
234.07 417.77
469.977 448.35
27.0548 190.083
256.603 37.9888
165.582 42.4431
486.962 483.291
324.382 366.319
290.625 198.587
59.0701 232.803
37.9497 219.708
433.089 121.938
61.1645 330.818
23.7423 248.425
465.598 342.823
249.585 266.444
3.84639 288.836
123.966 318.623
103.063 215.832
494.139 339.573
227.35 324.475
69.5813 311.576
259.556 300.573
445.854 33.5575
355.117 126.672
203.142 184.995
204.986 383.365
382.653 483.185
334.538 284.542
376.891 376.183
143.619 90.275
137.602 364.674
157.871 372.807
83.962 260.569
411.337 370.488
172.147 240.243
158.29 231.661
292.543 351.861
316.267 37.1013
308.332 464.281
445.313 306.038
423.347 341.374
228.436 265.523
489.528 438.803
228.145 64.1782
41.923 21.3218
265.125 92.036
190.178 344.952
451.797 433.385
148.003 432.8
193.453 459.592
228.507 101.387
492.434 181.679
453.575 15.021
192.668 145.047
145.212 408.285
245.693 376.962
450.901 329.576
330.765 196.719
208.448 415.983
31.7931 261.77
261.543 288.613
60.8046 229.003
158.918 180.758
252.61 414.987
382.9 124.629
189.441 184.741
46.5832 390.789
238.18 380.256
408.718 147.045
90.3783 306.471
354.516 416.532
259.419 90.7792
208.889 325.931
486.458 427.233
36.3062 45.8027
118.942 361.293
253.006 84.5556
122.422 112.775
116.935 38.0696
83.0729 18.3872
382.777 233.779
455.229 337.038
459.386 170.199
429.777 152.014
232.919 148.534
200.311 486.742
169.775 369.692
188.055 15.0107
187.208 221.358
175.799 186.578
108.81 448.851
153.591 10.4815
358.301 475.798
299.481 112.257
91.378 415.757
130.608 162.725
41.5106 235.596
7.09877 159.809
228.158 349.573
128.33 234.933
29.5704 381.036
462.415 55.7196
345.225 401.859
291.188 97.6446
436.731 98.4207
162.873 137.741
452.749 274.885
390.322 110.451
442.509 263.239
259.11 82.4021
152.368 408.922
263.161 309.807
373.632 186.261
288.934 155.962
304.068 137.496
249.749 252.77
301.34 280.262
347.059 100.613
396.657 450.549
75.6592 368.031
61.0271 208.168
238.47 409.455
54.9907 301.425
140.121 128.782
243.047 91.5239
287.287 405.293
323.088 360.304
463.324 366.33
184.758 105.844
115.97 31.5685
251.919 334.644
264.853 199.068
59.3341 319.484
260.962 88.1434
473.617 273.668
118.39 188.203
87.1931 83.7859
365.041 386.195
109.603 461.45
149.309 342.282
103.964 248.441
400.944 98.9519
273.729 265.437
445.078 210.527
111.575 192.203
143.43 482.165
109.105 123.506
378.526 254.484
17.2706 420.019
80.3425 454.197
9.77729 347.037
49.6867 343.77
157.427 296.994
336.099 385.108
442.718 168.319
339.537 445.917
462.668 49.657
81.5569 268.701
492.795 136.807
319.996 394.743
348.771 360.412
171.579 492.687
174.415 423.728
458.31 1.67891
186.555 413.64
396.29 303.309
464.407 255.528
451.737 286.95
299.971 337.101
476.031 26.082
317.988 466.131
483.435 493.751
469.944 342.664
263.441 252.194
354.226 167.196
219.198 451.512
38.808 118.414
61.9182 19.4349
189.066 249.407
328.605 418.979
38.1819 414.744
143.544 459.731
147.126 100.398
212.6 104.426
68.4751 28.8823
486.916 445.159
332.466 335.73
410.793 447.722
498.732 84.8524
71.8129 157.558
26.2777 330.367
134.472 246.706
487.449 357.157
242.303 46.22
71.4534 316.397
381.738 366.431
129.39 212.051
350.759 79.9079
181.166 16.9777
64.1124 217.015
451.051 378.713
283.38 116.971
420.11 229.692
21.3898 277.673
315.308 271.038
361.515 312.619
314.301 331.741
38.0518 214.639
28.8294 432.885
213.955 67.0751
86.038 466.183
127.415 468.097
432.131 168.652
442.332 64.7084
299.806 472.932
493.115 171.948
183.167 132.02
194.954 118.802
391.325 354.956
165.467 207.529
318.95 185.483
368.462 103.631
410.566 390.619
330.385 363.727
370.885 375.543
329.773 64.0259
225.542 178.367
201.933 368.076
117.191 71.9887
208.524 305.979
231.188 207.862
314.887 213.947
407.743 80.0053
23.0786 60.3712
376.21 259.851
194.251 81.5098
195.081 4.28158
58.7292 180.2
245.002 93.9905
259.549 376.296
115.627 367.827
276.501 26.5306
119.901 165.603
131.052 278.137
129.265 181.301
247.682 198.246
132.477 132.581
226.909 436.454
425.622 177.719
259.471 117.566
366.99 156.196
35.9302 236.625
38.674 493.353
308.825 470.132
68.8523 318.658
388.344 379.045
209.502 173.15
139.174 333.901
487.534 72.4935
412.597 482.066
8.72377 96.6039
408.401 337.745
379.038 476.997
349.714 142.802
479.071 40.4363
239.892 421.905
216.081 398.585
372.023 300.519
325.911 209.78
413.038 36.3653
442.217 192.634
149.858 491.138
101.494 378.882
209.744 40.2077
354.819 67.7948
176.349 53.0932
494.544 141.36
478.653 261.402
188.631 79.9659
163.872 187.483
262.015 40.8984
12.3409 37.1142
488.349 433.111
111.139 223.607
80.5869 71.123
425.566 342.914
496.084 343.991
210.181 473.417
337.041 417.436
30.1838 45.558
444.67 350.181
316.92 127.529
108.332 455.89
86.5435 71.877
433.701 209.653
12.9371 378.784
311.911 431.671
23.5747 107.13
39.61 151.621
76.3071 67.3953
89.4989 58.1738
310.481 49.2528
385.208 146.736
42.2915 215.666
457.477 317.8
101.165 304.058
200.241 166.571
412.586 232.774
373.579 319.695
41.6156 362.71
296.37 94.368
316.231 63.3539
118.401 390.29
96.6865 305.531
51.6367 493.247
17.4297 475.902
310.008 225.095
137.934 326.122
397.514 54.0273
50.6226 300.172
387.659 136.125
196.158 382.842
264.888 378.844
449.969 111.604
118.537 184.003
382.755 310.98
335.355 155.945
364.55 408.804
427.783 134.835
395.865 377.931
113.927 420.262
398.981 224.725
296.997 251.92
490.181 200.03
88.9454 459.206
394.438 44.2387
290.735 29.1658
234.419 317.487
441.742 198.108
48.5532 292.97
319.915 447.317
244.008 103.818
486.185 472.145
417.333 39.7988
216.373 485.515
164.969 1.46916
5.33903 350.404
270.877 394.936
278.711 466.397
137.383 482.168
329.838 162.843
350.002 45.3113
287.65 174.002
79.4188 215.539
343.767 311.736
255.538 191.385
207.745 352.952
423.326 165.482
210.985 389.809
239.378 208.72
480.132 481.229
235.213 398.048
298.621 498.479
133.702 12.7575
135.729 105.103
314.812 456.053
468.197 87.9116
471.312 416.975
462.655 272.473
171.531 272.154
176.952 464.31
65.9419 104.448
480.253 407.984
305.371 267.003
169.364 62.603
364.577 83.1553
54.471 138.476
175.666 193.047
439.082 258.462
24.2727 284.013
101.821 47.7396
8.22093 473.101
456.724 220.109
445.698 146.626
65.4344 222.484
191.029 319.18
386.889 384.342
370.263 408.939
121.647 296.649
260.139 104.115
264.636 10.6816
208.94 122.079
108.335 310.244
77.6218 487.768
100.067 179.409
412.594 151.885
172.91 257.516
35.5813 372.594
6.01578 418.434
191.567 20.0984
229.079 452.274
15.9514 184.287
104.757 14.2185
125.049 79.34
427.501 3.58409
288.782 336.175
214.039 375.232
161.024 135.089
118.969 323.134
478.594 236.833
89.2064 396.479
99.595 67.906
188.064 129.687
422.23 78.6552
229.577 88.7072
216.562 115
300.099 269.47
150.4 35.2748
53.6945 414.86
465.812 19.7981
216.028 240.26
200.642 9.62202
361.408 243.507
402.748 104.739
297.75 280.191
71.1736 224.239
146.428 275.058
498.595 11.6896
140.137 373.193
388.032 324.877
101.172 115.833
36.6097 366.601
152.514 58.6853
122.496 91.9195
469.578 410.76
19.6586 148.762
164.178 52.6845
347.328 176.578
277.665 487.64
491.493 70.0951
292.319 371.075
291.738 317.026
286.519 413.373
24.3505 321.741
478.315 457.778
34.8227 379.131
194.426 376.116
338.02 7.95755
391.388 139.801
91.9362 162.709
89.8448 193.724
49.5997 115.056
463.525 123.875
160.998 22.9496
319.855 423.165
331.867 443.266
203.126 324.899
68.9955 5.4642
192.717 326.914
378.797 21.7753
283.596 430.804
295.039 380.871
175.085 443.441
24.2834 377.984
71.6421 112.506
485.064 130.937
79.7242 45.8193
369.82 281.653
452.109 70.4361
215.214 311.753
75.448 196.232
347.597 191.177
90.7661 404.635
134.884 337.268
284.913 229.068
168.67 137.443
329.1 246.438
128.359 27.8276
358.856 480.97
462.95 351.919
476.771 64.8225
231.263 441.724
150.64 194.325
369.766 160.561
67.5406 49.4454
26.9734 275.697
150.331 106.96
276.353 39.6296
183.19 475.368
437.932 344.166
454.032 108.882
94.9424 89.6794
286.402 122.528
378.553 64.133
206.519 396.287
16.9088 58.8203
179.257 252.825
464.231 235.461
470.442 171.74
169.158 246.241
434.545 334.422
198.469 462.312
325.12 267.937
186.47 52.4761
78.2597 299.852
32.254 464.251
25.4868 364.681
147.611 42.227
246.035 299.072
307.599 341.187
24.2562 205.365
43.0343 380.957
458.156 440.694
169.064 123.179
479.705 370.664
176.479 107.008
405.252 22.5936
324.204 204.557
303.904 15.6602
45.9644 1.31955
250.713 10.0703
2.05961 42.0612
419.053 277.458
196.581 312.44
111.644 269.111
441.438 67.0459
120.337 268.642
122.566 428.593
98.2802 187.016
272.714 386.825
310.086 33.8589
288.443 444.661
245.631 283.213
394.349 310.094
44.2267 310.541
194.108 393.517
238.24 289.673
119.884 61.688
157.573 363.01
29.8549 10.3558
475.166 230.563
209.5 328.547
478.299 246.755
32.8748 388.614
32.5382 111.46
464.614 458.036
402.33 332.117
480.511 341.303
57.0796 484.226
253.522 261.976
490.814 450.679
411.537 218.514
149.403 125.506
314.893 237.89
262.797 443.685
295.3 90.9035
290.174 481.403
466.308 173.803
40.3937 39.1728
316.241 83.9869
2.11248 461.227
288.745 295.742
184.965 454.684
236.714 492.289
443.086 348.068
420.988 242.286
61.6511 10.0704
451.63 62.9029
9.52067 149
229.521 372.161
172.968 246.724
209.22 25.1647
393.309 381.85
319.994 172.667
400.295 210.96
370.339 495.238
41.8441 377.072
208.06 467.347
277.257 157.317
173.538 12.2187
449.299 337.151
20.4456 254.483
359.494 287.776
190.517 36.2207
427.79 285.324
362.408 229.349
26.7725 345.422
385.874 162.626
95.9426 413.208
418.275 271.393
204.24 489.253
456.648 70.5181
365.87 429.253
356.784 236.992
302.029 391.225
332.107 325.173
123.646 299.861
455.323 230.385
273.177 122.423
280.062 233.268
434.621 223.524
254.716 228.405
488.535 146.47
75.594 306.583
334.371 473.171
324.126 59.2189
340.123 474.885
466.333 348.051
270.616 257.414
361.097 425.338
216.026 148.771
451.89 215.931
43.0622 427.241
443.536 498.39
27.0887 358.191
487.906 382.853
191.442 161.291
388.904 79.029
34.7548 142.863
55.8921 99.2808
358.5 361.471
361.685 259.513
428.702 83.977
213.425 21.22
206.154 151.732
140.743 46.4061
155.41 62.8062
365.693 371.462
479.894 306.799
306.113 149.82
118.072 498.321
86.4945 400.811
493.795 168.883
449.057 383.785
347.036 153.629
142.833 285.657
459.649 419.972
310.038 383.907
209.183 203.572
251.441 111.718
89.6179 14.6877
112.572 425.462
178.937 404.827
285.048 426.795
493.508 261.651
40.0494 61.9764
208.628 222.24
383.573 305.163
175.369 109.594
22.208 95.9725
88.5553 215.339
219.509 420.427
188.518 1.88792
390.233 245.544
394.699 183.58
441.429 353.534
362.497 296.883
303.905 486.939
422.077 84.3245
290.701 306.682
324.019 232.237
285.353 466.218
475.766 10.3797
287.541 53.8744
34.2448 94.0048
198.37 452.901
498.299 478.678
119.93 67.0206
140.832 139.043
9.45748 410.928
339.941 107.827
458.325 279.497
111.974 17.344
72.6776 372.859
370.505 9.8358
273.824 146.148
98.4484 214.543
341.493 158.633
435.664 166.46
459.403 241.267
16.7057 472.912
193.068 112.66
34.8846 424.951
97.9155 367.465
221.946 312.431
50.392 141.688
171.284 67.5951
178.733 6.83079
190.277 389.125
211.161 362.569
112.728 166.688
287.605 481.452
217.256 117.85
319.053 366.688
383.762 456.554
409.394 74.6874
41.4839 23.8352
371.646 446.805
303.379 288.507
291.736 63.8727
224.301 322.917
320.804 182.912
121.411 273.698
262.454 315.287
385.934 347.303
179.59 455.457
432.584 141.553
138.454 308.828
471.281 222.586
409.438 395.186
204.856 40.566
498.204 384.503
449.747 417.78
123.329 96.1503
378.611 406.824
232.527 57.2527
291.117 47.0831
444.647 180.979
203.363 175.831
70.6365 275.2
427.928 498.634
329.873 381.61
296.507 405.131
34.9975 43.1269
252.422 2.79996
261.758 302.025
37.6005 177.707
71.8197 450.984
284.944 102.914
150.314 457.38
419.503 82.66
137.582 6.82282
296.602 21.282
176.944 431.659
50.3004 126.786
442.249 54.5704
457.238 308.677
285.191 411.081
177.636 74.5228
250.089 454.899
36.707 216.722
65.8979 174.517
119.901 55.8786
58.847 217.191
143.508 54.9185
314.66 392.921
22.2352 49.9635
432.74 440.445
408.664 110.77
358.91 47.0517
464.62 89.6671
225.259 288.89
475.044 375.795
348.596 65.2624
228.372 183.844
152.109 52.9161
386.966 358.568
490.597 283.942
335.045 459.69
225.432 409.318
406.917 120.643
450.521 448.939
94.7656 417.942
28.3406 490.813
433.621 241.283
236.873 214.716
320.37 355.436
355.049 241.436
277.772 476.008
382.035 129.936
247.855 212.321
189.203 325.427
121.722 383.368
460.023 99.983
198.784 417.101
231.89 69.0462
19.2979 72.5804
471.429 482.355
346.993 285.222
252.932 180.023
465.359 287.197
494.246 481.645
379.786 69.0736
265.469 239.636
59.9137 247.278
454.405 246.465
137.415 457.47
403.735 491.446
435.126 140.343
95.1744 488.451
44.3157 223.844
1.62958 122.583
87.7943 371.9
448.621 91.9299
364.34 444.624
337.433 248.706
34.8593 70.1292
180.205 439.241
124.78 338.497
201.905 156.2
318.869 284.839
88.734 5.53615
339.919 299.632
390.103 197.308
329.589 203.692
274.648 113.741
415.231 483.567
291.356 128.788
332.583 181.709
98.2951 183.637
228.269 248.597
287.673 200.935
492.452 227.693
375.261 480.153
22.3485 232.583
52.6235 162.842
368.608 292.197
251.236 243.35
493.451 204.685
15.26 178.901
253.766 494.177
401.993 223.007
316.155 259.558
126.813 368.802
469.824 372.675
330.744 138.42
111.027 66.9995
495.654 58.3307
296.793 66.7605
398.941 416.5
280.52 201.942
32.9711 96.5936
325.275 324.966
118.423 439.207
90.9619 449.735
427.854 494.514
346.064 238.567
178.235 240.331
434.529 305.733
286.898 284.681
300.076 130.945
461.302 413.835
125.566 286.188
38.7248 232.543
298.612 1.50485
300.283 371.59
334.188 447.064
113.219 108.82
381.181 338.343
351.462 345.047
11.7699 406.639
374.866 226.039
80.4106 343.368
291.111 208.931
474.022 370.717
363.393 303.698
367.936 52.9748
19.2202 188.428
367.998 76.6921
359.902 25.3009
242.664 25.7116
7.14549 432.794
299.166 7.90744
326.527 436.679
407.835 282.477
252.917 209.248
436.031 265.94
282.775 353.864
344.51 227.812
313.202 428.022
167.855 58.1103
350.201 86.2409
185.675 475.79
228.66 482.459
74.9986 330.105
59.9286 485.567
385.207 64.2496
392.639 228.198
79.3988 444.742
125.21 358.513
6.84351 105.282
95.7917 321.589
147.513 367.935
385.377 253.822
13.4824 2.83796
185.121 260.41
84.2119 397.133
33.0998 485.923
155.418 479.394
83.2857 14.6302
441.982 423.511
337.602 109.545
13.0297 154.622
76.2266 190.047
166.314 459.61
305.207 435.499
39.2247 275.749
157.577 175.716
458.622 342.682
264.509 175.94
190.576 137.331
45.8597 137.028
261.897 413.019
456.599 16.8123
247.768 464.261
170.943 455.389
497.269 429.353
345.991 410.668
185.202 236.171
233.042 376.273
458.217 20.8268
382.918 493.87
420.719 64.3839
285.493 20.1273
75.4029 223.013
445.015 159.558
237.71 271.535
461.258 13.2726
25.8287 39.7171
169.582 355.691
233.476 193.05
348.171 492.893
402.942 141.243
92.2492 84.0945
407.055 293.018
325.896 420.422
483.472 41.1885
42.6144 205.697
133.342 387.294
388.598 26.8679
247.37 39.0992
2.71973 1.65487
209.228 159.244
64.4539 314.191
226.253 52.4105
297.591 169.252
67.7219 249.567
128.35 41.3706
158.799 359.701
489.131 255.967
139.133 232.718
373.696 220.381
246.269 257.118
100.62 479.257
430.702 310.653
180.129 85.7173
356.108 440.499
132.675 69.9956
348.024 308.04
317.712 337.904
430.109 336.413
362.555 252.225
361.458 233.78
123.267 293.308
210.655 297.122
274.805 343.651
387.507 5.33352
467.715 457.983
310.403 180.855
190.562 497.639
400.058 342.288
74.7444 161.62
249.742 127.356
274.268 94.8502
60.4313 130.673
431.115 486.771
197.312 233.838
68.1629 350.293
94.0755 396.011
51.0344 137.205
132.599 323.439
301.893 422.468
198.774 61.3005
219.825 198.362
314.441 45.2757
161.362 257.324
50.0308 103.501
168.896 467.71
140.003 65.2007
76.2829 402.145
64.0625 236.274
376.863 461.685
387.566 10.5388
18.9726 204.409
221.519 90.6576
413.91 88.1328
477.204 404.881
138.436 47.8664
108.101 54.6066
219.732 357.77
348.711 314.341
36.9088 254.675
266.445 267.906
373.915 445.524
109.348 392.128
440.28 2.6888
290.977 81.0464
111.973 97.1305
22.8021 423.267
459.314 193.671
243.161 255.444
292.037 241.309
272.84 335.741
22.9468 290.664
380.103 57.1855
141.259 70.0744
357.293 183.338
227.026 79.0877
364.434 485.913
145.096 384.507
345 413.704
145.769 187.74
207.842 368.027
484.095 6.20504
64.4002 347.668
308.775 482.428
356.732 272.968
100.516 243.905
232.991 286.162
151.131 449.143
31.2381 459.033
202.871 226.699
360.045 443.981
457.433 408.69
94.4246 118.407
407.358 139.805
56.7223 370.985
365.272 14.2508
31.5437 5.50393
243.599 492.061
118.573 452.976
386.176 489.244
144.352 419.55
43.9102 144.077
481.666 50.376
163.783 260.961
222.809 156.614
194.049 1.9894
485.428 182.322
219.506 103.945
420.825 303.546
450.518 247.016
198.374 147.596
324.268 137.994
162.795 105.184
226.274 26.9659
495.162 200.813
299.428 294.743
129.174 330.17
87.9161 35.6962
144.103 373.981
139.39 404.828
297.281 398.533
441.583 153.993
233.292 338.634
282.462 408.15
41.5483 325.838
463.915 489.244
227.34 286.8
498.348 63.2221
235.69 459.867
143.303 414.924
388.572 142.562
1.49489 316.425
498.542 403.33
370.283 12.4069
372.464 224.32
305.923 498.651
154.503 113.629
480.816 364.419
53.8165 453.609
436.871 39.8752
190.422 407.267
29.1764 498.455
113.519 126.269
434.295 11.5832
84.6994 441.548
355.922 185.792
422.951 54.9351
299.736 411.493
300.972 120.098
462.879 226.586
486.862 89.3571
406.483 20.4233
312.5 142.909
253.704 325.439
250.553 59.3778
20.7495 182.813
437.434 1.28509
8.85608 22.5509
470.514 82.6206
482.181 443.527
144.001 106.314
210.772 490.735
386.163 407.056
36.9131 51.1553
26.978 126.277
436.304 251.114
488.849 42.8333
97.9217 359.539
471.639 385.26
439.708 81.9791
184.06 73.0224
408.942 347.17
39.1374 478.111
33.2109 208.135
211.907 421.738
49.049 186.736
394.895 371.133
147.232 23.4943
210.711 220.197
85.9182 257.499
187.053 216.752
177.975 133.305
70.6309 285.884
20.7014 406.844
133.649 496.374
168.471 362.238
218.2 203.735
110.71 446.923
180.907 343.476
479.817 498.08
284.323 192.923
163.757 246.291
407.348 221.946
440.001 464.857
110.411 55.6655
187.505 134.43
19.7752 444.38
410.498 403.906
347.005 169.145
278.511 90.1383
396.972 479.733
129.031 50.6745
257.133 445.541
58.147 498.562
10.5803 301.599
18.7451 67.1627
231.047 331.713
284.127 350.747
250.759 135.398
140.672 113.162
53.8269 89.7537
406.456 176.367
435.647 368.015
466.194 260.526
109.183 415.272
328.89 165.194
405.449 448.153
432.445 320.912
382.896 262.292
393.83 221.215
15.3796 451.674
432.646 160.126
254.943 62.839
263.281 129.107
387.346 101.567
56.988 188.223
41.7689 469.44
344.454 262.974
200.148 236.425
391.264 267.632
290.496 131.92
496.084 475.359
308.463 146.212
136.46 242.341
179.186 143.442
160.805 196.538
327.321 174.335
422.646 443.321
167.641 89.3945
423.863 197.532
383.315 462.407
137.75 113.039
459.448 357.168
182.816 103.76
351.939 266.401
122.116 187.449
67.4542 88.2401
131.334 481.694
78.3179 236.839
267.023 162.99
288.973 484.269
176.906 277.947
400.518 48.9518
249.657 116.962
181.121 233.833
458.969 60.9634
329.736 357.61
108.306 9.42875
129.347 423.994
416.685 33.8091
29.0447 228.492
451.472 439.18
165.672 253.488
368.466 40.2643
214.523 201.656
300.039 114.74
467.443 317.752
357.691 498.453
65.9952 187.189
382.549 156.988
247.89 92.2345
193.471 465.203
61.9276 13.4431
473.438 358.786
391.628 439.165
395.555 491.442
271.406 440.136
114.933 283.52
234.46 156.761
273.838 169.671
351.168 466.701
165.259 485.583
398.939 169.799
369.519 51.005
394.443 47.0385
149.938 218.56
498.197 45.1123
13.9632 295.673
5.44735 18.4047
482.967 295.132
38.4667 424.489
342.862 216.191
353.869 488.782
351.932 23.9277
368.775 337.283
409.22 438.667
289.214 32.0929
236.914 436.56
403.374 367.843
459.252 118.802
324.952 93.6467
53.8027 329.628
481.914 169.461
213.878 330.354
425.155 133.112
98.5449 422.67
243.271 347.723
53.9371 294.635
22.0683 411.483
10.2833 69.4622
455.424 151.806
248.401 475.921
292.764 473.094
255.305 381.805
281.98 498.563
388.543 422.947
386.301 417.408
273.979 140.761
255.142 399.35
146.994 11.4993
186.141 450.163
99.5754 429.207
443.296 289.207
415.676 424.199
230.148 226.911
458.236 108.402
115.509 152.116
358.058 249.712
479.94 400.53
50.0553 444.053
178.846 348.255
310.866 458.851
488.335 477.538
276.898 416.378
360.167 38.8066
424.64 170.819
226.123 228.781
468.843 19.0094
329.904 57.7463
96.5676 23.4259
112.319 250.43
42.2817 156.606
162.636 218.424
473.728 279.582
316.669 136.511
280.617 178.592
212.064 427.551
361.831 221.558
243.982 190.453
381.082 173.288
249.753 159.847
114.407 60.8519
352.356 472.863
265.574 170.423
478.253 409.939
300.667 266.325
330.06 387.226
428.488 63.3247
484.224 146.934
238.982 199.023
161.763 325.487
183.775 251.077
245.258 209.029
180.819 226.146
309.166 210.171
247.395 4.57316
460.908 360.539
383.549 389.929
414.492 303.765
358.774 5.14172
238.178 143.296
401.637 1.98807
330.691 40.3159
297.07 143.416
56.4357 418.421
151.964 332.686
252.786 437.385
393.153 393.326
318.874 468.668
398.646 367.227
179.764 422.056
271.412 114.976
346.898 431.447
453.265 483.793
82.8568 319.771
391.26 352.043
132.734 140.187
235.602 463.093
220.003 447.808
183.725 276.862
124.823 260.254
73.9152 259.342
181.849 220.245
364.466 1.38794
202.745 37.945
123.185 409.798
416.387 62.062
394.28 432.82
67.2082 361.419
5.53375 175.038
450.903 41.5831
47.3669 348.715
155.147 97.1531
284.304 380.029
420.609 123.033
441.245 10.077
306.409 48.0658
196.829 469.144
258.195 460.998
469.004 274.271
226.692 58.7668
85.3744 164.725
351.977 350.438
11.2448 353.762
6.4933 359.832
308.769 401.15
421.539 429.921
278.178 175.346
70.421 192.962
151.856 175.287
258.636 178.05
174.322 86.5563
92.4245 473.911
451.287 151.696
137.237 275.92
211.359 18.95
431.149 302.326
13.5026 62.9503
145.573 484.354
245.554 245.153
70.6386 392.446
426.596 96.282
280.937 54.4035
263.836 407.344
215.79 316.424
153.314 358.089
219.001 229.162
96.1192 49.4755
96.27 95.7179
383.044 242.585
34.7805 400.013
334.529 108.836
254.663 165.785
423.815 60.1378
346.941 288.077
421.682 355.327
446.62 351.7
161.341 340.632
323.258 309.947
429.502 381.763
358.19 304.138
40.6694 14.2095
498.562 304.044
18.8281 159.321
285.456 366.686
280.78 206.017
268.6 255.119
168.606 15.544
398.94 469.003
443.042 398.496
201.588 479.147
134.714 88.2465
199.557 278.527
263.284 346.68
114.18 493.534
494.546 52.712
123.347 25.1069
50.2989 346.741
463.956 70.5496
56.4515 247.355
386.758 22.3173
144.098 21.399
32.9333 326.807
93.8917 132.412
107.854 420.869
55.6335 335.676
105.049 288.059
157.215 146.799
357.67 105.264
38.1872 349.98
173.665 6.54271
238.857 262.825
244.552 327.325
488.53 113.125
464.415 1.54227
115.146 371.106
78.3134 23.245
443.676 3.75833
239.671 335.615
58.1057 408.547
158.52 48.0652
176.087 238.819
452.679 193.29
466.718 7.43322
56.6766 23.3284
58.5829 242.571
72.9079 51.769
22.5772 443.873
212.215 244.075
155.931 182.098
74.4445 6.73902
5.93294 337.05
468.876 348.617
172.162 91.5847
208.519 229.738
434.933 206.433
495.303 314.147
254.331 292.436
201.975 452.626
284.162 305.378
235.975 85.5299
243.52 406.07
163.381 163.71
478.005 473.375
465.425 428.734
464.029 402.234
451.93 224.825
17.0586 126.222
362.09 323.409
96.3835 212.944
484.479 120.003
121.878 337.89
219.115 494.644
324.154 473.53
254.207 470.024
123.218 81.0593
344.121 278.984
248.91 242.373
35.18 433.05
160.065 367.381
158.649 247.131
187.143 420.086
216.174 441.239
420.53 376.047
242.444 497.412
56.6114 264.034
257.286 136.518
473.291 424.011
138.311 98.1702
363.75 76.0005
251.097 278.899
380.82 408.868
396.446 58.9352
244.958 187.953
491.96 217.981
78.518 17.8567
94.8672 151.313
163.223 267.85
365.173 199.296
462.073 40.173
2.72119 481.467
21.6844 498.279
328.496 145.496
42.0372 342.709
444.38 20.8513
169.158 97.7942
352.811 445.002
226.757 36.5833
332.599 457.864
38.9563 229.367
92.8735 135.082
293.534 256.509
237.409 81.9081
424.674 397.697
92.6609 53.8181
216.549 492.093
166.464 70.3675
61.4673 460.451
74.5637 462.689
54.2167 400.283
164.914 231.522
259.708 446.062
475.972 108.403
30.5082 106.735
101.275 79.7813
471.476 307.442
393.027 109.31
392.752 81.984
199.707 344.497
164.293 392.223
109.435 44.1031
441.824 468.552
329.137 32.2827
403.819 175.293
210.973 7.18048
439.264 293.212
110.891 72.4073
480.378 193.841
304.583 200.857
314.133 267.997
23.0568 384.052
305.301 178.205
495.729 349.606
316.662 326.053
227.313 272.434
243.676 242.464
363.556 449.876
474.605 381.439
228.073 133.392
394.182 466.398
203.692 268.044
187.98 310.117
480.665 73.9401
183.919 478.004
88.0267 18.2556
166.384 479.418
220.615 423.883
60.8999 253.14
6.37138 188.355
481.875 375.041
256.358 332.429
398.176 74.4399
336.764 135.915
236.62 327.139
359.525 147.11
2.08497 256.764
300.179 32.4883
37.9911 289.174
73.1042 116.4
17.261 494.729
444.23 220.201
498.187 426.012
116.265 263.94
315.491 439.304
267.051 36.5354
101.347 489.133
357.843 353.222
257.304 342.119
405.533 412.585
133.351 263.68
299.351 465.204
189.875 440.613
426.32 374.426
416.666 403.802
188.402 98.142
128.418 176.724
297.292 33.2488
317.333 264.461
486.455 245.772
132.204 342.116
457.357 217.697
18.3013 390.347
77.8314 26.7209
28.9429 195.138
468.518 368.769
442.381 409.462
459.858 460.029
219.374 315.635
308.689 216.42
85.13 119.428
35.5955 183.273
220.244 305.475
20.7817 337.06
224.557 462.963
376.302 469.004
415.165 466.685
22.9957 184.183
496.569 119.006
402.562 257.355
79.8085 369.902
205.767 55.6837
464.583 450.902
418.24 182.063
66.8152 471.407
316.618 27.4262
91.4088 257.42
222.624 257.546
312.215 452.509
444.429 278.468
222.814 169.95
83.5991 402.921
140.045 393.519
167.439 131.721
432.525 76.9388
222.924 372.849
464.297 304.496
26.0533 259.312
247.436 400.278
482.275 18.693
119.508 288.189
43.7085 491.001
396.214 245.463
427.514 225.479
334.948 167.152
47.7165 88.8066
71.4128 23.6456
107.442 77.7053
1.87419 265.32
196.511 151.091
48.9883 269.658
149.566 164.409
489.851 62.8351
26.0447 305.43
205.939 481.866
146.249 64.1316
54.3629 251.566
357.886 119.338
116.268 249.39
294.174 234.765
241.204 441.794
226.491 358.492
492.619 414.394
202.669 68.4327
334.789 449.89
8.70006 236.245
486.461 281.088
118.574 303.331
330.923 115.309
29.4192 263.574
110.959 248.24
176.538 285.224
106.308 148.11
404.826 442.352
404.388 312.862
448.314 79.1569
205.834 241.96
256.057 411.187
364.887 72.9029
294.069 404.295
425.73 300.763
281.909 165.2
55.4449 125.152
498.676 234.252
388.437 282.453
409.522 268.803
455.554 292.646
242.704 259.343
492.164 468.863
212.369 268.039
181.317 136.01
352.928 289.387
307.843 300.123
334.618 265.877
130.165 145.506
437.422 116.885
24.858 20.4969
447.159 61.683
454.334 156.317
95.8278 14.0389
428.814 387.714
433.79 489.649
17.4451 255.808
254.736 402.853
167.894 277.037
108.626 212.817
271.605 414.071
41.1798 435.745
143.618 235.359
354.284 494.611
451.764 156.788
66.793 228.544
70.9044 342.267
441.303 201.707
159.352 439.598
189.775 427.663
32.0562 217.777
199.13 244.402
204.312 15.1136
154.197 328.261
474.532 404.872
423.043 27.7358
65.1996 373.748
343.233 284.092
488.019 292.496
490.614 333.553
128.849 296.717
232.174 316.144
186.528 152.363
94.494 71.1341
138.095 385.172
41.8825 57.6078
425.613 206.809
445.885 406.946
64.078 233.663
302.385 65.5473
160.469 493.539
325.623 331.642
337.765 413.195
220.127 480.322
393.709 144.815
75.427 498.58
236.473 112.793
480.786 28.3868
46.8901 23.7859
36.7041 173.724
101.752 283.824
23.1077 83.8163
388.398 364.703
68.1423 59.3514
82.9274 11.5696
424.539 215.512
74.9176 407.684
57.3894 110.277
115.274 323.064
238.154 250.289
404.709 300.901
498.132 59.1199
294.543 269.877
165.36 16.7762
83.5299 389.605
188.589 74.9794
206.151 143.879
194.475 16.9959
472.724 113.056
467.306 393.602
92.7778 279.491
48.3156 400.985
481.655 395.415
117.197 43.4531
347.169 451.761
307.01 250.66
90.8758 138.324
311.706 228.028
39.3344 380.16
331.891 27.3838
458.858 79.8931
417.118 250.524
82.5821 417.314
326.083 57.6541
408.39 498.506
103.992 100.256
437.219 73.6729
468.032 93.3385
390.967 313.525
411.172 158.117
325.449 237.993
214.279 258.39
373.5 490.612
317.742 196.095
19.638 291.637
381.929 382.755
306.235 353.274
54.0251 195.187
99.8496 298.836
106.927 43.7367
230.883 340.36
254.304 50.254
344.039 472.665
152.481 96.1267
474.279 400.542
91.3671 326.887
10.4066 223.113
454.377 414.278
106.812 49.1503
491.721 166.74
129.615 3.50495
232.389 479.98
387.362 68.869
131.466 14.2488
478.808 469.504
475.777 76.5664
459.847 446.929
479.35 384.104
358.222 365.635
85.4426 11.3957
119.473 313.747
32.2531 210.989
498.405 15.4187
258.375 186.411
8.87394 183.447
346.301 199.957
217.116 101.935
408.29 417.458
278.973 43.9437
414.5 492.669
492.704 488.488
88.5321 335.188
248.088 143.219
377.453 152.727
273.966 421.891
152.011 280.988
289.949 61.9814
374.33 208.802
210.736 128.53
30.1618 249.537
68.2767 40.1235
492.847 288.362
258.906 144.004
70.0331 9.42276
419.417 466.827
25.9783 193.688
356.689 478.527
294.993 409.704
489.23 302.966
118.924 490.415
446.316 102.566
240.69 292.058
268.845 366.477
341.931 1.29623
338.549 430.079
95.1066 254.193
269.096 144.728
280.046 296.327
73.4861 347.97
415.538 480.814
22.4044 208.278
13.9203 422.343
121.182 324.73
358.527 227.553
34.1553 158.456
307.987 76.8187
244.743 485.374
274.451 137.913
359.943 80.2641
490.289 251.35
454.077 79.0002
95.1942 440.222
344.989 1.96985
207.639 113.994
354.724 438.015
235.142 257.89
490.708 474.302
258.889 202.063
497.661 3.86714
189.929 296.559
332.497 216.267
362.891 248.772
101.073 177.123
296.597 191.266
267.972 205.589
338.546 350.214
459.828 429.576
382.063 209.69
143.242 112.773
97.4969 199.398
277.929 56.1743
485.631 407.891
333.463 260.786
142.247 426.822
337.448 280.994
307.496 419.416
80.9739 16.3863
236.64 303.086
426.762 457.614
469.198 329.729
461.638 494.176
15.6717 299.186
222.403 37.8525
63.1226 401.151
157.884 437.611
48.2285 108.151
426.647 212.926
306.917 94.2005
173.78 463.592
34.3337 27.709
314.381 3.37424
323.891 299.275
293.182 24.8196
477.942 433.262
414.189 98.4002
51.2366 248.057
219.325 194.61
234.312 98.1452
146.185 3.53103
459.414 363.295
324.718 13.8816
266.737 71.1416
466.541 69.4305
103.136 201.285
473.454 290.912
471.158 15.1884
207.696 341.684
465.097 153.405
166.344 413.862
76.4161 398.885
395.594 167.638
265.988 100.76
365.509 498.691
102.265 447.505
423.514 260.992
402.115 349.312
200.723 374.319
136.681 80.6381
452.743 458.14
214.886 437.588
123.916 417.059
358.729 395.354
280.831 136.775
346.087 148.72
379.068 332.758
63.8678 27.7001
330.508 14.7951
372.375 98.6062
61.6219 65.8785
126.657 485.715
385.573 291.704
137.393 84.6659
215.049 384.898
196.894 128.71
134.868 437.325
430.367 46.0732
260.055 471.822
218.54 148.05
212.934 138.364
102.182 64.8508
224.662 136.234
70.3337 75.1932
314.149 101.694
302.17 167.862
230.542 181.238
266.16 113.553
287.502 186.104
498.354 267.764
392.253 273.183
218.17 22.6472
334.919 255.879
94.8968 144.889
202.656 214.375
69.0054 247.117
218.867 250.852
469.487 145.441
218.112 211.74
346.497 249.214
337.516 235.602
184.509 67.5826
264.992 119.115
295.784 2.23471
384.606 87.3043
81.2856 360.576
70.3197 218.483
181.611 160.767
161.176 62.9876
356.817 216.553
90.079 375.389
409.918 494.818
243.854 297.399
482.169 223.374
239.252 494.171
64.0695 47.7685
473.648 495.87
372.465 284.895
279.975 414.348
51.6159 287.922
191.812 200.681
88.3088 405.846
267.803 79.8092
270.458 447.291
257.553 122.04
330.397 344.392
334.772 492.973
120.518 309.719
394.788 20.7906
400.33 83.7004
419.794 424.757
219.314 333.94
319.141 274.985
297.225 470.592
376.034 186.862
10.7358 114.823
323.491 247.679
256.712 208.984
395.62 188.656
118.713 383.064
151.812 203.831
2.82917 94.1934
206.355 316.505
58.3551 382.649
160.346 490.198
408.895 468.468
251.135 283.886
57.1569 345.993
159.958 92.7527
97.6124 415.211
479.367 7.7374
102.843 179.848
4.49238 84.6856
255.3 144.035
171.058 37.9994
252.754 392.53
222.231 186.513
137.512 137.098
382.177 316.808
104.501 167.553
62.6726 288.967
295.971 320.701
213.091 241.424
43.6134 413.803
243.559 159.382
164.246 428.266
180.693 124.323
489.135 192.993
182.781 497.658
99.3555 168.682
52.8901 256.161
396.044 315.1
79.6976 345.826
371.359 461.252
262.458 342.397
298.869 232.391
353.244 151.105
376.745 491.244
178.692 299.289
472.615 470.788
397.891 437.409
446.947 164.843
272.84 186.065
287.095 402.628
71.7001 381.893
220.762 253.496
242.795 41.5542
64.115 465.05
290.973 181.412
124.544 135.841
84.1431 61.7336
290.26 276.259
494.909 411.599
451.577 350.647
310.285 241.954
214.901 112.05
221.477 384.083
412.49 196.026
310.97 71.6665
429.567 291.965
186.425 489.714
323.948 450.157
131.419 7.57544
129.337 493.015
368.443 382.983
62.7786 91.2683
303.038 202.932
475.469 98.6904
46.0925 367.545
311.311 314.398
326.402 314.235
339.442 88.7721
152.135 230.929
296.522 184.527
238.449 173.703
437.123 498.485
126.63 205.896
438.99 338.949
180.625 304.415
92.2588 318.584
156.752 405.049
64.5102 491.906
305.109 79.8114
169.754 204.967
247.522 315.3
185.9 422.683
206.715 460.147
486.43 66.7107
293.374 45.334
92.3207 341.998
410.822 63.183
148.235 33.977
51.1435 4.2296
192.134 240.436
336.494 420.536
44.3759 44.4565
175.89 207.893
175.581 331.826
180.874 267.531
280.164 146.848
112.643 139.153
283.488 73.16
456.093 43.0164
160.859 239.266
498.161 367.002
477.817 311.704
156.563 429.229
18.7881 229.465
180.813 485.739
293.716 301.894
85.1111 240.129
89.4323 275.018
398.925 203.557
73.1297 215.971
440.964 229.838
413.461 434.404
56.9269 169.872
274.596 158.989
93.1767 463.794
120.639 98.6961
105.423 454.659
478.129 219.345
333.514 210.927
88.3152 117.421
166.395 300.679
32.4405 480.277
156.649 143.162
222.324 369.354
453.518 340.739
155.105 459.651
281.248 112.466
1.72133 101.43
322.401 9.58645
126.536 100.848
215.611 181.763
88.6964 389.903
446.711 128.76
391.727 471.98
50.2699 418.706
86.6277 205.139
288.18 229.302
90.4041 271.273
429.495 411.404
468.372 413.452
437.423 157.255
154.054 178.233
253.653 79.1221
103.767 235.317
408.156 492.177
487.229 28.424
263.662 283.943
453.29 471.821
147.979 272.149
389.038 381.957
135.382 490.638
150.293 261.572
165.208 213.228
45.4302 396.31
67.8768 197.07
8.68194 418.814
172.808 183.564
198.853 79.1251
219.002 165.029
72.1567 221.946
438.011 326.699
430.848 110.91
384.088 353.334
209.939 249.042
475.926 236.056
461.035 370.819
348.696 121.06
260.702 432.29
255.29 85.8007
58.9494 305.587
139.929 22.6352
487.215 335.749
252.836 205.454
180.95 41.4016
433.732 35.3448
4.41393 243.619
185.602 156.903
56.8562 461.054
304.092 382.816
362.74 459.152
280.084 277.972
498.711 73.31
91.1179 310.688
305.728 359.939
416.039 410.357
62.5073 171.554
343.387 111.73
401.11 218.977
475.203 429.298
475.723 289.864
124.069 495.683
139.273 488.944
81.6151 151.354
341.218 352.232
482.313 301.943
454.256 347.757
498.43 33.8946
102.81 356.546
459.226 190.065
484.261 28.9621
341.786 372.708
286.857 268.618
58.7033 152.065
183.147 179.356
365.802 153.401
450.25 430.925
381.397 230.232
126.597 157.804
54.3687 131.016
445.478 87.5634
335.106 216.688
131.942 487.759
23.2483 219.483
1.63594 370.595
200.027 300.904
470.781 361.192
268.002 201.795
351.65 162.899
152.583 435.895
55.5439 95.4538
186.862 393.979
236.7 457.177
150.941 272.463
212.048 497.733
236.055 478.598
275.322 352.825
319.398 205.889
3.67631 291.404
183.499 347.649
91.3033 22.5251
131.212 155.754
302.784 59.4667
172.166 279.045
306.224 493.398
118.365 5.58278
193.893 161.973
454.605 199.032
243.398 318.599
272.962 215.32
84.1554 78.7298
495.859 171.704
162.418 126.222
135.667 99.867
98.3311 44.6185
229.673 386.058
234.145 121.483
429.08 176.207
233.413 410.473
45.5334 129.077
63.4708 342.514
129.965 206.262
71.2352 68.5321
73.4205 18.8329
244.95 286.096
69.0761 469.627
199.254 203.654
35.5149 312.819
473.905 271.107
334.968 114.234
83.6439 381.966
160.802 200.668
106.085 303.27
177.525 70.9939
198.061 314.718
6.50228 233.789
383.039 359.865
22.4523 53.2579
496.254 228.265
139.403 318.103
17.4387 430.068
272.562 471.432
411.959 191.99
435.426 59.5577
254.926 31.272
144.326 466.899
168.785 72.0761
37.4076 62.8732
117.288 410.033
1.35503 157.366
464.423 329.995
311.896 462.323
113.247 84.4228
34.903 364.743
90.9786 240.265
107.055 353.829
173.927 24.357
349.678 357.692
45.9011 292.696
283.454 151.726
107.088 230.104
2.14177 130.611
349.396 429.324
81.6877 248.789
17.0943 262.937
94.3462 274.445
413.417 110.433
446.775 235.28
373.855 13.7535
24.714 79.3063
453.18 134.484
46.2555 209.16
188.33 477.819
98.1607 441.572
247.21 254.55
62.7837 83.0142
374.181 110.429
172.624 405.231
106.91 98.4535
215.793 45.8284
180.694 1.67052
147.909 28.2581
184.779 228.39
346.461 219.381
84.9933 66.8545
497.958 336.949
369.388 240.463
498.563 442.541
317.159 429.852
131.867 416.905
440.641 112.609
347.214 405.645
131.964 498.454
463.746 64.3133
219.833 311.076
234.062 223.633
262.214 366.279
142.727 51.977
443.016 26.2199
12.8233 393.413
216.767 85.6901
483.814 209.841
194.072 46.59
487.148 205.711
154.591 260.027
129.635 9.94194
127.849 208.489
417.33 166.532
193.096 390.602
384.543 195.61
216.247 70.2532
78.3263 204.742
35.5241 248.62
312.56 124.57
493.615 356.643
425.593 491.37
247.957 25.4265
273.561 107.697
476.726 86.5597
423.035 106.905
287.154 105.695
311.858 131.289
444.349 458.273
352.613 331.715
269.974 493.045
137.869 1.58023
123.935 391.921
160.996 110.468
66.6096 254.574
305.636 128.533
343.571 114.592
439.26 193.301
492.925 61.5689
176.985 27.9947
45.3446 463.138
455.452 354.71
498.483 114.903
213.329 442.256
197.499 216.036
226.432 481.354
225.617 301.422
329.188 486.212
41.8517 160.369
357.135 115.186
428.107 138.033
238.144 17.9502
450.938 321.164
417.296 298.483
214.622 245.294
291.901 280.071
455.482 37.597
25.3854 391.58
461.838 264.713
269.559 353.108
353.895 406.587
336.398 177.434
114.61 460.037
471.813 135.036
76.4629 49.5957
498.44 39.2059
271.592 64.1136
326.164 233.602
214.565 123.667
263.397 98.0007
181.948 62.9784
156.489 377.808
396.353 96.4386
84.8269 47.1731
114.169 244.842
471.024 353.261
324.261 468.011
189.408 383.946
261.414 62.9217
284.79 158.814
231.273 268.378
463.459 360.881
57.2263 426.861
363.313 62.4464
180.952 165.033
481.219 315.579
300.845 75.1084
51.4812 8.09737
101.381 134.546
83.6354 302.826
39.7635 299.705
476.541 395.21
446.223 228.943
125.784 452.733
285.314 340.227
364.377 463.579
236.105 33.2527
469.392 25.3722
267.676 155.001
485.112 71.3402
335.132 5.27432
321.224 195.953
393.483 74.4452
203.81 83.2954
305.71 108.314
179.035 284.992
425.712 431.446
61.9152 463.75
454.533 489.147
293.107 92.8732
45.7585 440.706
118.178 404.316
369.806 140.734
497.83 258.05
405.721 288.318
213.646 459.924
384.726 370.666
240.473 254.335
396.342 348.598
359.725 272.103
43.3494 495.636
36.3784 494.547
333.19 225.327
14.0344 331.418
391.178 467.093
415.959 103.567
345.922 69.443
230.762 388.739
370.545 440.82
40.163 191.988
134.583 1.70464
251.967 425.529
152.531 217.973
374.976 297.288
401.518 87.2659
432.651 2.09232
192.223 369.751
468.593 31.1393
329.933 72.2651
156.314 213.906
424.204 1.53245
431.194 415.714
439.031 46.1991
63.7687 496.195
32.0594 401.96
418.475 383.921
169.271 163.926
455.845 289.182
284.728 255.43
112.1 281.869
162.171 50.5415
17.1882 497.644
273.235 212.293
273.071 304.933
405.073 453.361
334.373 78.2586
445.456 196.346
308.466 60.7709
150.141 429.144
220.977 221.96
428.517 58.6928
214.301 192.081
101.413 497.395
83.5314 217.962
37.1593 163.153
77.2863 266.059
45.0981 404.996
105.104 127.891
338.291 367.878
312.502 438.768
61.4146 179.558
209.365 408.946
337.847 211.768
397.654 157.065
22.175 213.584
56.6635 105.964
5.57991 315.89
68.7725 121.33
273.864 119.561
391.394 150.04
29.2832 81.1407
359.277 195.393
375.938 357.518
391.948 291.658
153.937 38.467
41.736 33.7173
486.631 344.326
124.646 422.948
239.116 106.046
9.09539 296.407
430.49 429.982
252.652 340.671
364.085 257.224
11.0998 488.984
360.08 44.5718
410.302 453.855
46.7236 436.77
369.838 183.363
99.9621 404.237
347.032 421.804
186.164 143.683
198.868 349.877
180.732 394.041
350.579 431.804
266.494 470.273
241.393 30.547
327.751 323.301
66.9816 311.813
207.38 96.9017
411.119 54.1436
105.521 4.85807
58.7418 43.9124
25.8957 490.282
229.226 420.424
141.008 180.296
344.776 297.788
464.673 378.099
347.408 349.446
283.566 373.316
408.822 199.887
166.484 495.199
127.854 78.6202
151.113 14.8161
188.295 465.522
321.138 30.2081
338.965 202.704
409.776 261.653
457.992 267.616
117.002 354.28
318.546 98.7164
236.08 171.142
177.006 321.319
373.371 415.026
59.4838 411.379
398.217 218.679
471.531 459.156
379.037 427.514
260.874 156.293
18.408 249.519
171.987 134.262
269.339 56.1103
1.25724 111.402
485.15 278.992
448.259 10.4015
372.816 128.625
99.8365 331.727
427.628 370.681
142.109 311.948
381.734 168.438
242.165 48.7687
295.699 351.409
61.1929 151.349
393.801 303.128
239.929 141.19
163.339 194.928
384.572 46.8814
126.704 53.8389
31.5498 153.671
403.095 405.906
148.251 75.5645
102.028 411.807
143.903 290.872
162.912 377.428
253.195 273.671
209.268 498.718
453.442 409.03
98.8986 197.133
437.057 481.81
447.707 476.975
289.958 344.351
288.839 459.271
178.369 366.662
423.235 400.141
80.7216 183.391
318.731 247.659
410.865 298.831
437.507 24.65
378.942 289.983
477.258 377.416
312.555 213.038
351.935 117.029
24.8169 446.283
39.5018 335.529
28.6058 331.39
99.15 412.371
239.529 472.861
297.091 433.449
25.4766 62.2881
174.783 169.39
123.244 308.545
279.669 452.079
184.419 95.052
111.976 178.579
180.394 195.764
2.70404 165.864
495.503 55.1186
44.4648 251.262
428.775 199.186
380.841 143.345
75.0626 492.592
86.988 232.729
457.811 332.53
492.348 392.109
11.6016 287.897
358.104 267.681
38.5239 87.4139
349.81 257.896
270.821 146.549
430.48 422.746
133.722 145.196
118.382 401.543
174.328 338.359
245.476 305.178
37.1142 465.488
207.311 75.0525
127.976 62.5541
91.8752 177.594
345.634 235.042
167.651 103.751
179.488 258.392
394.101 1.96241
459.896 151.141
32.5298 278.176
259.82 74.0157
441.535 316.439
484.5 292.375
274.614 237.357
173.886 288.433
95.9184 357.782
259.901 476.769
222.321 482.441
240.445 112.793
42.8046 385.975
380.528 192.726
209.756 58.2933
41.2888 2.89955
87.4357 462.951
39.1093 194.29
463.409 274.916
474.967 261.114
261.805 405.116
361.885 477.107
165.199 385.562
90.8461 16.8447
445.217 14.3581
290.309 53.7819
365.188 337.232
103.853 28.8834
178.686 460.136
459.525 451.688
240.194 323.584
324.248 282.855
298.057 271.206
195.677 92.6536
95.9702 2.95266
354.907 33.9759
204.69 156.588
363.894 397.121
70.9269 126.858
171.319 144.977
10.5908 433.056
252.035 300.504
358.643 486.525
169.655 404.574
17.2716 206.309
411.693 44.1772
282.823 464.005
365.792 69.9208
5.28885 402.451
223.449 10.3394
235.46 199.866
267.594 479.889
411.025 471.978
378.834 415.317
284.369 17.4335
194.127 457.08
50.9767 457.301
461.57 1.66449
460.247 123.582
286.832 190.389
251.552 36.2879
19.4686 1.71011
286.857 92.7661
334.82 424.46
88.7885 222.719
239.063 183.948
284.321 333.264
483.838 391.776
237.566 243.518
474.381 338.378
468.035 135.315
430.377 281.061
385.385 425.846
424.045 95.5929
160.628 270.055
336.207 13.3493
127.772 106.736
261.322 336.366
149.003 328.26
179.984 431.042
10.6797 123.273
59.713 211.923
57.4475 227.169
354.132 316.988
252.844 47.3164
44.3793 451.981
463.523 423.014
318.238 343.834
181.401 92.424
279.721 101.258
424.672 225.252
89.8421 200.185
331.047 44.1986
229.24 120.133
276.244 14.4834
265.251 265.674
160.805 451.768
151.219 267.092
218.158 127.977
288.956 302.256
193.267 52.7675
432.518 258.047
128.665 133.454
417.711 75.9172
138.003 493.821
176.017 55.8128
487.69 451.417
305.316 76.4404
427.605 202.214
123.819 235.298
53.6194 16.0506
116.217 203.359
282.409 61.8644
78.4463 451.523
51.8211 409.115
211.847 355.49
1.50353 119.012
271.103 49.9955
465.732 9.99189
302.825 177.494
402.565 321.424
179.641 88.805
411.222 325.367
73.1247 459.211
301.03 470.241
171.845 348.793
384.562 324.437
440.45 175.382
6.437 48.7439
472.566 301.402
442.036 384.742
266.201 74.6273
320.415 264.431
85.731 242.795
202.631 263.822
199.534 403.721
200.107 95.0007
330.619 206.757
457.035 418.133
9.45761 158.237
436.727 288.941
434.387 114.687
487.376 100.319
379.958 148.105
400.061 290.076
317.554 448.256
449.103 29.767
209.753 260.638
314.722 161.414
387.145 71.7153
87.0914 236.648
258.134 70.9621
275.467 289.237
380.094 399.939
28.977 326.532
454.072 493.615
255.722 476.461
102.96 293.204
179.413 63.9489
239.592 428.936
268.867 99.3073
472.556 242.69
245.632 268.646
330.923 241.362
281.069 23.5748
116.396 231.412
425.022 233.253
11.3522 65.6761
42.4335 456.467
436.398 65.1565
446.532 253.14
448.309 205.33
10.6012 15.6712
88.334 488.522
91.9025 203.646
295.354 133.744
56.3801 190.699
495.182 310.603
109.459 117.324
300.499 49.8805
26.2033 471.617
119.51 227.597
327.785 495.044
399.95 477.197
248.4 352.313
355.585 396.025
347.237 442.693
188.678 125.286
418 435.19
66.5577 135.141
401.373 253.768
221.119 140.03
373.521 30.0345
347.669 9.60712
122.186 60.7209
396.14 197.289
367.744 222.179
28.1574 58.5652
222.905 293.399
124.495 487.51
299.125 106.474
401.547 182.95
312.577 359.61
278.431 348.898
154.884 473.428
414.794 280.551
440.545 31.4856
163.703 432.451
372.022 382.791
312.738 335.018
416.664 419.621
311.122 202.569
358.412 316.283
73.7083 101.904
365.322 235.248
137.218 69.8204
26.1908 183.901
5.6259 493.681
1.37913 14.4279
169.588 267.162
55.491 482.248
122.709 480.119
320.173 17.9363
293.348 340.03
108.786 427.409
311.581 252.434
330.225 97.7258
355.203 5.68209
398.964 63.3006
214.226 325.363
457.91 405.341
265.476 383.62
408.574 227.444
204.614 146.268
206.667 324.747
355.012 104.598
196.687 256.029
247.769 495.34
383.101 148.326
257.122 467.333
425.996 443.662
12.169 358.398
160.405 173.844
113.486 329.397
392.642 279.049
470.976 358.594
144.381 492.827
358.445 300.58
264.319 236.601
60.5149 425.8
305.959 394.281
309.816 474.471
480.255 111.06
141.245 295.276
245.158 393.795
93.6985 356.401
468.967 232.257
433.822 423.202
106.22 201.234
445.912 281.584
430.894 106.065
404.535 372.036
105.199 325.956
332.466 376.481
148.235 223.37
248.337 346.912
118.19 178.94
493.433 164.183
77.099 172.511
400.908 308.339
14.0396 73.2482
335.623 118.259
84.9836 478.236
228.994 263.054
459.89 326.84
460.52 225.461
70.847 233.601
279.126 151.274
19.9274 156.76
139.653 407.801
89.6795 419.63
113.86 441.293
147.315 402.372
247.206 206.75
77.4145 497.065
281.131 80.9045
329.965 334.829
57.5764 55.7132
248.596 131.126
93.7018 21.2783
296.947 172.609
39.3074 148.815
106.188 33.9408
464.457 252.248
456.417 142.12
321.633 279.508
300.635 98.1509
80.3266 363.88
442.31 304.221
359.399 133.249
220.158 151.58
303.585 357.918
404.803 307.972
283.138 37.2953
251.522 345.433
91.4593 116.087
34.3128 300.01
352.501 341.07
238.38 192.57
409.239 103.692
477.405 129.11
420.144 220.868
468.313 97.1514
342.303 255.656
30.0332 202.764
243.048 267.463
241.043 352.563
334.221 476.565
370.914 164.993
135.024 127.027
129.474 370.816
403.816 181.136
77.5775 136.197
100.377 314.144
42.204 256.84
264.096 71.2882
169.792 319.305
87.0461 26.5124
235.68 403.879
405.442 226.451
338.077 372.553
113.504 209.986
353.175 463.157
368.406 209.341
237.162 278.144
180.81 359.924
54.5077 161.084
243.977 221.785
39.4418 241.861
449.868 86.2219
319.375 140.76
315.311 313.546
121.341 303.762
356.557 49.5591
84.9697 188.359
52.6534 103.49
317.976 107.408
201.675 168.936
354.922 427.782
263.837 164.355
118.558 372.114
69.4822 170.887
56.8326 29.7122
67.3493 109.062
149.232 258.525
177.089 440.39
256.326 325.515
399.178 298.612
483.793 348.312
486.495 106.393
348.746 324.651
210.028 300.558
36.0162 160.354
380.678 223.062
49.204 282.392
124.572 471.147
40.5758 182.383
179.895 380.203
168.518 497.856
124.188 381.046
498.616 163.595
343.644 397.907
421.372 457.113
77.8179 163.433
1.38839 324.648
108.946 439.846
3.83186 54.9703
370.161 308.145
150.599 70.9523
313.603 299.353
371.903 174.407
106.75 74.9619
141.479 356.464
459.413 337.72
113.949 160.899
253.11 190.929
311.002 102.443
269.481 462.336
168.262 428.678
37.917 362.112
12.6911 120.474
200.741 284.86
291.346 163.777
436.075 467.467
408.315 71.1691
347.231 31.4195
475.551 438.061
135.855 40.8113
254.626 127.208
216.033 20.2482
182.392 110.786
235.229 433.882
196.631 422.801
333.356 359.303
432.84 87.033
213.198 432.316
293.263 296.78
228.412 39.7374
471.627 231.709
345.073 196.224
492.003 81.9164
140.363 106.687
21.1367 356.85
16.5708 32.7241
1.87268 280.746
384.722 152.219
341.845 272.682
46.6615 303.66
349.402 482.623
312.765 88.5728
126.7 455.154
35.5533 490.545
37.6481 137.589
118.582 107.143
218.001 141.3
484.146 370.695
31.8957 226.709
178.536 191.409
40.4124 323.237
453.117 431.144
209.535 439.6
278.423 339.419
101.447 362.356
199.413 35.5291
235.847 443.351
392.475 123.588
143.445 452.233
214.18 400.556
464.683 143.577
42.0546 296.567
65.2942 147.897
461.98 338.606
188.688 121.02
99.8337 264.175
371.772 470.741
64.4338 485.196
486.459 94.9649
485.637 478.11
318.007 47.7795
273.015 456.544
286.35 495.529
191.968 82.4662
420.568 132
301.137 356.385
405.523 214.189
498.66 237.103
385.364 315.588
64.9306 256.499
468.753 312.447
404.521 90.5674
448.451 496.404
400.328 177.735
337.449 47.4039
445.036 6.05817
54.7524 277.952
420.352 280.003
95.4441 330.345
118.899 433.776
59.9795 33.8251
470.449 269.613
450.234 18.8026
353.09 468.729
307.663 338.575
388.404 319.273
323.905 401.328
271.737 300.523
278.157 269.114
361.342 57.6765
306.926 165.027
13.6019 308.653
171.667 394.284
439.964 494.22
189.005 34.0531
259.433 247.06
126.309 91.097
317.087 74.9176
176.088 98.1132
283.817 10.3255
85.8054 192.63
158.782 8.85297
141.24 377.642
85.0765 137.899
475.516 212.274
152.492 378.317
498.252 331.537
438.905 186.156
290.262 239.564
340.423 9.72216
426.713 6.13575
451.859 269.452
371.968 20.33
215.722 15.2395
190.062 438.008
288.484 247.581
173.947 388.151
473.07 414.239
159.46 214.366
139.195 464.6
67.7985 116.758
198.028 65.3551
18.7316 316.696
450.326 97.8229
352.537 229.312
154.829 252.144
74.2478 132.339
162.228 80.926
401.998 208.898
334.052 479.179
172.747 428.583
52.0173 171.941
383.34 163.177
218.387 400.303
96.9021 105.044
417.559 442.526
388.486 216.274
482.334 261.851
170.629 139.79
364.505 355.905
490.153 287.284
384.442 478.308
153.733 443.352
34.8489 391.136
435.192 407.702
310.428 324.493
407.168 16.9857
64.326 30.6148
328.975 394.904
267.07 427.873
375.815 342.71
425.202 238.924
406.736 241.203
390.27 58.9587
80.0125 384.878
59.877 267.512
222.141 234.663
208.969 257.673
35.3012 260.058
432.817 323.434
361.368 14.5724
281.171 5.67141
305.852 304.653
383.792 431.987
296.911 383.246
23.3056 293.2
213.856 214.1
30.4952 188.063
153.382 433.337
114.747 177.826
321.029 383.326
460.962 453.842
38.5614 131.554
63.3609 395.789
145.172 363.192
293.775 394.162
405.295 420.784
15.8511 108.636
13.9078 189.481
190.421 420.608
220.431 261.775
79.1918 138.661
399.444 154.911
15.4693 379.327
437.225 378.639
124.691 426.875
482.845 377.776
370.529 157.48
291.677 346.649
86.1716 207.63
146.149 125.764
388.428 269.311
151.464 116.71
207.062 194.755
227.666 49.0017
14.2964 497.527
364.396 334.246
124.306 249.01
108.747 204.829
397.13 335.289
237.443 388.343
236.199 133.501
212.655 16.7086
260.395 120.501
460.586 348.657
498.694 228.667
309.482 334.495
72.4034 469.575
485.248 448.166
274.535 405.868
21.2566 78.8423
451.285 489.049
361.289 270.058
291.835 496.336
387.249 58.7612
169.316 340.617
322.587 96.2104
31.9937 415.088
487.872 253.315
69.2809 14.645
416.455 15.6924
154.168 223.912
61.7516 481.19
55.2685 83.6471
139.309 431.76
468.804 279.647
462.101 113.873
305.794 184.044
283.383 85.4263
433.242 497.891
147.271 247.156
425.648 34.3062
222 456.889
68.593 273.729
403.824 109.707
322.251 76.5047
155.878 33.3665
261.078 494.245
133.381 184.471
453.671 172.748
392.826 454.087
446.412 256.816
295.144 324.976
263.579 488.974
339.859 320.639
403.694 483.252
284.878 440.103
15.7308 275.066
401.406 362.017
246.722 174.181
449.593 405.102
286.777 442.028
41.8057 223.821
288.519 370.221
321.54 61.3243
239.745 284.05
272.931 133.237
81.3641 81.5263
344.755 273.963
453.599 258.077
415.06 180.581
488.575 469.65
293.705 313.285
12.2192 161.663
321.272 444.854
219.853 271.247
155.387 389.725
264.842 449.515
480.093 348.601
103.097 484.017
403.326 129.862
374.373 280.028
293.87 37.6487
259.673 347.001
370.237 400.975
498.457 170.354
373.858 352.783
193.031 217.913
474.515 258.544
378.836 156.564
218.789 445.461
86.923 202.444
331.828 404.502
232.86 493.304
363.406 240.347
369.37 81.899
473.714 18.6307
6.95624 58.9945
415.233 443.955
416.992 391.867
112.568 340.55
135.686 469.293
481.522 127.197
180.854 314.478
451.276 167.985
305.605 458.576
404.437 427.635
365.516 460.72
472.312 247.607
90.0829 232.318
296.083 263.533
120.44 492.667
319.452 409.137
498.701 416.411
145.914 151.078
9.55621 451.582
109.876 306.874
221.281 196.298
136.963 305.539
386.802 354.893
145.363 18.1257
405.618 31.3557
498.525 145.638
224.025 192.256
328.549 332.028
250.249 5.74674
444.681 38.4531
304.752 121.429
337.453 333.698
166.455 367.665
108.71 264.142
65.6269 98.1571
436.134 171.37
254.43 65.699
3.99439 469.167
85.1051 31.9411
351.694 310.781
267.106 399.24
148.207 299.671
244.594 453.198
388.045 81.9328
244.851 18.6878
326.291 42.683
345.53 173.419
461.08 88.7291
23.9962 9.9671
171.192 175.818
371.61 66.574
161.294 156.857
164.073 71.8743
105.593 159.129
490.731 169.464
95.9102 64.2703
429.068 91.4358
268.799 288.838
234.707 55.8045
278.274 213.974
169.651 387.764
194.201 405.284
14.5215 163.707
167.384 310.695
136.425 14.4286
18.7558 369.344
172.674 461.246
487.735 377.071
4.19785 150.097
133.733 148.933
238.994 91.9757
494.107 389.688
139.532 483.724
149.844 93.8368
32.873 83.03
302.555 194.08
53.6846 220.094
200.178 387.548
211.967 83.2675
270.181 469.592
423.612 217.895
228.874 280.716
379.305 423.844
378.546 50.4325
5.03911 25.8239
486.31 341.439
273.646 50.6054
416.312 160.775
24.2688 459.236
213.367 336.397
445.798 324.859
332.147 449.33
332.305 370.236
58.5752 291.406
366.072 175.205
265.809 221.644
102.469 439.639
339.451 471.549
371.829 217.973
370.056 411.757
440.736 307.643
293.05 183.219
90.6471 52.1733
18.0678 39.6394
324.321 456.106
48.142 233.385
429.265 81.2753
118.988 484.779
295.779 188.701
445.769 123.177
314.476 42.585
401.791 11.77
156.729 475.25
99.2286 173.695
74.8741 91.36
19.5314 53.4382
281.2 172.752
176.885 396.763
188.615 373.268
58.5101 378.149
431.338 103.04
435.311 87.7012
462.623 183.358
329.061 263.218
479.05 184.221
165.312 65.3157
29.4188 222.322
230.39 123.36
83.955 5.16721
320.819 370.521
160.102 193.226
115.389 94.3539
209.327 418.454
385.373 222.689
191.082 26.0624
1.34219 237.539
372.352 5.38748
196.452 356.677
167.398 396.966
404.561 223.285
448.357 362.1
312.789 83.0374
460.669 291.511
178.33 213.801
387.165 338.759
32.2821 437.627
260.563 242.62
144.425 201.027
48.9107 485.427
320.959 190.165
229.752 375.149
23.4629 432.656
52.7787 83.1897
200.4 326.676
130.462 411.596
373.038 179.587
54.2712 438.344
254.028 315.591
407.785 230.834
319.243 22.8592
301.862 437.666
303.466 154.925
301.212 2.63587
199.965 193.987
158.575 392.637
327.496 318.009
431.25 386.684
364.786 113.765
144.631 170.566
69.5668 151.264
435.673 104.52
191.073 413.902
492.354 189.083
309.595 85.7156
132.54 173.96
209.552 45.6235
375.049 455.474
488.732 398.348
293.676 7.24782
361.368 431.527
318.037 90.4478
325.664 353.425
191.784 481.437
318.338 80.3012
215.961 278.639
498.645 301.371
1.80433 179.037
429.183 359.791
6.58718 304.276
168.932 12.4161
230.653 48.018
455.129 380.389
363.865 94.6554
146.041 447.645
24.4463 112.725
144.391 264.246
78.9842 414.518
336.923 240.994
75.8274 389.084
418.746 192.03
13.1355 198.176
382.511 268.825
254.626 103
17.9099 434.041
449.623 413.462
196.746 209.329
182.398 483.688
121.587 322.22
396.506 442.533
498.639 263.888
303.611 262.484
467.769 194.015
458.593 255.922
41.1888 391.484
374.763 495.57
252.671 294.321
191.527 298.517
450.848 67.2634
495.819 495.662
374.975 4.75141
47.1156 255.921
101.614 406.852
53.6517 181.196
82.0536 100.055
328.784 445.354
213.229 5.80274
155.787 447.364
400.384 295.626
402.497 494.146
291.207 460.252
178.536 237.571
406.2 273.691
75.3774 73.3025
114.675 215.429
82.8759 128.39
314.438 94.0518
28.0273 90.8296
478.141 5.37462
113.555 337.587
393.001 30.9042
78.2447 352.504
228.03 314.468
457.135 262.304
451.461 480.308
143.026 457.233
212.891 253.357
270.147 309.356
124.199 296.777
295.387 365.671
493.806 114.914
456.08 204.143
430.974 35.0538
375.681 475.212
336.164 192.215
434.553 174.531
430.592 171.401
83.4032 370.149
272.162 6.2654
51.5184 475.583
438.575 135.163
302.645 225.276
141.991 404.729
11.1141 447.524
100.49 129.351
434.312 16.1799
215.901 427.443
399.873 193.303
185.101 168.932
457.316 24.3619
363.817 401.704
118.934 32.8164
446.779 21.5941
293.59 122.324
227.204 110.214
19.8898 432.128
197.429 446.53
132.3 368.843
262.532 171.89
309.885 257.271
213.28 370.421
168.392 227.083
212.57 216.759
306.722 416.917
152.804 497.188
203.368 251.037
332.965 90.9902
178.388 471.734
83.5376 487.309
92.4938 447.324
147.997 282.189
349.722 111.809
360.032 31.552
455.612 243.516
90.9793 132.371
302.545 458.29
480.775 93.8367
251.319 388.738
202.097 337.556
284.281 481.384
404.54 102.247
34.7229 180.629
475.279 92.6867
269.915 19.6034
194.353 100.465
90.4057 188.075
235.808 92.8002
177.479 358.676
211.069 75.4217
168.531 293.843
270.417 425.074
6.95061 135.949
170.327 253.618
374.591 408.259
284.473 415.18
117.189 155.026
121.813 194.49
56.2286 73.5899
123.416 223.084
357.702 341.008
122.248 436.186
295.585 117.074
486.234 11.7648
268.699 322.669
441.242 270.424
410.589 155.713
446.145 430.933
476.503 185.515
91.0597 290.409
323.977 288.263
288.83 204.232
160.171 87.1659
150.857 357.438
208.827 63.5169
195.504 196.312
317.635 329.466
339.548 39.7357
380.384 436.858
306.769 461.76
276.737 118.073
381.711 95.3335
362.768 360.391
302.062 384.509
34.7481 460.383
149.062 167.742
1.69836 340.196
81.2196 137.051
344.114 492.327
150.476 391.101
438.776 426.852
221.17 443.1
359.073 189.897
370.471 148.955
196.014 433.663
47.5398 306.098
462.438 189.249
141.493 280.685
243.815 63.9433
494.728 161.025
67.9214 418.477
201.21 491.899
283.473 167.461
264.874 52.4301
244.96 136.897
205.742 26.6465
229.083 20.769
244.397 290.61
107.657 401.861
476.317 440.872
117.931 173.75
243.04 13.0217
298.271 303.823
79.1467 211.695
269.457 409.299
491.02 280.874
78.413 65.7514
93.5818 458.231
53.3176 362.473
356.041 14.3573
447.11 213.973
169.403 285.738
437.052 305.322
112.476 181.998
446.839 276.807
494.808 459.873
375.195 200.454
193.536 10.6682
187.98 343.286
154.128 128.128
298.722 288.87
282.664 252.033
97.3781 475.173
317.901 400.367
252.206 246.708
495.006 489.536
397.002 120.566
386.814 129.894
147.13 110.063
42.7447 49.0463
497.584 97.4462
454.086 439.847
373.868 380.923
440.247 434.94
177.47 16.781
293.575 386.433
74.4063 31.8954
242.925 307.185
303.431 312.048
460.748 106.44
17.986 136.502
327.853 1.34424
211.727 80.4804
489.122 295.005
434.898 213.631
92.9006 229.459
275.977 324.254
412.668 102.593
275.687 134.852
485.779 492.934
402.745 402.597
36.0271 145.242
451.816 455.707
81.6364 236.227
247.432 72.2964
454.437 451.058
296.986 273.761
392.255 335.721
257.462 100.457
320.838 397.519
29.936 374.742
483.878 355.3
296.853 386.038
143.694 231.161
398.672 7.5535
307.24 283.066
234.218 279.886
395.703 146.472
437.916 228.476
332.996 145.187
49.2666 431.169
110.035 434.661
80.5564 285.834
81.3076 466.412
269.471 30.5742
303.471 397.978
262.182 430.25
135.716 259.061
124.502 117.778
72.1833 483.83
192.266 398.264
374.668 313.968
369.926 332.234
444.244 355.774
309.55 421.73
293.757 201.413
284.602 302.297
375.134 402.591
255.603 365.279
195.895 137.202
445.598 168.083
416.041 229.854
441.713 456.59
370.49 433.457
32.8281 360.587
473.587 332.251
117.656 325.471
142.566 351.058
407.069 193.404
400.218 327.099
329.414 371.298
402.865 327.451
183.965 241.548
310.294 394.251
77.9111 407.405
191.432 248.127
123.227 399.472
207.272 20.0921
258.232 287.426
313.517 165.515
442.878 473.751
207.863 263.654
80.9356 123.255
301.33 126.024
346.753 119.354
324.245 250.396
162.863 317.046
264.471 498.709
149.777 364.932
208.808 348.186
59.7337 398.041
107.962 388.353
357.069 286.008
202.23 203.388
60.8246 174.022
82.4179 357.484
27.539 390.125
301.17 180.515
409.037 249.43
222.191 415.551
143.763 444.348
285.648 384.672
30.8574 205.699
270.964 384.153
111.822 87.2718
86.1835 328.744
329.964 268.183
135.457 385.992
73.775 179.403
498.745 127.818
349.362 94.5582
481.785 179.438
495.164 145.75
261.646 33.5519
124.696 197.94
419.275 458.878
341.075 329.133
22.9325 481.882
208.492 236.801
401.097 245.875
466.397 278.723
168.196 125.554
213.891 89.406
269.363 464.996
403.701 112.814
4.73647 279.776
447.241 419.285
6.77183 111.882
176.173 282.591
318.472 156.794
487.878 183.855
94.3039 481.019
230.116 243.386
464.584 309.894
17.1371 45.6024
99.0081 109.884
260.07 324.318
316.458 6.02375
429.821 132.253
405.806 114.168
105.442 275.968
164.753 473.441
419.087 396.981
481.71 1.51035
243.528 350.962
386.252 486.431
155.882 84.1069
466.966 436.973
71.5535 7.29411
494.091 69.3425
316.491 365.824
351.429 355.557
414.08 422.301
188.646 449.868
96.4907 132.315
157.538 132.528
272.776 361.071
489.703 220.466
51.4408 94.678
127.461 388.625
360.198 237.796
497.975 444.966
185.065 391.663
128.886 461.154
158.847 423.427
13.1196 26.0263
428.336 272.918
28.2931 116.513
434.706 154.296
160.507 357.82
380.183 200.956
411.486 112.272
433.668 92.0331
409.926 441.788
306.183 441.106
266.274 288.616
273.525 229.847
443.603 358.416
77.0174 94.8384
212.641 358.686
151.664 291.244
48.1968 274.1
423.307 385.384
203.933 328.084
308.456 406.569
297.816 421.381
485.879 125.925
139.526 5.1753
437.253 223.232
106.299 111.794
37.5153 294.773
80.3541 116.166
67.9145 370.141
439.765 441.31
466.392 313.487
222.581 75.1754
246.832 214.86
19.4565 490.352
5.5697 264.833
130.936 475.477
8.22859 344.79
477.311 155.381
338.622 178.633
133.537 160.295
318.93 56.9951
22.138 401.749
373.506 436.478
145.06 354.919
70.3574 355.626
277.803 376.138
431.513 229.877
473.848 483.71
350.741 210.696
155.448 340.29
289.295 315.61
144.059 478.943
43.0899 115.26
251.27 461.045
401.832 69.8652
52.4809 466.598
136.49 203.529
22.5598 224.948
484.857 214.99
341.067 393.008
72.6979 35.8753
44.0727 177.386
409.536 427.589
211.82 169.578
362.964 276.458
482.983 38.5368
355.803 474.904
349.713 250.26
291.622 322.053
219.454 217.995
172.029 378.638
388.889 307.576
117.555 194.885
212.614 342.646
425.854 319.607
38.3952 285.292
259.377 297.233
258.481 152.525
92.0577 43.5608
416.624 317.184
140.259 189.514
101.212 161.241
348.189 436.494
118.806 420.69
65.1133 249.648
121.069 407.628
380.042 131.687
231.697 325.61
149.981 5.60894
328.5 187.285
494.693 8.66433
319.39 243.668
38.1418 107.376
477.824 317.178
16.7713 83.4916
386.707 467.308
235.667 9.17346
434.529 127.172
319.666 32.2182
70.1308 198.483
137.152 193.12
117.858 444.203
388.763 302.227
290.321 384.883
498.766 317.438
332.446 435.785
157.627 244.506
84.3331 180.157
48.2435 152.617
3.00864 386.246
115.561 58.2732
259.899 206.216
341.752 251.271
246.606 160.313
478.022 234.284
243.443 464.228
476.62 114.643
341.284 466.957
290.116 361.735
4.12537 427.87
461.642 431.256
203.422 436.481
6.56812 496.347
317.641 68.5871
180.436 453.056
183.145 407.924
22.6499 409.053
331.98 410.019
360.174 416.856
379.152 313.649
408.674 276.837
231.812 318.954
291.113 261.641
65.2785 244.555
125.629 20.8077
72.9586 194.344
203.256 390.811
174.536 353.974
240.872 372.319
481.471 157.741
259.584 107.84
257.368 128.206
410.474 379.47
461.975 7.19448
147.237 311.036
191.629 355.756
450.431 138.144
243.039 147.926
25.0994 27.0104
367.527 100.59
436.137 365.142
456.086 179.123
166.148 31.8999
451.582 44.2067
422.327 412.365
269.025 129.087
370.622 476.927
379.414 299.039
323.47 127.891
260.714 382.273
453.149 128.53
161.14 487.685
350.035 151.837
456.617 83.4002
222.64 412.434
115.885 388.84
97.5014 454.759
464.164 158.536
54.3379 389.853
314.322 28.5765
65.7899 384.432
22.2113 147.971
124.42 126.258
496.468 346.838
467.419 303.868
165.689 271.661
52.3647 143.58
160.76 432.867
465.603 14.4783
459.559 30.8612
294.279 485.852
103.882 271.011
281.324 125.944
243.281 202.872
455.342 123.346
136.169 51.801
181.076 210.959
199.576 17.0504
44.1644 134.696
336.604 139.47
415.69 340.184
400.547 391.066
178.36 233.115
155.17 124.453
279.377 248.021
220.104 201.475
78.0864 341.378
1.4052 49.5696
398.106 132.53
23.5409 451.946
27.9622 266.11
323.303 323.087
112.269 380.579
201.616 117.105
228.001 346.939
312.956 468.263
58.4925 464.663
277.263 434.078
484.146 488.116
357.927 222.663
269.824 282.403
92.0727 412.195
379.043 433.247
158.596 264.378
49.8925 163.019
93.9787 285.906
339.038 170.272
271.046 369.579
17.0769 408.231
399.518 266.681
426.822 167.215
416.334 199.221
56.7556 323.717
226.551 399.576
172.968 307.404
316.074 253.167
146.153 396.363
453.264 50.2997
455.71 306.738
201.759 14.0458
473.069 421.292
239.465 329.517
269.66 392.524
241.88 274.101
305.902 307.451
204.493 136.869
190.815 278.581
11.8075 498.655
459.653 155.676
337.819 355.743
467.034 49.8152
18.4294 198.448
295.135 285.629
75.991 1.39017
381.981 424.037
396.947 266.212
160.998 311.132
339.35 478.917
106.051 477.359
129.918 285.494
68.1853 223.102
259.337 221.029
427.445 438.29
58.2586 81.0902
421.928 464.634
472.668 195.952
210.372 113.674
19.059 283.784
383.701 1.26908
348.865 423.518
98.2521 229.643
84.4964 474.663
132.709 441.918
451.547 266.037
103.071 16.6564
335.496 206.153
354.907 82.6549
449.728 81.4951
89.0541 283.108
448.427 334.582
443.536 244.077
311.696 414.209
154.305 267.083
6.14309 364.833
409.01 31.7923
286.844 127.586
57.5323 326.213
151.563 313.615
494.637 224.969
47.4479 280.493
460.685 382.408
326.408 406.01
188.328 186.946
234.166 243.777
256.309 396.92
437.575 207.056
415.607 147.9
347.332 143.899
80.5096 438.031
463.175 19.4822
56.6065 174.998
88.35 467.066
388.81 92.1427
327.398 275.935
91.0488 100.981
102.246 103.742
165.814 87.5287
408.326 446.694
377.863 370.98
164.502 284.814
319.034 335.608
115.569 99.6273
140.775 125.997
414.038 431.775
11.6638 340.195
19.0143 216.19
135.574 10.7124
393.618 323.105
405.675 470.342
336.765 352.081
334.374 452.799
286.387 182.699
185.142 297.477
378.831 308.065
176.826 307.189
66.8472 375.609
151.408 393.86
357.969 136.879
61.5312 302.389
428.199 54.9825
156.124 483.432
49.6917 376.304
109.39 259.596
117.177 427.839
91.1547 384.555
332.099 262.925
121.831 388.88
99.5404 396.273
87.0131 279.276
164.852 160.856
266.983 65.9459
383.679 329.949
357.78 74.107
495.23 382.502
5.43327 475.863
404.427 279.414
305.486 477.561
401.133 166.95
485.405 298.732
298.642 426.217
95.7569 309.002
205.165 283.482
433.118 360.997
77.4323 427.113
19.0057 309.659
436.634 201.929
162.068 476.927
25.6831 84.1996
462.588 372.884
44.1863 401.917
49.0098 41.1889
301.62 424.952
69.1997 31.2611
302.474 113.849
53.3303 317.763
28.7537 322.3
378.668 378.404
263.983 277.666
211.691 434.4
399.21 455.589
351.637 222.117
486.949 456.858
158.823 442.115
181.386 280.57
111.397 416.407
57.868 129.024
17.1685 232.583
192.813 235.578
376.144 447.667
51.1453 357.985
299.306 326.69
191.777 351.072
131.906 354.987
198.965 123.115
104.209 420.894
125.384 265.886
301.619 485.619
422.046 438.497
392.025 104.958
157.718 201.287
85.4832 454.067
490.775 128.138
251.23 383.29
381.312 488.614
196.074 474.255
286.846 447.766
120.593 430.473
235.816 338.974
449.985 1.33067
116.475 1.35777
203.037 294.419
202.529 35.4829
398.848 51.7448
4.83002 211.521
462.301 25.6638
288.717 59.6855
459.217 209.2
34.7764 52.6907
321.015 63.9465
249.753 19.6301
1.39397 162.383
401.927 149.945
28.9131 340.732
311.533 268.606
103.983 54.2756
324.228 5.18625
204.783 170.308
344.911 394.961
107.834 459.586
224.63 454.934
199.302 378.481
232.283 359.884
441.504 279.39
370.348 236.271
266.744 44.5671
452.7 181.511
354.572 348.967
42.7175 228.722
317.159 379.933
332.398 315.85
25.4911 153.568
464.126 33.9633
266.004 149.386
449.643 163.624
49.485 470.319
363.207 327.543
272.765 397.805
138.34 238.736
439.294 244.39
248.292 293.942
199.914 133.574
237.887 401.43
358.457 204.36
218.761 178.577
357.775 335.083
231.952 253.782
49.1536 25.8864
261.082 283.247
205.094 330.724
212.382 45.2062
42.0387 353.656
11.9482 81.2187
418.332 303.96
411.259 88.3654
362.704 262.495
128.11 71.6809
171.352 223.581
165.512 210.051
368.282 414.501
125.952 476.953
405.283 337.538
417.433 129.174
469.501 389.223
232.308 44.3051
331.789 70.5103
33.5014 242.467
49.5204 498.542
347.492 477.671
174.218 135.802
264.986 436.478
96.1482 247.968
346.884 54.6831
225.654 474.509
409.056 371.824
242.092 205.528
204.757 457.716
430.843 56.745
292.429 156.006
358.837 421.496
422.875 283.602
403.698 198.379
457.74 196.47
387.362 409.787
350.054 393.321
139.553 421.893
109.026 195.006
422.021 381.641
480.814 146.121
38.3937 483.21
56.4181 118.169
411.085 436.238
329.488 108.754
367.37 388.749
19.0432 260.895
271.257 348.466
67.017 142.975
464.751 211.784
227.454 61.6303
384.911 60.2277
120.169 185.864
452.208 209.257
465.539 340.197
25.8875 15.3944
173.419 156.316
277.313 252.166
176.51 12.0688
336.176 330.635
74.5478 338.318
28.2697 282.172
319.354 486.778
359.76 113.541
127.649 336.072
46.744 452.787
379.754 208.689
238.198 64.4051
193.483 198.054
206.445 491.269
443.211 380.986
48.8259 241.797
273.172 33.8452
135.474 110.757
363.352 97.4543
314.104 485.714
228.479 395.961
494.917 83.3545
100.328 354.516
481.202 461.07
257.84 29.8056
239.685 415.131
364.41 466.508
377.056 441.931
347.992 281.738
351.994 203.112
35.6866 481.96
383.581 31.0241
41.1699 301.957
399.817 233.442
281.4 94.5682
455.39 299.307
236.02 191.239
197.659 258.328
261.778 266.02
248.217 436.046
192.737 257.178
280.829 436.923
390.679 395.79
51.7474 302.68
86.0861 343.091
444.947 297.304
366.519 454.045
439.319 234.432
246.994 385.428
433.256 72.9848
237.775 22.4938
410.545 463.625
271.846 292.339
144.999 178.606
328.181 93.1474
410.995 308.72
299.916 406.822
75.3721 140.893
331.681 247.466
474.681 346.191
384.065 251.079
82.1725 141.899
282.555 75.6259
47.4798 21.1773
360.797 140.781
237.99 227.681
160.973 262.806
241.095 178.897
380.306 494.545
309.66 97.2062
390.672 401.558
130.74 419.189
105.123 260.271
261.047 400.033
439.255 115.04
334.102 291.135
65.3358 24.7845
71.144 227.419
331.223 80.535
445.276 186.665
137.584 444.625
130.584 269.141
286.526 291.475
398.748 187.686
16.433 215.079
139.546 414.005
31.6143 19.9113
410.901 144.232
287.801 476.079
112 312.227
486.591 208.665
126.002 133.72
144.117 185.86
187.922 140.357
230.359 30.3222
312.652 249.466
332.845 330.658
357.206 247.278
429.798 328.69
278.906 226.855
354.952 275.483
53.9131 382.023
68.3736 498.685
229.502 401.433
75.4253 121.013
285.841 25.5632
421.825 389.363
2.02699 153.087
63.7844 321.81
451.656 116.928
487.533 365.012
337.314 50.7619
8.34848 488.2
313.448 207.907
441.283 223.891
260.872 269.252
384.998 297.118
419.414 88.9943
117.7 469.558
293.046 82.3955
171.709 361.826
357.326 322.448
288.314 79.6123
170.805 342.697
52.85 99.23
212.123 488.642
111.11 78.0777
296.068 27.8078
458.708 470.607
247.519 374.501
448.123 15.4958
381.294 181.437
498.504 90.6773
489.937 483.031
320.952 254.328
356.668 257.807
224.438 430.416
57.7513 281.128
216.373 134.289
287.313 88.4045
147.957 207.33
134.381 393.196
222.748 42.5182
403.442 29.3688
193.261 72.3751
361.324 211.083
56.3289 275.844
351.253 439.783
85.1273 39.895
406.699 219.474
235.066 423.239
112.024 498.023
352.463 370.069
441.455 340.221
367.11 350.375
347.817 454.274
207.964 425.913
440.678 58.355
365.658 108.51
352.343 496.591
282.906 476.105
2.76296 453.472
17.7486 64.3647
259.202 320.898
240.144 218.621
301.516 46.0859
186.396 164.833
266.174 311.506
416.406 217.158
498.287 206.183
173.308 79.1416
238.225 9.08813
71.3292 410.177
361.482 226.153
476.022 272.966
152.264 465.662
453.003 76.6472
406.618 363.454
48.9729 473.481
406.657 166.203
424.518 253.186
72.723 273.021
193.866 30.6112
433.809 434.841
323.513 381.958
180.384 353.836
116.692 79.1208
393.142 408.646
497.546 23.8467
128.78 258.059
441.747 131.305
90.6441 366.977
397.68 79.1411
148.939 293.434
267.634 485.5
13.5806 468.98
376.995 86.7302
358.703 370.666
381.146 351.477
16.1232 241.739
93.6126 220.693
380.777 20.2186
54.126 170.202
231.277 406.22
463.588 335.646
282.24 324.99
31.4698 169.331
249.614 327.767
106.874 273.291
221.361 290.597
234.562 164.77
365.607 63.5746
385.007 386.801
408.309 96.067
457.106 489.944
373.76 38.1544
301.473 293.355
90.94 380.72
231.917 16.6035
79.9663 193.776
338.351 317.833
224.658 380.916
159.069 413.546
328.524 430.468
307.76 446.135
183.573 41.5662
57.4708 46.3224
395.081 131.101
309.784 453.38
175.344 487.258
113.811 222.565
2.17191 436.659
113.302 117.958
441.504 165.856
4.5206 45.2253
305.252 380.393
453.211 234.64
73.2743 27.4286
446.083 92.6085
422.324 237.058
93.6486 467.937
397.802 486.494
274.493 391.362
134.121 192.337
189.202 293.766
22.52 419.71
307.181 85.0148
352.305 26.5472
255.172 276.892
162.383 73.7827
304.406 95.1289
254.506 376.236
360.802 105.4
379.576 323.965
69.5667 141.238
283.617 122.947
118.755 168.928
498.634 31.3523
303.82 442.376
248.687 278.182
107.339 434.747
377.291 275.38
442.418 363.188
100.281 157.466
40.9065 488.842
163.106 454.936
474.051 191.916
256.926 471.683
199.194 304.13
59.6645 28.5304
296.34 4.90393
299.433 298.876
406.302 258.151
433.106 253.966
319.28 289.927
48.0823 120.262
125.189 405.05
248.691 100.723
82.8341 449.462
212.393 193.878
373.87 136.583
283.588 282.117
46.0182 200.547
45.1085 388.502
392.902 135.645
282.2 144.689
256.287 42.271
274.476 19.0628
358.402 462.758
439.432 218.32
134.88 180.396
154.684 55.4204
264.866 302.089
47.4487 394.667
474.028 120.125
56.331 386.675
181.486 385.392
49.281 63.2443
28.6981 453.445
462.117 163.198
384.531 18.7109
130.878 165.286
405.489 357.251
236.2 137.687
49.9698 395.583
84.9867 284.893
273.152 192.433
213.96 2.40016
337.62 443.552
271.663 112.487
56.1206 165.389
166.046 448.27
19.5225 176.555
156.738 495.248
309.028 442.525
103.32 302.855
291.841 250.698
281.746 334.568
111.713 296.192
475.091 194.336
118.007 86.8697
375.845 308.74
405.62 203.873
336.335 188.871
305.734 160.251
140.429 73.2653
110.922 61.7054
450.13 220.776
36.2696 195.039
367.349 397.268
240.496 247.748
343.779 153.797
477.525 314.451
112.763 444.779
135.228 287.978
402.911 465.386
96.7671 296.284
113.774 231.305
471.263 30.8702
112.876 319.055
384.785 201.417
346.469 471.697
70.2936 186.114
427.56 210.63
324.063 418.562
125.487 482.071
72.5749 359.735
353.358 403.751
264.111 57.5394
41.3827 372.708
335.185 394.624
432.915 281.627
352.656 107.563
45.5228 381.097
131.501 92.0227
416.014 244.611
77.2284 312.452
232.331 310.894
249.807 396.538
455.356 331.22
312.099 321.66
307.337 121.601
67.829 156.537
430.456 338.92
460.596 456.383
81.1695 167.85
80.8438 180.309
323.659 452.947
422.013 305.786
498.297 436.703
19.5223 58.3453
306.241 437.811
408.186 266.675
59.405 122.195
69.324 433.622
53.8911 75.898
267.123 377.618
298.331 51.8526
452.075 462.601
339.968 265.587
308.177 435.725
475.763 138.527
252.876 441.39
82.4117 331.477
438.432 61.0469
72.2644 76.736
106.656 341.261
294.788 279.376
408.402 27.0296
181.554 296.14
458.91 235.545
272.362 269.128
29.3178 237.809
119.268 487.393
80.1947 173.545
70.6437 104.692
383.587 465.023
219.878 71.2972
298.088 417.504
175.877 7.7482
55.272 443.194
378.709 259.513
286.75 245.656
369.673 277.138
445.973 225.04
182.814 33.0589
46.9652 456.523
137.284 453.985
216.853 414.102
243.244 432.527
401.241 474.754
116.258 225.971
224.149 298.391
320.535 341.895
392.234 443.4
35.1763 100.411
380.761 198.261
34.8791 1.24167
379.25 395.1
258.165 17.7662
185.737 362.792
235.837 412.098
140.631 337.228
475.704 105.746
64.927 184.443
155.335 218.195
386.173 452.857
437.848 53.4274
355.279 375.425
420.685 339.546
225.903 138.753
314.799 446.236
25.8649 467.117
120.235 206.591
247.288 356.377
281.331 315.642
390.208 145.325
419.067 94.2939
482.644 234.391
294.319 249.596
238.798 465.466
112.954 431.12
95.2857 235.234
155.143 418.205
395.542 261.799
159.878 159.558
246.079 448.397
340.616 420.982
170.199 210.825
136.704 90.2303
441.348 412.24
272.715 498.624
336.357 162.945
157.297 468.92
28.7314 458.536
170.567 1.34857
350.411 12.2953
431.598 174.682
254.846 146.559
162.366 25.1638
85.2343 113.881
219.259 1.49811
297.147 475.01
224.651 159.806
322.917 181.24
212.683 287.573
284.875 43.6466
443.5 148.067
209.662 318.8
461.848 377.274
312.775 55.5032
369.24 246.247
92.0674 206.634
465.842 55.9342
38.1452 432.054
412.278 224.135
321.593 131.454
299.288 149.063
285.919 171.997
481.907 141.563
48.2723 132.087
295.476 461.404
293.133 139.871
330.617 127.457
493.03 376.259
12.0859 21.8892
282.683 227.739
157.096 353.427
376.842 243.143
215.353 59.4958
15.3842 209.294
484.09 184.86
183.53 37.877
123.759 54.5008
124.342 345.158
317.322 404.239
205.698 446.798
341.166 378.552
113.167 403.848
261.403 222.664
353.859 161.589
405.4 252.647
445.307 266.783
412.457 70.0055
6.53984 443.774
251.35 233.445
276.743 277.638
323.695 428.634
455.691 20.3232
279.422 417.43
255.866 436.984
258.195 46.7157
98.4585 162.447
173.692 403.005
257.973 171.565
225.084 181.266
157.96 459.866
342.769 99.667
468.248 207.243
94.3847 231.452
269.293 158.242
178.131 304.092
15.7674 181.379
158.388 14.0365
461.695 76.1451
108.525 132.058
222.603 246.741
291.614 245.443
263.062 466.01
407.84 41.8781
307.525 466.697
375.694 165.449
145.335 75.5587
486.625 117.912
456.19 3.71301
76.49 279.068
264.547 413.504
242.236 313.31
125.617 167.372
343.016 223.816
443.393 283.805
266.24 339.789
428.25 123.503
442.563 72.2424
326.414 386.503
328.296 302.411
244.305 172.262
245.472 489.518
432.654 66.3721
322.66 222.341
411 477.075
365.268 493.43
453.364 60.9157
277.799 166.179
165.197 44.9657
353.395 421.019
188.414 481.179
495.701 151.835
187.973 498.238
489.383 388.066
102.222 169.543
155.1 20.1362
360.613 441.003
54.2211 419.923
25.6871 261.965
55.9975 145.013
410.545 410.48
476.085 492.825
493.162 351.212
56.5137 491.744
393.678 359.431
485.277 267.006
385.273 232.68
222.525 48.5324
424.257 6.76017
437.746 286.243
65.5077 457.182
160.681 332.553
445.449 343.429
273.961 223.238
352.369 249.779
382.164 86.4228
417.685 105.962
29.2411 318.63
383.839 470.588
424.837 498.612
315.267 343.647
118.513 93.4117
69.3097 337.848
21.9674 354.373
451.758 419.252
85.183 270.938
126.537 43.5443
347.549 49.7591
236.15 489.48
134.105 422.098
216.226 62.3654
407.874 234.993
229.538 97.3216
60.2824 469.42
207.088 437.944
383.932 451.531
308.568 42.5374
109.565 219.295
433.967 64.2075
155.436 321.744
403.843 377.686
116.188 476.133
383.272 285.182
385.532 480.528
233.304 187.023
228.409 406.64
490.871 229.595
368.561 251.676
452.236 446.649
251.547 62.3974
182.241 396.056
495.019 213.668
298.84 321.982
69.6261 97.5938
174.002 112.384
341.826 306.044
220.757 349.441
229.138 159.83
295.55 254.112
242.005 80.6258
375.386 160.35
436.088 44.4596
424.544 434.998
180.66 247.017
111.158 375.707
117.993 472.313
312.706 347.451
483.222 3.5557
303.682 67.8152
13.7206 255.477
348.971 335.373
73.5975 350.533
152.929 296.414
125.855 304.657
196.202 279.782
212.178 233.994
65.2736 448.177
357.604 70.3517
223.073 328.035
326.331 80.9417
398.871 198.227
280.255 343.807
199.847 249.221
414.614 193.395
427.083 378.531
185.925 403.35
225.157 258.171
169.107 487.356
458.842 414.049
104.816 120.422
466.935 189.151
164.795 328.983
438.055 446.713
224.545 73.2852
144.365 332.624
51.0842 51.1301
233.633 483.167
157.569 151.487
68.292 37.4318
75.1738 61.6351
352.681 335.956
255.166 306.128
271.855 36.9271
130.888 426.006
254.128 408.933
422.605 8.96054
429.312 14.1596
16.6518 220.539
442.36 436.976
348.408 233.736
318.28 489.868
442.793 90.9722
367.49 227.117
312.801 401.689
397.123 471.676
23.8569 230.202
85.267 353.813
458.902 389.954
57.8821 78.6013
144.065 340.334
429.015 432.615
60.9101 166.358
419.957 45.1608
401.397 456.746
472.345 148.24
323.471 18.2136
306.41 196.722
153.16 72.3784
324.445 45.9982
148.117 489.223
451.325 160.225
371.818 93.609
35.4996 304.846
301.385 481.672
273.607 13.3993
89.5985 213.076
1.25721 66.2675
496.293 440.403
469.196 391.738
170.293 232.183
152.146 152.1
376.472 472.791
332.131 341.096
345.065 318.918
66.3908 319.237
40.4396 406.326
171.154 120.118
325.416 54.3756
431.551 179.789
480.359 32.9622
431.596 403.988
4.26896 412.319
7.97752 438.694
337.007 24.0007
24.6282 346.768
431.46 351.304
10.7661 227.348
39.6277 282.635
390.115 409.68
117.175 255.154
76.7083 269.432
93.6097 48.0445
223.817 266.942
327.841 66.2569
380.403 247.084
226.292 372.995
402.858 274.261
396.585 430.479
32.83 286.698
125.396 175.533
86.8543 245.42
402.548 215.031
8.34379 459.547
200.256 317.743
469.195 498.712
13.4226 10.1135
438.34 421.566
224.807 241.567
113.993 41.9069
97.9969 219.485
70.5522 403.124
36.519 342.403
463.749 198.027
209.314 309.494
220.893 213.131
496.078 325.214
275.007 209.301
489.774 85.2309
296.2 10.9937
407.439 487.173
246.38 87.2437
79.7416 92.5202
211.7 120.965
215.71 479.981
127.872 395.055
79.1588 256.687
200.402 105.112
415.635 462.212
138.937 151.671
334.296 294.584
103.087 389.446
9.09553 90.3675
210.377 50.3365
19.7887 191.243
345.766 206.544
194.013 380.69
267.104 11.3757
423.191 113.521
347.033 381.222
8.10902 284.261
230.516 103.399
16.4065 332.596
119.054 131.013
34.8738 31.8032
86.062 496.378
185.387 191.721
313.408 294.192
230.637 354.742
489.219 16.7
229.493 274.919
81.7811 201.751
138.784 210.749
337.171 258.432
65.6615 324.269
153.121 278.706
47.8122 309.605
188.965 52.6989
73.0784 282.435
245.588 26.3267
362.708 42.8378
82.1959 443.304
352.531 52.509
473.224 108.023
433.942 413.809
324.453 328.218
1.24339 319.455
354.42 23.3404
412.62 17.4519
140.156 117.99
102.265 457.274
114.861 53.2452
475.32 131.775
469.164 421.204
76.7963 150.681
309.001 230.267
262.472 384.563
243.436 482.793
170.032 179.821
46.537 361.248
337.379 363.634
69.5713 422.499
484.516 81.4464
1.33662 79.3945
333.912 150.85
325.035 378.108
123.693 402.568
249.35 12.3023
18.5332 103.528
45.6558 232.818
490.544 270.905
151.973 398.376
416.175 369.529
18.3583 185.403
21.114 116.389
447.438 232.305
111.835 287.584
43.9951 479.458
63.9571 164.611
72.2462 252.423
403.766 62.2367
327.434 442.936
240.739 424.664
372.366 355.347
411.506 367.697
75.8407 79.1361
493.059 106.264
329.758 46.4867
48.1959 204.871
237.001 382.839
349.152 389.907
1.2428 283.61
477.119 42.032
211.246 306.009
429.319 167.565
419.8 136.223
27.8865 171.843
276.441 302.55
440.266 238.348
132.849 484.427
449.365 188.188
79.2763 199.538
194.129 290.915
193.494 479.06
194.283 178.001
353.583 140.631
219.596 16.0965
290.34 218.975
287.246 157.772
25.0245 315.126
188.541 205.973
143.864 329.71
125.037 58.891
338.324 117.687
1.43551 213.64
394.042 162.904
323.3 212.732
76.5684 83.0245
433.408 469.601
366.975 323.61
7.91348 131.51
44.5466 80.0988
211.411 277.247
44.894 347.99
326.693 395.887
236.06 30.7678
296.622 81.2199
304.79 369.785
302.067 346.352
45.4692 16.3867
434.023 230.464
92.3682 174.438
40.7419 494.991
488.846 328.763
117.509 112.745
390.686 208.792
277.539 358.937
456.163 319.955
160.025 369.867
402.242 282.483
162.633 233.024
323.668 407.488
207.147 51.4965
235.366 290.295
478.254 98.3586
429.517 108.492
426.546 82.1237
60.485 457.077
272.766 160.918
456.266 435.788
19.838 232.484
443.761 102.524
33.7407 453.907
493.479 238.877
240.115 123.53
41.2765 340.111
256.497 271.985
162.57 184.819
20.834 123.017
451.736 317.219
433.055 300.635
85.5815 153.428
285.78 486.107
117.186 347.829
205.567 4.94912
357.595 94.7154
135.235 221.17
191.849 110.441
474.162 180.561
237.175 377.722
330.209 471.482
67.5877 146.083
284.38 329.662
351.904 245.43
296.903 353.569
197.228 186.375
335.167 496.09
355.015 85.4846
9.99732 210.433
381.008 374.659
269.314 495.543
154.352 169.53
100.081 75.7039
450.091 173.182
194.612 89.9312
159.932 147.007
242.177 391.624
237.781 27.8119
217.4 345.573
148.055 160.811
198.065 294.519
1.33119 356.949
469.849 303.301
431.409 479.166
210.072 382.975
112.395 121.785
459.318 158.989
460.009 136.209
199.403 298.423
167.079 381.511
122.776 11.4445
460.374 243.764
266.645 275.878
92.7687 344.833
334.481 387.17
481.665 55.8229
426.137 267.86
448.336 32.338
294.582 65.6281
468.981 431.579
28.7372 462.935
328.028 285.695
474.451 253.568
386.467 393.576
39.1913 25.7221
320.512 415.405
294.223 68.7757
414.457 79.8406
285.97 431.691
169.375 260.295
372.926 390.941
400.25 351.338
127.48 66.5448
274.869 55.5756
226.007 94.0524
49.2597 326.1
73.6056 122.726
348.017 71.061
154.312 50.2758
301.624 338.948
385.439 438.507
294.071 412.959
319.815 350.548
216.888 450.19
125.015 436.287
206.894 344.879
395.974 254.685
343.716 8.46534
169.339 444.402
72.0703 14.5206
244.82 416.365
39.5156 319.123
154.763 488.079
182.889 438.694
268.576 124.807
475.782 277.502
256.586 338.52
10.3986 142.376
86.5604 144.849
460.16 425.519
229.054 491.068
38.269 165.446
89.9901 332.685
334.554 100.94
282.191 67.9598
187.294 337.659
232.976 218.109
458.545 172.521
21.5671 73.849
296.27 232.538
128.099 383.773
18.6703 393.064
330.951 191.504
67.9555 52.1574
138.656 478.581
301.862 248.103
194.633 273.143
236.808 336.351
437.79 83.7887
180.943 130.089
380.381 175.898
267.685 336.194
68.3955 479.572
125.342 324.431
66.0654 341.36
128.309 159.88
325.199 296.259
326.383 3.53454
161.817 68.4546
309.373 281.722
164.248 29.8782
253.735 168.509
25.4955 397.141
467.657 247.653
375.241 194.77
268.361 441.213
389.395 35.8329
79.9418 301.717
419.206 257.927
16.0661 16.9268
8.5678 380.657
324.862 433.715
461.189 343.097
368.771 44.1215
110.558 12.2209
214.551 408.686
207.762 227.034
145.188 272.859
229.129 1.33899
430.385 275.666
277.219 366.555
104.163 255.843
83.7269 482.311
121.773 448.849
153.007 98.8654
451.318 203.465
8.91028 475.682
326.998 422.816
157.81 235.349
321.393 449.433
48.696 338.09
298.084 485.781
189.591 71.8587
345.123 389.271
392.092 446.825
367.765 481.772
219.477 409.376
320.876 236.055
457.89 300.572
373.785 118.18
144.201 302.921
35.369 91.596
340.451 139.541
486.893 188.613
171.12 227.146
178.19 345.526
419.941 452.394
401.251 56.7736
167.793 193.123
161.638 113.908
324.728 463.415
453.214 280.005
66.8391 78.2216
279.421 457.303
145.772 138.412
43.0364 445.363
414.407 347.402
249.36 487.669
227.523 13.6945
207.026 430.784
377.949 169.325
42.5229 63.0428
144.342 165.392
348.45 215.44
284.351 31.8716
104.166 94.2038
415.133 374.123
269.367 137.425
163.143 108.362
17.5146 98.7676
294.777 438.718
26.3061 167.766
269.817 345.059
133.442 236.988
408.578 297.044
489.91 311.678
389.866 230.101
367.311 341.751
213.072 150.161
64.0394 42.852
13.9851 200.989
49.2266 437.276
252.922 197.8
319.421 39.7863
210.394 9.63257
428.528 254.572
58.0682 68.7444
132.773 329.347
399.947 421.323
232.497 177.369
347.203 352.046
230.625 62.6542
205.875 364.129
189.896 286.424
319.874 187.935
188.463 375.954
413.658 59.491
361.709 348.937
381.285 405.506
129.485 458.137
193.494 213.282
437.839 402.507
210.749 371.196
392.032 495.803
488.314 232.041
43.818 314.874
122.489 289.548
240.961 405.346
110.595 168.564
247.983 489.861
327.377 261.162
21.9006 308.945
56.1676 328.858
131.758 336.577
269.905 296.289
188.507 318.547
6.7301 372.333
281.046 373.042
45.4844 266.061
415.024 232.262
87.8674 305.967
117.284 305.865
418.441 366.314
347.038 74.3266
262.295 214.563
274.659 341.003
363.924 254.397
127.397 146.729
390.344 371.772
488.67 104.397
417.2 202.152
50.465 425.558
195.16 333.725
161.011 119.178
215.254 322.971
182.609 380.505
6.14468 274.502
253.516 26.9239
402.192 36.163
240.819 397.595
215.548 472.215
412.887 48.943
264.307 136.299
356.78 173.651
281.65 28.3579
215.839 303.598
345.954 372.356
366.556 316.305
82.6805 311.654
81.0801 3.2054
495.234 177.284
495.653 181.955
358.661 15.7928
13.8119 39.2766
52.1892 448.981
97.3994 281.096
335.124 437.255
136.444 347.277
147.207 117.31
186.126 281.837
498.31 28.8729
485.448 361.625
125.182 189.301
124.294 152.823
391.438 180.332
57.4074 494.538
380.101 54.5086
465.8 417.186
498.744 468.206
264.975 459.017
470.005 242.728
21.1465 21.3498
76.4148 37.4132
333.54 44.8465
409.458 141.557
241.98 471.748
111.305 476.487
436.131 182.22
176.026 83.673
203.881 285.742
157.438 222.743
132.495 127.459
240.873 200.696
363.314 154.053
135.974 321.465
373.701 271.824
257.487 361.437
345.689 138.439
334.508 126.898
113.473 193.979
483.643 404.679
445.802 488.723
431.408 492.838
130.631 183.862
476.346 47.6606
17.0804 375.779
137.16 341.911
330.433 89.5562
403.077 233.054
229.723 473.854
353.746 360.746
70.1084 493.404
479.493 119.196
34.0168 418.784
480.31 91.0901
131.949 195.394
66.0461 263.079
468.977 119.146
95.3713 240.405
223.5 176.752
87.2936 156.506
239.695 176.043
328.461 52.5761
12.7484 314.018
24.4419 160.097
69.4429 63.7775
114.452 71.891
306.803 19.6173
117.158 380.725
142.33 255.637
364.347 288.524
452.593 20.2583
272.468 83.8884
14.511 325.755
413.607 309.297
133.041 33.4994
366.665 277.391
324.333 348.061
384.222 23.5714
340.248 451.658
423.821 365.301
282.19 264.821
79.555 421.035
279.59 18.6443
45.8097 98.9252
447.745 42.6915
208.727 175.712
261.496 232.308
309.966 6.18966
166.411 289.853
320.476 107.014
422.926 475.449
18.0322 24.5616
107.207 251.234
477.851 291.426
386.117 74.1919
465.848 79.3869
339.961 223.74
378.434 113.13
164.028 135.523
469.12 68.5295
132.352 83.5321
181.227 35.4992
155.421 414.534
1.86269 116.466
4.47864 328.833
310.645 435.64
493.023 58.5849
13.3115 115.674
407.769 170.487
360.238 376.294
346.145 337.898
24.4951 266.219
97.0574 167.28
102.153 306.327
442.373 323.68
435.736 417.947
240.043 40.7462
443.178 214.918
140.177 39.0054
174.207 313.089
106.448 496.072
86.4272 447.942
147.155 203.979
146.799 435.636
191.517 334.233
110.987 352.77
247.329 417.37
378.707 284.721
144.155 486.474
101.636 249.346
163.744 413.528
228.417 411.703
221.686 88.0488
458.064 182.713
324.153 172.414
125.108 444.909
133.92 373.95
418.359 326.553
342.924 281.333
405.878 394.653
103.528 225.262
62.9797 60.485
235.059 228.678
253.71 151.334
214.488 97.5604
71.9456 47.1282
271.172 170.073
458.007 458.107
254.042 420.223
80.936 38.9259
497.625 320.144
264.227 106.126
342.971 435.4
404.574 106.545
110.38 323.339
431.442 115.346
231.361 458.233
438.993 295.728
114.606 18.7247
113.479 144.171
71.2676 280.358
13.8527 251.131
148.361 382.745
57.8216 19.6445
451.275 306.58
198.19 253.457
128.256 275.218
444.025 426.527
460.069 401.254
21.1075 474.724
254.039 109.462
268.852 188.548
225.027 340.924
404.248 122.143
489.438 47.3232
444.973 150.599
332.809 343.785
175.549 117.898
141.183 461.712
134.307 122.533
171.805 412.331
48.8867 459.014
306.412 277.2
468.418 294.924
54.2376 288.155
226.799 466.277
393.925 235.098
98.7608 477.357
97.5463 364.927
294.176 173.074
70.4502 133.168
295.685 209.025
219.25 6.9089
375.564 182.117
68.4902 161.853
279.025 58.4587
223.361 378.035
255.208 174.791
395.061 403.429
210.171 139.772
14.0655 388.507
120.863 202.042
248.251 171.918
404.278 345.458
158.866 387.5
406.803 91.6507
432.137 214.396
126.918 18.4039
123.215 258.073
184.266 56.2635
488.812 480.091
19.2915 75.381
97.4994 224.226
1.26116 312.721
71.3457 478.426
288.487 1.83412
228.141 388.172
287.304 51.1679
182.205 349.989
73.4346 204.245
65.2473 8.24365
181.165 54.3775
158.341 302.448
308.637 431.022
266.044 325.392
105.444 479.885
405.158 398.601
32.7945 166.028
469.504 319.472
373.085 463.257
179.988 450.044
21.243 6.62968
309.072 169.74
117.337 8.18299
314.641 107.159
238.361 371.907
63.1235 307.118
460.252 213.763
248.599 36.4806
493.094 186.409
127.693 179.257
250.577 477.282
492.036 259.401
170.421 28.7566
328.379 105.401
244.225 278.011
233.591 127.227
195.511 218.328
308.68 312.679
353.335 57.0269
358.155 159.775
194.688 124.818
90.7363 316.547
21.1416 68.3894
106.548 415.886
420.14 261.361
15.5368 90.3098
400.534 432.622
9.77434 112.355
489.037 412.14
277.89 258.463
36.503 458.403
440.41 267.271
52.8373 37.6355
87.4031 442.138
439.664 486.946
210.799 464.736
258.163 55.4937
228.821 25.5642
4.27005 432.085
192.751 360.102
386.009 377.857
108.987 366.887
377.193 98.6432
335.732 213.408
203.927 484.466
402.447 290.795
314.322 437.07
198.681 340.833
95.5667 113.718
37.7944 421.712
122.63 128.198
357.09 230.419
142.921 226.47
498.715 310.902
324.96 36.9223
295.283 195.939
75.6102 236.265
157.737 129.866
345.693 4.49356
256.905 35.3122
39.6635 430.042
389.549 331.392
378.44 456.774
193.235 189.704
217.585 49.5738
354.413 132.983
331.711 482.066
361.146 135.133
415.741 10.5817
367.957 352.831
287.392 325.882
10.9505 413.16
343.801 423.019
397.901 68.9384
15.5858 155.128
450.248 21.3948
191.657 42.155
181.464 417.785
480.602 219.559
34.0939 271.535
296.18 356.28
448.114 270.243
482.054 369.247
97.1988 408.422
1.25914 464.312
323.561 142.639
396.399 220.752
48.4975 288.301
444.921 312.058
60.7652 137.083
108.115 299.46
295.44 165.711
182.791 341.603
43.5108 111.595
422.07 20.1767
259.875 158.886
160.815 348.88
127.73 138.647
477.785 150.447
314.899 182.062
475.67 203.045
432.749 354.22
405.726 43.3155
405.914 128.93
351.158 488.603
265.038 17.0889
206.146 189.832
436.315 122.423
458.946 14.3626
483.963 427.029
171.102 148.751
287.4 468.624
213.023 145.058
484.183 410.113
175.879 42.0726
245.913 41.131
143.625 210.132
363.042 67.3509
5.03791 422.256
204.202 232.391
27.7179 212.327
43.1267 291.244
97.4449 492.637
272.344 330.6
62.3611 238.081
391.067 377.171
458.699 394.04
347.458 329.291
393.599 141.384
377.878 55.8266
74.977 182.008
96.9824 400.226
224.778 452.231
309.184 233.3
294.087 220.642
273.426 241.715
419.441 350.458
70.4739 258.242
416.704 313.727
175.261 161.423
3.50696 183.968
470.631 1.31306
446.693 421.93
490.262 265.243
139.234 497.944
264.351 468.66
275.203 185.012
417.884 120.512
307.995 351.357
128.265 222.13
321.748 152.473
233.178 66.7914
463.379 176.564
305.537 342.711
333.809 177.338
429.233 1.25959
366.678 193.787
350.223 409.998
400.778 40.7022
291.485 403.335
491.233 442.824
188.162 354.018
142.283 101.786
7.9882 72.1311
366.18 423.071
424.892 485.317
161.641 216.144
72.7436 240.781
54.3755 262.924
237.972 45.9641
186.693 44.6361
213.534 361.375
137.655 291.849
346.304 303.093
448.313 368.017
101.69 109.672
251.451 495.223
135.896 310.273
304.453 429.098
285.722 161.314
466.916 263.899
231.765 90.1503
418.257 153.544
140.693 298.949
407.54 9.47259
44.0351 125.347
284.064 80.4602
483.169 312.905
387.561 196.437
482.605 423.05
55.6379 429.831
223.467 183.99
112.549 321.727
267.108 344.702
201.604 258.979
60.6813 97.6802
198.964 497.973
257.153 299.782
363.063 163.239
196.281 131.11
106.567 362.999
265.956 31.6116
255.401 373.307
251.162 54.2382
51.0023 123.974
186.568 434.423
371.843 61.5836
304.048 22.1842
320.08 296.656
8.13166 19.8856
152.859 29.1917
274.802 102.838
261.026 353.074
77.5233 41.5252
432.25 432.19
363.147 339.364
1.69935 402.545
111.591 459.73
441.334 454.138
482.842 122.041
84.4527 247.673
120.101 353.953
426.269 291.343
9.94203 74.8784
355.834 234.476
339.719 464.705
411.751 133.805
298.852 84.3465
392.385 297.782
124.074 407.476
257.791 309.442
79.7741 132.132
187.897 111.696
458.747 498.749
325.611 483
277.862 261.351
451.104 183.706
443.99 111.861
242.903 131.992
1.50496 363.389
290.073 486.793
219.331 265.784
38.9951 92.1793
325.56 196.811
31.5661 394.086
379.245 196.276
297.118 429.562
258.1 78.3107
403.225 334.457
343.575 27.1449
455.216 34.8842
386.592 447.518
10.2872 191.596
44.0862 375.957
484.748 437.294
257.351 292.529
13.0146 70.9203
125.75 447.318
112.278 348.381
163.767 10.6199
199.853 216.978
163.94 418.592
400.599 137.643
362.964 498.311
332.59 320.427
333.076 201.731
268.045 454.744
31.3548 229.572
241.72 285.593
55.7933 350.674
224.463 110.376
156.165 206.662
198.906 425.61
378.382 222.023
16.6346 211.822
259.233 387.573
193.116 59.3845
253.867 68.3492
229.15 496.152
85.0696 49.6653
334.453 404.8
410.605 211.116
368.4 119.32
118.235 74.3289
388.943 286.743
209.33 34.048
498.506 470.677
120.434 340.159
182.916 422.685
55.1451 56.3007
26.0762 300.381
429.864 457.261
127.963 310.506
384.18 365.671
364.922 31.537
74.6539 385.427
119.195 364.045
319.015 152.47
15.3816 103.392
411.718 468.827
350.012 7.67758
40.2029 448.024
484.921 136.784
288.835 292.963
327.63 491.136
280.967 170.037
313.369 363.7
471.768 409.461
231.647 95.2643
47.5704 80.9077
436.357 435.668
229.718 369.688
290.737 215.332
430.423 240.5
38.2759 56.7775
310.719 484.038
48.163 416.238
86.786 227.27
27.8022 12.2473
12.9003 93.9725
232.823 463.619
109.714 398.678
41.9847 174.045
426.819 180.983
129.914 406.723
223.173 407.517
309.323 104.28
453.501 188.993
218.911 170.423
48.3712 213.783
65.7097 469.185
469.8 201.742
26.0158 336.225
76.799 250.122
422.321 251.401
120.063 91.416
413.049 313.307
82.9451 23.1152
98.741 343.348
114.299 136.881
154.615 24.3832
436.906 7.74847
244.61 330.209
220.57 391.819
472.713 449.473
316.209 418.39
342.935 193.821
86.0425 489.909
122.735 271.574
223.318 283.164
391.308 327.145
7.25423 260.23
162.789 100.395
472.573 488.623
268.455 262.075
292.503 258.82
455.551 211.807
130.802 45.9599
211.437 1.28387
102.474 416.413
432.266 316.353
179.744 483.262
412.42 402.141
297.574 414.103
427.388 41.535
271.856 372.147
230.554 171.644
473.721 90.0086
367.639 204.605
338.592 453.82
351.174 120.43
117.058 161.602
467.719 162.439
359.845 382.34
365.235 390.962
480.844 106.595
192.321 303.559
383.784 227.808
106.734 393.524
212.709 34.3027
96.1082 137.815
268.138 179.182
196.166 374.322
457.405 47.1584
478.137 21.4084
340.265 128.435
366.187 224.682
202.267 180.242
106.29 191.726
70.4462 332.976
345.393 202.626
8.72553 167.501
110.578 480.049
246.435 108.88
316.818 310.614
168.16 188.338
197.248 15.8122
302.79 464.91
395 83.6852
419.969 320.212
482.374 253.463
389.841 168.938
462.117 325.244
384.233 321.912
170.717 292.58
135.236 368.939
436.338 296.812
58.4259 296.08
467.886 114.874
93.9088 425.022
349.105 377.582
371.708 168.411
459.149 435.768
479.813 103.3
108.816 225.77
278.327 99.1602
319.157 267.941
221.146 496.072
490.276 490.167
262.778 47.5036
235.898 409.533
55.9628 203.036
128.325 353.795
268.645 51.4218
56.9857 51.1724
464.696 215.317
338.318 131.597
241.16 210.463
105.927 227.775
184.122 460.526
243.946 216.889
248.761 452.596
129.369 81.8781
152.058 487.066
152.837 349.356
220.679 477.653
470.266 283.517
17.6162 345.324
349.748 91.9748
28.6366 140.964
348.146 159.788
342.54 365.053
277.927 485.159
445.817 315.976
329.547 354.971
362.554 407.283
101.47 152.561
245.734 424.757
87.3469 298.034
208.126 13.8728
94.4948 377.66
87.9084 184.327
412.201 338.748
230.99 411.339
102.545 83.8259
392.021 201.523
324.43 496.492
141.101 399.038
308.262 366.145
356.958 169.948
61.9067 466.265
289.876 263.992
371.68 274.172
36.7583 416.867
412.822 107.929
98.2915 124.711
61.6336 128.331
378.355 172.521
490.308 142.7
363.39 346.474
325.573 271.323
18.9473 485.26
190.044 193.7
237.803 148.246
190.756 15.0914
12.4782 303.38
461.764 44.9246
262.029 486.811
96.5319 325.008
475.274 206.819
260.279 239.357
86.1278 395.29
295.736 127.342
462.56 397.388
225.154 368.65
300.148 135.211
214.511 142.174
305.574 8.17986
133.351 352.815
403.929 200.887
114.749 408.527
351.519 194.181
339.099 173.51
330.432 225.246
96.189 79.6217
116.924 121.929
411.937 20.084
112.373 48.9107
426.481 185.551
70.1138 307.213
157.621 100.829
63.972 360.584
414.022 411.801
23.7743 380.983
184.089 151.328
156.388 274.842
224.775 80.7402
378.792 446.558
420.932 461.48
297.617 115.575
385.349 190.583
59.5527 474.858
34.9232 348.08
65.6861 299.633
332.341 492.421
156.922 66.2794
226.348 119.987
474.47 66.3796
482.032 489.716
191.754 321.552
183.54 10.1753
417.087 99.2282
50.2196 236.666
386.741 33.3551
11.1827 279.722
37.3831 374.794
365.148 217.674
182.605 404.801
306.885 71.3846
327.179 25.1262
411.89 269.702
441.805 250.897
90.723 492.42
490.215 51.603
218.52 143.72
415.754 205.515
459.301 141.971
379.477 417.886
256.568 451.149
294.476 102.757
18.3682 335.739
84.6762 197.873
82.8875 111.34
305.324 481.114
465.368 84.4098
191.569 93.9184
94.8712 472.967
272.437 188.662
399.089 124.319
148.028 277
289.464 124.267
427.654 399.285
352.247 255.335
357.931 164.644
236.451 439.771
23.1653 47.2128
256.35 242.473
53.09 227.42
296.982 244.223
231.504 83.1577
374.867 338.654
429.719 287.419
97.1651 36.5231
327.292 474.317
490.278 214.871
93.7076 270.066
110.074 369.867
432.119 428.095
176.955 271.163
242.694 358.34
379.164 363.335
366.069 293.449
443.759 369.133
415.425 155.404
424.987 187.607
116.096 149.37
315.447 163.952
98.4283 135.964
156.731 43.2466
57.242 196.636
44.7334 296.48
283.939 128.113
490.541 57.1868
264.611 331.941
436.116 415.44
58.8709 221.352
419.69 25.5042
102.371 147.261
185.1 118.858
240.213 1.49303
312.037 18.7301
357.957 457.638
62.1785 405.989
311.338 107.605
334.651 96.2721
165.799 180.866
382.126 281.212
242.199 334.953
341.632 189.072
263.134 185.423
93.409 252.39
291.522 337.022
465.687 74.8422
327.967 76.786
214.155 170.502
200.313 433.703
393.605 318.734
272.473 235.727
288.115 356.988
86.1139 169.354
384.223 91.2843
148.606 370.26
58.5605 402.959
498.655 253.157
296.222 370.075
111.879 33.3232
179.684 218.539
363.881 281.652
95.0636 398.585
430.742 127.232
420.545 106.598
309.828 55.9374
135.119 139.097
285.066 61.9515
276.291 29.015
301.895 334.062
159.892 254.274
48.7925 315.538
290.215 44.5538
71.1525 363.191
302.181 418.938
117.735 340.034
97.2392 150.441
29.0509 51.2057
300.562 331.905
323.554 113.327
120.007 190.132
158.06 154.722
417.897 84.7879
365.836 450.865
352.133 452.588
440.246 489.908
317.828 133.883
5.65299 13.3589
118.511 423.216
275.581 402.089
433.946 261.409
167.922 282.073
234.061 11.2642
449.161 451.052
185.785 180.442
442.331 1.2737
247.367 445.488
218.826 119.913
498.763 352.684
151.205 186.324
315.255 223.998
463.654 460.515
471.009 493.895
407.382 478.442
111.26 266.415
474.049 365.425
446.471 3.80086
452.465 475.251
91.5886 427.986
209.582 456.469
138.645 200.074
404.114 88.1086
298.761 25.6187
417.841 101.671
323.707 291.519
149.595 355.242
74.6916 153.712
194.845 299.707
476.088 283.214
295.967 463.984
221.342 319.16
104.169 20.7051
43.0183 323.604
428.469 178.68
243.183 398.873
406.872 426.389
441.509 390.249
115.854 23.3077
133.48 384.451
191.802 487.138
459.527 387.177
60.8878 4.35596
46.0896 414.141
83.6983 408.553
186.796 96.1773
494.573 300.619
229.58 488.314
267.358 477.106
398.257 280.422
290.941 187.724
379.097 35.9087
466.679 123.678
274.427 358.9
371.003 485.55
227.645 163.56
256.643 443.122
215.897 488.028
127.855 264.656
298.692 312.234
51.2694 311.11
185.141 322.134
474.457 306.214
496.401 74.214
368.345 376.773
233.599 33.3919
435.151 159.766
415.377 134.186
405.591 407.596
313.739 245.415
174.869 130.707
247.19 262.769
406.134 57.29
224.629 69.4913
37.3626 27.7203
176.082 211.549
116.02 415.541
327.727 62.5442
279.005 207.749
184.604 124.24
366.666 177.61
369.522 316.222
495.863 47.0208
216.639 406.077
115.114 133.538
384.414 279.909
268.729 363.264
95.8193 430.229
338.882 44.8871
5.79136 466.566
326.568 478.105
429.447 222.732
58.7358 341.806
201.438 376.746
229.232 17.6679
271.258 419.725
232.012 278.103
31.6116 146.871
360.929 109.543
180.927 293.361
489.749 8.37023
201.521 1.29665
49.4198 390.245
364.743 125.599
7.74131 231.557
289.016 22.221
274.142 253.069
461.111 442.044
63.4963 35.7139
428.103 401.768
320.098 460.912
167.706 48.8701
408.213 243.591
342.376 90.1173
173.101 327.224
415.234 426.692
384.227 419.047
444.041 483.799
327.494 195.028
75.676 288.26
131.085 291.419
78.5231 332.853
113.655 10.0844
491.107 114.104
290.255 175.673
421.691 101.617
235.911 451.799
255.797 250.386
394.544 340.105
9.52002 44.2346
41.7721 310.208
119.926 154.368
431.43 474.539
229.8 201.065
478.559 393.718
305.968 238.672
2.72894 425.698
234.622 103.56
214.86 228.787
393.926 95.7664
329.186 152.674
20.0387 165.782
453.997 498.705
313.61 174.85
359.746 493.597
448.918 350.553
102.849 184.186
391.692 56.8073
375.295 391.906
377.647 420.831
41.2808 30.4531
163.94 251.431
288.092 427.454
102.87 409.406
305.929 272.631
28.1968 343.371
133.621 52.8759
371.607 70.1787
388.019 66.4682
97.6205 51.606
119.905 385.264
105.922 178.082
43.0415 103.2
177.958 30.2688
104.446 134.359
27.3421 407.284
436.452 29.6595
349.369 185.264
128.065 128.46
20.3432 42.9109
10.9703 398.667
228.662 53.1753
432.202 376.827
174.249 491.215
410.783 322.325
152.5 330.2
277.024 63.5757
375.629 28.707
270.916 402.943
36.0802 330.85
370.462 48.6321
44.3273 435.859
382.121 441.6
147.337 249.989
398.008 284.719
127.253 225.511
490.322 97.2981
498.729 50.8063
196.896 345.397
317.727 432.289
293.28 482.884
495.453 277.627
498.745 188.213
94.9424 39.5061
190.549 10.6424
456.339 87.5715
246.897 222.965
266.986 117.631
83.841 432.055
88.355 196.549
212.104 456.996
256.96 116.452
61.9955 197.507
159.87 36.9572
49.0463 276.625
241.363 119.137
412.017 4.81015
434.419 24.7428
332.862 498.596
388.647 3.05737
279.044 320.279
74.1098 137.976
260.948 181.528
296.271 96.8413
22.8162 93.5582
498.666 306.895
363.523 174.964
457.685 463.766
225.155 171.911
408.736 307.679
341.396 201.663
462.038 357.766
25.5538 481.003
382.422 132.424
173.718 121.087
455.934 480.831
26.0935 401.406
333.889 312.881
286.542 297.086
355.609 483.618
142.84 13.0844
434.274 39.5508
482.036 495.925
168.151 153.757
307.298 261.921
419.357 19.5242
387.021 206.219
374.668 430.888
333.356 467.416
400.632 359.638
389.011 450.744
395.757 88.4408
167.647 423.947
96.4146 185.285
310.864 186.792
460.049 317.371
278.149 74.7531
229.558 221.056
297.983 265.154
120.102 266.077
67.4615 430.751
321.605 366.298
304.199 57.2715
427.048 172.189
24.1961 144.61
272.922 54.0082
392.253 361.839
268.841 433.346
93.7797 349.847
164.063 62.811
498.641 281.58
231.129 299.999
79.9357 221.164
25.8498 495.99
173.516 322.3
81.7027 350.687
207.826 69.0211
177.313 104.262
350.227 413.241
339.311 307.812
160.109 236.708
11.7358 435.521
464.512 155.813
397.632 372.802
322.749 101.28
426.353 93.4733
462.097 310.563
44.7431 155.628
467.874 178.73
148.092 378.8
205.307 424.339
462.238 97.9524
467.478 252.062
280.741 240.821
204.328 75.8663
185.393 69.9048
445.594 56.7576
111.117 100.046
187.687 103.281
114.887 128.365
205.029 200.535
272.48 493.655
87.9962 129.007
280.736 257.263
435.579 271.809
67.1696 294.344
194.656 444.552
161.917 439.546
93.7456 86.0918
494.116 247.499
320.884 176.263
279.502 192.266
465.635 167.991
189.188 226.439
73.6472 380.138
5.3531 72.5876
381.253 303.032
3.7207 20.1868
53.8532 105.848
238.213 168.062
165.109 490.985
24.1932 151.213
46.7346 54.3092
300.644 254.251
441.678 38.2647
377.524 430.435
364.348 285.578
100.32 286.071
237.085 363.134
467.758 107.269
244.7 340.803
453.11 465.194
230.676 429.483
398.082 410.209
36.0698 487.474
73.328 110.601
252.34 33.7456
492.89 478.508
375.726 9.34745
16.4747 460.445
470.173 426.058
108.556 95.0856
321.174 198.94
140.086 251.191
443.468 183.482
440.187 336.411
182.784 156.6
399.369 11.1826
89.795 146.394
73.4432 300.222
217.964 39.2306
367.324 196.865
445.967 16.8116
325.994 49.2853
292.815 415.292
489.096 202.35
37.6176 43.3283
162.601 482.33
22.7998 210.726
349.82 382.538
329.951 219.973
393.411 191.898
75.7209 17.6815
437.328 494.905
150.733 384.286
483.255 467.459
293.316 50.006
409.65 293.459
445.783 11.0717
279.008 68.1028
55.5946 238.024
25.2099 421.983
202.183 100.816
393.725 379.324
169.041 251.464
328.44 16.2719
109.147 7.09919
325.181 162.825
403.836 159.65
438.013 361.69
370.831 426.324
444.261 128.408
467.055 33.6016
327.319 337.033
335.166 129.756
238.423 201.495
27.9717 311.735
159.216 444.989
82.6125 68.0697
309.064 373.006
436.249 240.81
235.573 64.8976
6.48315 296.838
16.2639 369.804
160.275 16.9276
309.72 192.954
247.95 75.4187
293.458 19.9365
3.86084 107.514
314.656 191.898
156.86 347.411
134.319 168.866
180.524 255.093
129.838 137.16
471.945 44.7914
14.06 28.362
189.629 381.165
100.914 225.35
34.79 442.696
318.751 438.524
74.2508 412.927
209.308 333.457
398.047 49.3051
250.098 308.666
238.608 162.83
259.718 167.618
279.682 397.202
326.304 228.199
200.352 230.003
384.212 144.258
206.778 223.945
152.636 201.385
95.2299 101.28
381.228 385.198
495.716 122.822
327.962 438.699
103.44 339.244
184.756 266.723
457.489 11.4088
445.373 433.966
284.266 149.344
340.875 459.464
427.094 354.606
121.214 22.9118
332.881 18.8164
338.287 64.6525
77.5822 157.842
392.72 185.283
482.734 357.693
279.777 236.003
491.556 428.026
258.381 275.751
290.724 282.298
6.68326 185.057
414.818 321.11
292.515 76.532
49.1319 5.84171
220.32 207.401
349.67 164.485
304.43 412.869
239.988 446.962
405.726 4.04831
465.043 23.8176
259.997 194.109
123.722 170.052
439.802 157.981
434.445 370.397
393.517 344.831
121.361 461.295
103.304 475.708
30.7132 208.24
307.163 187.09
404.925 316.573
432.502 483.974
224.63 45.0727
61.0455 26.4575
309.202 123.872
203.841 182.297
475.863 431.905
272.936 151.696
226.514 328.322
455.901 372.545
82.7135 306.164
191.79 220.311
413.377 355.538
237.823 55.8791
114.115 293.952
302.324 374.257
439.098 94.9826
235.062 269.495
331.313 157.611
121.897 253.099
369.681 259.797
19.6142 325.457
404.805 391.876
10.5901 259.025
213.509 11.2027
153.075 243.074
127.816 83.8776
145.858 47.5433
324.772 470.543
277.182 295.828
73.6648 440.749
215.757 184.321
460.18 145.678
66.7706 304.324
465.326 42.4336
487.075 430.222
369.937 226.698
145.985 481.894
294.604 186.529
168.414 303.586
464.698 299.37
344.886 126.911
317.41 174.024
1.30195 135.819
397.644 343.592
343.877 360.613
496.373 10.5693
69.684 483.949
385.14 173.039
121.506 68.9381
182.673 236.139
374.222 326.481
276.632 321.832
104.839 113.838
184.19 442.198
35.3099 115.027
43.6991 283.595
83.6332 87.6566
257.571 350.238
170.582 74.0726
393.759 284.861
290.07 101.13
227.645 143.41
142.846 32.7763
258.686 20.7132
216.701 107.294
466.487 131.228
481.104 456.046
382.943 193.499
415.321 252.473
425.377 107.968
469.313 335.563
363.384 429.092
244.569 498.753
328.54 232.744
97.4819 425.205
451.297 444.262
310.451 399.303
313.033 199.167
311.442 366.131
394.227 33.3554
15.808 305.778
67.3559 329.03
454.299 166.403
17.5476 350.869
491.247 151.942
220.969 163.042
54.0181 210.342
478.75 362.92
44.1022 278.567
364.963 26.9158
137.419 266.355
281.016 306.811
93.2943 264.912
328.933 498.609
214.607 285.655
8.83111 218.908
145.102 469.468
221.95 24.0813
419.713 344.312
234.401 301.865
84.7866 130.941
15.1756 169.448
84.2402 427.118
177.325 454.051
236.074 4.45796
224.271 53.9984
188.663 359.416
138.236 259.145
343.289 60.9643
86.9488 415.166
255.264 194.836
438.802 92.0501
338.843 126.187
227.485 226.672
253.211 240.38
22.2852 256.505
385.714 139.767
83.8647 265.981
472.106 125.904
394.376 13.8501
286.985 69.9868
287.458 109.642
59.6687 488.273
352.623 128.32
23.8829 428.63
425.571 408.439
17.5462 225.257
209.542 164.212
70.9451 417.412
349.112 219.98
19.7302 143.6
162.919 38.7266
388.527 434.685
187.57 329.356
170.927 217.35
327.657 84.1273
28.2609 394.008
57.3281 321.112
123.994 143.59
192.103 101.482
29.5375 414.835
300.14 77.5574
78.0944 439.403
117.726 331.739
125.681 200.671
260.207 173.187
118.56 215.768
467.412 140.861
277.366 447.877
310.546 25.768
9.30713 173.894
6.84668 24.1279
109.785 361.69
335.741 243.242
404.61 430.174
220.327 386.299
442.19 14.2129
101.826 437.2
484.414 61.5273
54.1313 178.505
280.853 104.3
157.433 196.932
193.834 281.901
54.9233 157.014
248.04 59.6771
232.537 425.832
443.759 376.025
112.85 206.201
42.7293 188.387
56.3845 10.2372
464.845 92.251
306.916 63.7071
166.319 147.909
403.032 164.459
81.2323 292.464
79.4635 336.317
364.285 298.898
242.585 6.70078
98.7962 212.011
207.052 359.099
473.535 454.277
109.252 157.862
263.633 23.6708
230.766 118.126
444.868 481.36
434.84 82.3808
301.814 476.812
253.506 58.0379
458.874 372.911
329.257 136.247
358.488 429.331
10.5314 464.733
13.4603 318.912
166.193 280.015
80.9064 176.475
172.255 318.131
318.706 417.299
86.8319 151.273
363.795 436.146
479.473 282.299
172.811 199.172
382.304 255.612
312.372 449.923
423.798 403.264
68.3683 343.023
425.05 245.159
265.349 492.025
336.489 79.6027
428.915 218.076
1.79169 448.766
27.0858 70.6485
34.2878 430.574
152.84 135.304
234.463 181.97
436.423 100.986
94.8141 327.142
376.118 320.174
89.5951 77.7888
264.985 475.999
1.50309 398.278
159.195 208.214
231.395 38.1389
110.163 254.981
498.698 70.7139
188.558 403.921
225.916 338.477
343.576 42.1614
120.793 454.274
47.0501 115.369
42.7387 397.246
191.185 263.252
486.064 287.343
367.813 22.823
217.236 463.189
82.4115 239.315
43.7605 35.2224
306.456 110.687
270.133 397.297
39.6433 327.76
485.267 87.4007
258.831 141.521
408.814 482.869
365.928 133.991
73.7383 198.541
354.439 268.726
149.007 55.1317
498.599 273.746
67.8386 240.016
38.2012 122.291
496.56 374.746
204.097 345.348
421.45 158.865
368.786 90.0229
205.371 374.99
246.4 354.059
72.361 473.531
32.6302 337.051
47.8594 321.242
46.2052 489.715
348.245 130.674
153.441 91.2509
249.081 372.368
371.775 122.774
392.052 247.333
356.853 350.322
206.477 495.384
380.255 233.915
418.787 408.583
61.9923 266.139
168.626 33.368
335.627 21.84
142.835 196.759
345.366 102.431
24.6953 141.372
498.735 117.721
221.878 366.862
146.55 221.535
267.096 413.434
217.559 372.476
91.5662 143.824
446.579 250.363
304.553 172.97
419.187 371.324
127.674 358.126
305.611 139.639
193.046 205.833
177.309 201.222
287.798 120.129
107.333 306.089
1.31599 221.265
266.613 231.423
445.365 466.35
165.136 404.559
28.8487 200.394
25.2723 171.301
87.7304 292.899
464.829 393.99
37.5007 279.691
54.5069 311.724
385.596 475.784
470.268 113.678
69.6909 195.344
413.644 498.658
99.5484 398.97
205.36 400.524
490.614 147.916
144.682 57.8744
330.805 84.0219
355.063 238.89
414.649 399.508
450.521 241.02
285.698 309.682
210.571 15.2603
171.64 439.521
400.085 172.111
394.695 165.297
300.251 284.332
23.0157 201.906
331.828 302.242
496.662 296.174
19.1512 298.331
12.0044 51.4443
224.109 150.936
420.599 491.443
338.045 436.273
457.085 382.806
150.78 416.093
341.943 369.267
382.204 240.122
21.7459 125.647
465.866 359.82
290.4 464.498
24.762 350.614
24.1199 369.239
392.901 52.4687
379.011 451.66
148.184 442.791
36.4056 407.315
78.2163 381.884
172.339 33.531
131.313 297.641
125.246 353.489
202.411 44.2198
361.595 143.208
446.519 369.748
230.279 136.269
495.911 21.6029
300.933 30.131
44.5335 150.79
302.596 26.6791
138.463 31.1221
157.041 137.894
26.9124 111.983
361.128 193.671
72.7854 218.684
25.2516 65.1232
429.373 61.0121
102.182 14.2707
306.29 13.8522
96.5265 160.856
63.9904 199.4
45.4069 407.795
329.031 452.104
492.504 25.2746
211.688 59.9462
493.011 331.665
449.463 309.184
49.3279 172.46
122.854 72.4625
83.6424 333.645
372.313 371.277
268.347 3.11981
400.914 407.414
349.71 262.984
293.46 1.26239
141.788 375.087
480.497 16.5074
142.41 134.419
317.988 203.765
331.243 419.508
104.13 195.744
259.836 228.525
342.479 381.709
323.409 22.5783
6.00657 457.328
143.205 282.687
36.9579 323.401
39.4218 21.1396
139.068 402.378
357.046 61.7995
343.123 180.566
100.559 21.2859
492.926 437.741
206.964 321.629
425.071 418.693
376.339 82.3292
25.8788 1.28924
45.9361 171.785
164.592 371.309
472.123 475.533
31.694 304.591
417.537 80.1322
40.8752 419.562
436.034 310.541
361.492 453.498
313.646 78.1392
19.177 127.536
420.679 178.023
278.007 406.913
301.432 381.744
60.5858 185.121
287.419 491.385
228.477 138.397
473.55 316.621
347.171 85.9317
355.389 211.556
487.393 58.0588
487.36 165.4
292.098 426.77
363.381 121.229
3.73396 323.51
437.14 142.014
206.351 469.271
203.858 48.4462
369.379 430.55
466.314 232.247
48.4413 83.9097
189.068 31.4133
311.351 370.109
384.823 484.377
461.794 82.3365
64.1755 439.231
217.784 470.845
444.458 53.3505
319.432 316.913
291.392 430.961
406.169 86.4025
1.27646 200.169
242.708 487.124
340.449 302.978
391.175 80.0663
361.351 469.383
449.974 298.667
23.4597 14.8725
22.3086 103.365
488.938 140.232
357.501 24.3778
71.2848 237.23
218.771 159.73
172.16 309.783
82.6019 185.003
253.217 302.813
398.434 142.782
427.054 242.57
176.082 296.162
281.64 237.811
428.636 112.173
439.343 181.077
483.035 228.717
103.361 56.7065
35.8456 397.776
257.117 156.996
311.378 265.858
147.035 216.656
270.89 76.3263
99.5519 119.402
73.1791 497.204
390.174 188.79
302.605 276.004
98.3198 270.265
261.852 166
478.884 298.206
151.248 46.0241
217.158 475.835
91.6205 4.52748
309.859 345.41
245.798 7.93054
91.3264 180.073
423.27 265.955
271.939 124.791
441.499 95.7263
306.426 52.2472
412.683 334.884
459.577 67.3281
144.009 81.66
275.002 387.768
177.5 139.886
126.883 317.508
470.666 166.323
471.999 143.302
36.295 356.981
273.845 363.303
374.012 197.91
249.886 121.597
82.2536 297.303
458.681 284.957
414.56 184.585
168.576 21.7583
144.738 24.289
212.758 203.654
98.7983 276.946
387.858 15.3467
494.518 342.058
123.114 209.718
106.401 330.747
213.623 306.755
380.21 483.973
351.982 447.402
149.638 65.6794
287.538 249.933
181.072 366.302
244.628 456.375
372.352 146.359
384.331 277.421
416.346 175.548
395.979 112.69
198.026 72.7893
98.9485 259.442
482.023 305.276
221.348 438.06
370.278 211.073
449.944 427.091
27.9306 44.5416
386.417 41.8004
220.12 125.654
475.244 214.729
17.9158 293.817
288.733 412.24
5.63579 434.804
177.557 189.031
480.902 359.389
135.031 5.32752
197.343 226.055
358.769 142.238
40.7065 8.49134
288.093 375.212
473.05 53.2908
219.841 458.121
108.475 408.232
186.938 170.605
74.7943 213.327
203.66 212.06
395.163 56.8222
302.483 237.404
169.446 376.88
370.575 64.1281
438.233 349.579
126.328 461.332
43.701 337.502
102.57 260.426
300.811 497.32
278.75 493.86
486.465 43.659
252.142 356.107
352.94 190.59
259.434 423.74
442.848 300.986
180.43 13.1653
80.6288 288.308
471.195 299.171
351.735 37.3134
477.942 55.0959
446.273 50.4168
426.346 388.958
248.497 287.552
155.899 88.572
172.765 40.0711
228.774 75.5738
474.392 79.0679
391.669 431.046
282.515 219.402
237.048 175.819
221.055 19.2816
214.906 72.3512
181.229 413.328
363.369 488.237
69.5562 213.48
241.026 33.8967
341.856 198.763
81.5518 379.867
287.849 393.57
488.981 207.438
105.607 217.227
194.424 364.393
440.612 312.146
52.9557 486.715
406.566 249.386
416.968 269.02
195.001 488.786
128.56 397.511
57.4141 86.4021
186.985 262.032
151.971 236.666
155.323 431.513
388.402 184.836
248.725 290.815
95.0323 243.678
55.2984 77.9416
341.211 291.726
302.25 455.709
338.661 184.177
313.836 419.953
211.583 386.884
148.619 375.302
282.694 362.166
457.716 368.002
263.026 453.803
435.82 253.565
16.5169 236.897
386.542 79.973
279.562 300.024
291.511 33.1838
10.2866 85.7474
345.923 64.7263
33.5627 34.6812
202.214 431.503
478.049 372.982
182.213 49.8566
378.194 479.477
12.6345 401.144
102.526 208.794
401.208 61.8283
14.4085 35.7535
21.3098 488.19
4.27654 132.04
163.785 292.82
209.331 106.652
263.668 67.481
332.595 16.227
347.107 23.0959
460.755 221.036
31.0852 86.0336
454.124 266.573
295.92 338.831
445.782 330.265
93.5035 339.773
456.779 378.388
340.239 210.821
60.4941 419.625
401.558 264.925
39.5377 35.0337
73.0831 353.56
31.2611 247.311
108.388 442.331
468.388 424.281
490.849 92.7618
493.572 387.239
416.315 70.7898
260.28 97.139
458.026 431.284
437.924 15.4865
202.063 234.821
266.142 390.918
386.009 28.2169
282.282 490.345
319.303 474.332
172.569 125.046
446.391 134.948
183.013 310.986
454.639 446.083
116.846 240.258
166.36 82.6923
373.147 131.902
297.78 177.262
150.907 196.783
315.535 249.57
342.328 72.533
32.308 391.032
461.239 474.954
371.553 249.048
352.17 274.633
126.636 195.715
149.779 128.292
215.988 162.5
317.007 212.452
59.9807 11.8874
132.033 86.5358
125.176 440.785
262.346 327.347
4.38938 112.883
305.275 256.427
366.736 81.352
366.097 332.374
37.8846 47.7274
358.827 1.23458
17.103 291.244
294.288 447.533
187.513 193.688
117.702 205.912
454.401 12.5141
43.901 368.747
134.576 79.2087
50.909 333.269
54.2589 32.8028
231.612 121.132
306.301 245.021
235.148 72.9579
106.916 294.858
421.388 334.107
160.813 179.106
313.704 254.141
292.313 271.05
168.147 116.666
169.604 349.918
184.772 381.883
457.118 31.2293
120.881 101.221
231.37 468.485
306.63 5.63805
50.5554 195.374
277.255 329.265
498.764 177.272
24.6047 308.025
104.768 143.186
456.114 116.149
68.7992 352.791
314.196 99.1188
295.636 151.007
86.4331 311.225
201.484 152.4
354.46 300.337
498.511 379.229
11.2977 364.341
427.628 163.054
314.561 490.928
167.358 386.769
27.6474 448.654
287.071 14.5792
24.8267 325.652
11.0168 324.96
452.335 284.537
281.856 193.234
177.215 275.42
442.354 104.633
252.421 290.745
455.647 400.229
278.698 424.532
481.068 150.618
283.049 199.171
112.939 164.053
227.84 169.801
356.756 400.087
79.5331 411.17
174.309 496.317
67.1197 102.263
316.651 239.804
427.5 461.002
206.862 404.463
167.354 37.8431
84.9759 345.335
447.614 172.849
9.37415 428.01
4.78452 102.786
98.8774 250.566
422.344 75.8117
56.9958 258.695
47.8028 193.318
108.497 61.205
82.9206 83.6987
434.43 293.649
113.297 300.363
169.637 135.145
309.196 245.589
107.987 337.235
128.225 242.41
79.2328 233.19
67.0447 22.7664
470.137 77.2819
217.152 432.851
302.435 446.572
43.1973 8.86479
358.311 19.9184
314.157 52.7888
216.993 43.644
170.572 330.967
418.201 142.704
212.036 302.034
471.256 39.3603
468.926 157.294
257.562 256.801
288.671 231.865
448.994 76.6929
470.658 258.586
439.762 23.1558
23.2522 271.988
335.747 354.401
119.492 482.32
129.257 250.72
361.228 307.733
62.4434 282.216
386.543 112.921
114.329 241.103
209.605 89.2994
232.1 343.321
180.512 74.6534
335.022 230.4
251.438 368.827
131.96 25.7883
431.708 203.809
278.049 143.757
283.129 178.498
488.538 472.96
476.556 379.85
159.762 286.735
178.375 207.918
350.813 200.242
224.626 363.412
46.9968 461.263
128.832 55.9911
469.623 404.15
332.092 23.8256
450.1 13.5269
156.879 329.017
425.025 154.973
191.859 170.989
281.864 486.537
294.55 160.535
18.8041 90.6501
193.249 55.2526
487.434 240.4
174.81 365.931
294.534 489.157
370.764 104.856
367.559 128.988
33.0267 477.826
92.4516 305.04
45.3264 76.2042
67.6233 216.803
379.548 17.4369
132.504 67.2812
184.532 137.079
300.115 217.036
99.9369 324.904
203.29 370.351
367.774 242.585
497.457 498.705
498.761 249.984
296.468 497.135
108.421 328.526
218.148 274.221
101.043 187.75
498.646 68.0672
337.344 374.911
311.688 306.307
350.246 271.031
448.401 260.769
491.435 159.372
257.352 463.359
33.1993 408.802
484.165 101.806
350.945 491.772
111.295 148.654
37.4215 403.073
85.9587 383.849
43.1534 171.787
227.84 311.934
168.83 417.236
413.725 129.513
325.667 120.108
115.081 290.6
88.5403 380.138
306.593 68.5156
61.07 243.026
36.6352 199.376
111.908 14.7804
294.726 144.269
460.073 54.8516
400.861 29.9314
278.26 122.183
39.1313 174.209
175.402 344.566
77.6255 217.895
14.6074 409.525
304.714 301.594
136.552 248.118
179.305 396.116
391.772 239.263
252.9 215.353
321.705 54.1998
136.183 156.33
10.3607 55.1934
44.4837 363.87
302.184 290.673
324.293 442.523
409.679 474.046
219.792 279.966
342.184 132.894
414.46 273.338
100.579 281.576
241.718 280.291
181.234 324.32
8.88407 470.673
352.276 101.072
150.959 83.2724
458.346 365.543
35.1018 203.391
324.972 390.823
54.4025 307.324
35.1197 280.345
14.561 129.971
314.416 73.2363
180.428 149.981
437.509 132.35
155.729 11.8342
23.54 454.467
271.196 46.2728
117.812 57.2607
92.8612 31.9584
174.429 164.153
21.1196 107.776
384.641 445.863
232.219 347.166
48.9109 223.606
124.741 6.79505
197.623 141.926
363.57 85.4805
263.066 234.435
144.412 429.574
252.382 466.053
312.886 326.897
193.092 426.478
477.401 413.887
11.9436 137.334
183.88 176.935
314.574 291.986
428.91 364.168
425.902 332.943
173.999 96.7829
118.894 39.6293
300.041 378.608
496.747 265.793
314.677 50.2298
292.523 491.058
353.358 234.108
485.978 78.2376
286.961 323.303
187.27 183.557
62.3341 455.337
33.6761 65.3813
120.101 223.212
30.5097 40.4166
169.801 392.488
20.084 448.011
363.235 440.109
338.344 263.709
194.677 223.957
423.41 299.715
351.941 181.798
133.899 305.78
15.6099 448.48
86.81 218.674
106.916 58.4765
301.983 88.9321
226.488 250.406
402.605 485.533
3.17638 206.331
493.343 496.304
106.359 65.2455
337.847 407.674
214.307 465.016
21.1398 35.0849
256.533 230.079
444.375 438.667
261.869 473.498
380.618 455.276
273.999 431.834
349.426 385.731
231.468 6.01266
214.832 271.082
144.658 129.976
457.918 484.868
298.057 41.9029
126.216 418.126
103.904 496.757
241.071 491.296
108.498 246.743
240.725 339.137
234.659 76.0324
498.748 223.449
135.912 390.853
318.938 498.679
309.967 289.588
371.935 365.215
328.509 115.851
453.222 295.319
271.862 232.995
220.304 247.648
260.988 245.064
21.782 302.532
413.076 448.685
111.088 365.287
107.609 468.077
234.456 207.209
487.145 489.62
476.22 266.548
257.107 413.472
216.745 198.705
436.519 194.98
52.8265 495.42
440.598 125.688
471.102 278.627
254.571 457.147
259.121 149.917
124.342 191.804
161.802 495.719
169.53 78.9666
86.2374 480.374
17.9442 321.334
9.38907 404.905
226.653 223.954
297.572 459.872
70.5473 394.915
52.1735 46.2269
134.872 474.675
27.6208 483.34
351.502 477.28
264.577 480.885
119.943 261.8
72.664 172.043
495.607 456.49
302.387 39.543
437.999 31.8327
20.9173 463.002
249.655 193.779
60.378 300.121
212.043 261.773
170.927 112.122
410.053 355.029
396.12 226.157
316.38 60.8866
335.44 68.8485
64.7833 141.899
467.589 289.659
363.285 206.608
177.974 324.384
412.724 375.247
38.3127 110.991
315.684 1.25915
23.6195 295.651
353.772 169.673
474.065 184.808
354.267 144.238
367.498 357.876
140.632 437.312
88.7397 408.304
183.516 17.9111
185.949 352.766
334.642 173.092
407.266 174.005
370.323 199.289
99.0556 420.238
377.902 160.413
38.498 115.95
47.9941 33.8281
479.793 176.209
253.977 336.018
196.666 245.138
75.3381 187.729
29.6832 56.5582
319.036 378.301
145.527 489.516
484.557 308.124
445.942 428.082
374.902 112.832
391.639 23.4016
376.561 46.0812
384.173 154.653
91.5503 219.315
383.715 375.326
498.746 134.935
74.1795 292.898
240.684 294.528
422.069 215.087
171.939 337.594
301.623 351.337
170.438 41.81
425.663 340.43
29.5058 372.256
86.3634 347.507
178.708 112.699
154.166 208.304
153.015 283.263
240.92 482.329
441.03 184.179
207.325 384.201
71.5868 138.033
358.238 465.247
355.918 379.742
338.625 415.533
133.309 399.001
299.707 229.315
105.221 317.915
463.286 469.866
489.594 117.82
254.526 234.539
40.9039 246.576
264.103 299.725
201.979 404.121
82.5163 188.018
407.764 161.473
28.4388 294.556
341.581 144.471
275.45 284.896
233.214 3.58279
205.261 129.48
206.45 379.697
52.8414 346.586
384.814 16.193
425.53 137.872
92.3384 108.183
116.717 17.3996
214.288 372.734
193.459 228.498
214.27 158.142
429.534 193.744
149.753 156.146
86.9026 253.484
367.117 426.415
343.762 327.423
172.445 219.341
401.257 461.441
397.775 107.182
426.825 88.2829
390.059 40.5156
106.005 347.451
73.2246 265.459
474.438 5.16533
385.182 125.637
181.366 5.4657
174.49 20.2681
438.934 389.99
134.817 416.15
106.26 205.057
264.51 126.795
124.968 467.625
264.69 350.709
49.132 251.071
15.3665 56.8614
412.345 177.678
160.416 377.62
206.138 297.812
497.047 329.308
217.084 256.596
281.787 449.426
449.313 357.698
309.98 117.514
414.916 91.047
368.479 1.27897
376.727 61.4566
363.183 315.907
413.521 476.427
174.825 432.925
45.9013 420.426
125.993 234.04
150.418 246.118
1.27615 190.532
170.331 435.273
128.288 436.878
155.823 310.458
481.856 343.754
234.815 141.913
170.222 474.885
143.526 246.455
144.925 219.67
315.451 340.372
245.989 351.625
61.8252 108.063
1.23773 182.841
324.823 265.469
470.588 414.588
196.08 71.1642
37.9674 445.991
355.413 411.542
303.6 44.0864
337.356 229.087
119.989 112.284
117.881 119.275
269.136 139.919
285.959 279.496
445.185 472.704
331.7 392.152
407.184 312.602
175.768 462.1
165.707 203.115
231.935 251.158
66.1113 351.675
294.806 398.402
170.345 183.799
165.097 218.695
463.989 493.31
359.649 63.7857
307.033 40.5153
462.292 406.108
277.211 451.114
308.341 477.595
146.24 146.696
116.832 449.981
378.446 164.389
73.1957 320.912
341.08 232.083
389.344 213.889
181.245 375.753
38.2682 337.683
52.0245 206.486
122.089 458.699
426.717 1.23862
189.933 67.2582
432.534 399.261
455.636 120.894
148.633 459.23
222.066 462.551
476.328 386.692
468.166 282.049
52.8883 253.597
66.7197 409.418
199.331 478.09
346.761 315.887
283.436 108.542
111.894 106.737
454.383 71.5641
189.916 242.175
119.292 27.5382
190.236 235.889
351.581 434.94
43.3728 221.018
143.295 322.1
34.104 413.807
422.27 118.021
465.059 219.34
382.316 25.5874
339.988 165.899
212.086 181.514
465.862 3.5679
5.53933 154.145
368.026 5.30193
24.9069 56.3938
251.983 251.719
440.858 148.882
189.899 391.574
279.834 491.117
202.264 112.365
35.1462 79.5409
345.521 35.3351
65.7546 39.8365
365.987 160.141
186.794 377.772
282.543 133.774
259.668 135.777
26.2368 209.908
135.204 449.095
394.486 488.725
340.48 14.8181
211.945 224.65
177.649 50.9792
349.965 267.964
491.585 12.0109
398.721 481.51
43.3971 411.332
174.883 420.675
263.527 428.179
203.328 462.54
297.285 14.8033
333.781 153.32
264.538 189.811
112.936 213.491
481.29 405.648
387.535 151.302
242.278 124.757
202.039 79.6769
442.752 163.628
211.185 480.38
293.873 33.9325
72.0288 464.091
6.66229 67.3887
124.951 112.042
432.806 20.1415
301.279 158.889
81.8171 216.138
59.8633 432.345
139.308 331.4
291.976 360.071
166.323 14.4498
460.254 42.9506
450.473 6.15558
372.968 468.582
166.67 239.535
225.639 423.375
203.561 498.713
405.194 83.4688
367.149 436.979
238.652 498.764
1.25349 274.4
232.519 295.238
96.2374 373.598
195.041 260.553
441.204 282.449
300.948 153.922
102.658 25.3585
26.2253 34.1677
282.458 207.827
447.695 159.065
137.223 302.526
134.582 232.172
58.5356 309.454
463.158 382.323
19.011 278.396
88.8373 8.35603
325.775 363.961
344.937 432.984
248.703 323.273
224.97 238.169
393.483 325.947
267.411 61.2892
45.4308 327.848
167.069 373.091
402.434 248.243
79.1149 151.546
266.635 135.319
245.519 91.542
273.046 87.031
16.0779 265.245
360.123 9.33007
13.848 174.184
406.9 330.912
388.661 462.609
201.583 394.37
366.999 364.277
149.091 240.548
323.974 240.007
309 252.294
260.852 186.484
178.713 282.521
54.9132 25.067
344.045 265.613
281.917 83.2497
143.139 386.088
422.738 127.412
444.367 461.365
382.111 46.4479
361.507 181.412
375.077 420.416
171.146 302.374
192.193 372.961
434.853 321.518
447.992 437.156
364.538 323.999
460.247 332.035
152.445 8.25064
429.591 196.799
43.0492 167.643
262.67 35.8321
67.5355 85.7505
245.347 437.319
236.597 235.78
327.861 10.9248
498.764 18.8689
287.085 364.602
21.3474 112.145
154.696 287.209
277.45 421.429
128.057 23.1746
231.965 371.732
300.187 192.286
328.773 190.197
452.802 393.499
134.219 28.0221
89.1307 321.673
207.993 486.478
374.172 157.828
251.29 25.0357
58.7175 53.2503
432.212 131.401
433.798 274.043
386.119 97.9783
78.5417 447.095
325.181 88.9495
213.25 348.776
239.523 435.878
428.59 260.75
107.653 103.076
55.2464 215.343
164.694 276.352
418.94 402.81
394.266 4.46224
391.75 48.3258
246.271 16.0203
294.777 274.997
200.979 353.881
369.869 112.424
494.687 63.31
455.74 53.4178
94.4306 455.441
46.2427 176.203
284.438 459.237
292.724 408.286
342.88 156.53
158.709 488.168
75.2377 164.08
240.169 96.7751
248.382 297.889
197.904 42.7159
201.532 273.273
445.288 28.6126
376.287 435.212
465.878 444.803
432.747 146.827
156.341 156.752
384.461 434.374
236.886 483.575
245.433 33.2591
1.24643 228.09
31.7074 290.082
414.117 257.162
257.011 218.85
54.7401 185.965
19.5441 170.45
65.7372 399.937
386.624 494.614
287.874 463.912
39.5948 292.128
310.234 480.418
272.475 310.185
212.984 211.725
47.9775 385.838
470.713 184.247
311.487 69.1239
282.536 399.899
