8.73114	48.4449	103.348	3.2479
23.5142	77.912	27.9152	4.36505
78.1734	105.431	62.6302	3.88335
12.508	16.8152	64.2181	3.32908
33.2693	51.8549	65.2759	3.58021
80.4205	109.736	55.8084	3.78913
12.659	2.7412	22.1266	3.50445
19.5765	71.7834	86.2721	3.3302
47.7109	51.733	13.1508	3.04716
31.7057	6.3524	75.5941	3.50877
8.22827	90.5289	2.15639	3.72454
97.875	35.4565	1.93087	3.31093
80.8086	76.8126	30.6404	2.91178
96.6186	74.7352	4.22889	3.6852
90.0903	70.5369	23.9029	3.49168
31.2425	108	44.2088	3.69251
112.332	82.241	21.5149	3.88754
91.7412	34.1121	87.5403	3.89486
19.8748	83.6084	54.1596	3.89782
18.0449	14.7519	105.621	3.34847
29.6304	66.0085	95.0178	3.52711
88.1656	39.1542	47.8891	3.31699
11.0454	28.8315	92.4064	3.16552
3.63254	41.2022	15.8338	2.93589
106.264	52.722	5.28933	3.9838
60.7525	55.5704	15.1579	3.64879
34.0444	32.9654	1.89649	3.86107
113.669	77.1239	56.7874	3.61571
31.9841	95.2914	8.68448	4.02706
100.735	86.8931	35.6451	3.59666
107.204	95.5854	61.9897	3.79489
16.6901	113.918	26.2653	3.49402
2.54276	62.5023	44.8693	3.96313
101.102	90.6374	3.02495	4.28908
60.7672	68.6217	108.569	4.27207
27.5906	65.3166	49.4136	4.25882
17.0615	44.2541	87.9622	3.78437
79.0289	95.1022	112.384	3.50427
1.76935	63.5377	106.637	3.86098
87.9394	7.73003	99.0122	3.14193
98.9866	27.9664	102.033	3.70191
82.6432	43.2942	45.1127	4.04114
99.4418	49.6894	105.791	3.97347
31.907	83.0137	3.9291	3.41044
94.3074	48.3666	24.5768	3.70833
80.7328	3.98475	81.3925	3.50996
13.2925	86.2039	55.433	3.18996
27.829	58.8771	34.9894	3.65129
96.9583	86.9744	47.423	3.13816
108.859	24.0384	77.2472	3.63683
53.8518	94.847	68.7433	3.48724
65.8125	71.9401	76.7691	3.34234
62.8521	17.4308	58.9698	3.82613
73.7134	39.3874	69.152	3.77037
33.6499	44.1045	75.5713	3.68221
50.1412	86.9812	40.0089	3.3623
47.1033	74.5049	101.119	3.67395
85.9332	15.6175	104.966	3.71654
92.7519	82.6295	24.4834	3.68936
77.9286	57.4403	21.2926	4.41655
6.61003	72.5495	39.581	4.39821
81.4748	98.2344	16.4075	3.38153
103.12	77.495	17.5735	3.78657
50.679	58.3295	93.718	3.3981
106.057	30.3733	76.2523	3.24324
9.09265	112.698	38.1997	3.73958
48.9307	51.3398	95.7647	4.04609
8.25924	106.6	94.3567	3.19689
10.4056	33.9476	23.1263	3.65081
113.849	73.1507	37.2342	3.83225
49.0808	53.2867	41.5965	3.46872
114.481	45.1789	108.448	3.52784
86.415	84.4919	10.141	4.03852
69.4145	76.6311	65.6252	3.37651
82.9305	17.1234	40.8809	3.69376
107.036	61.9066	107.986	3.66822
106.675	82.0219	12.4942	3.71173
12.8276	1.28074	85.3449	3.94625
40.4103	90.9968	28.0718	3.54922
94.7169	3.04658	12.0245	4.86146
85.8053	58.4681	76.0642	3.91226
85.0878	25.1237	12.9484	3.21681
25.2379	25.9602	23.6986	3.97045
10.459	19.4663	28.8135	3.44071
85.306	36.59	41.6013	3.79521
79.5763	21.7507	45.951	3.8628
71.1429	91.8354	14.8589	4.1113
92.8553	89.4125	21.2948	3.57422
68.4539	72.8892	46.3172	4.08759
24.3559	36.1388	69.534	3.73609
96.5158	107.583	78.0838	3.95838
91.0622	19.8449	45.2872	3.56345
36.7052	2.55654	23.4492	3.70096
62.4463	69.264	34.3489	3.51328
98.1984	12.8604	27.4415	3.447
14.5374	34.4983	95.1024	3.89917
93.1079	100.406	106.501	3.77498
83.3798	66.9936	81.5652	3.5866
9.98718	75.9196	23.4611	4.04784
89.0628	103.764	13.9229	3.59052
16.0626	40.6637	19.6175	3.80994
9.05494	86.8324	45.0666	3.41171
98.959	4.7456	77.3991	4.2715
75.0152	3.21865	61.5486	3.16851
109.007	52.9191	81.7118	3.21565
23.7888	68.3111	91.5198	3.25405
93.6528	111.571	7.43169	3.27248
60.805	105.549	106.501	3.3142
9.04572	9.73545	111.964	3.35714
3.35465	16.0679	27.969	3.92178
46.6564	26.2861	80.4653	4.01162
20.5546	113.517	65.0229	3.1449
78.2891	37.8484	104.097	3.71617
84.4945	95.5087	101.34	3.6418
35.9206	39.6663	89.4198	3.89882
106.776	44.8245	77.1862	4.1748
55.8139	66.3713	33.5775	3.74564
21.5869	1.78044	87.4039	3.56705
54.1941	80.3781	111.802	3.72318
2.74486	2.78857	27.1683	3.46344
74.3021	84.9654	83.0997	4.08329
114.452	40.5057	32.1497	4.48578
66.8396	10.6382	111.762	3.23727
103.5	88.9318	62.9603	3.73131
18.2521	80.0614	8.77148	3.18048
40.356	50.6783	36.2341	4.80438
34.2434	92.9805	111.221	3.4191
69.0892	111.233	99.9975	3.90264
80.7981	105.329	49.7986	3.56492
91.8557	34.3739	64.1122	3.21832
6.09	63.6133	38.4086	3.36434
94.6832	97.8145	87.6885	3.83675
74.3752	10.1141	111.406	4.02937
60.8111	54.1736	7.9343	3.43488
87.7756	22.2678	110.686	3.94631
97.7167	0.783829	106.733	3.25263
11.7395	63.4705	72.3645	3.58943
83.4398	91.4368	9.16927	3.42567
71.7134	110.876	37.4958	3.91716
52.9064	74.8105	56.7249	3.11698
84.1809	117.903	75.3693	3.50793
69.7224	98.1951	29.5442	3.75998
85.8558	34.801	94.0718	3.38992
70.9775	35.3701	25.5815	3.7426
43.4185	76.5053	16.159	3.05724
52.055	9.37499	70.639	3.38696
40.5895	100.152	1.4723	3.06766
43.499	18.6765	8.696	3.39912
104.365	16.6714	1.08549	3.1972
51.2084	3.41679	19.4826	3.23162
92.4485	52.5187	104.114	3.63428
16.6817	91.3396	92.0446	3.89651
34.2892	21.9705	80.7604	3.33275
89.2644	50.1046	96.8864	4.05352
85.2288	105.651	59.7059	3.41884
72.7605	87.5563	69.6024	3.68601
90.2483	111.232	13.5187	3.5185
101.805	106.024	71.7616	3.47895
53.4882	81.261	57.1639	3.22845
48.891	72.782	19.7885	3.74401
7.3262	34.002	108.041	4.07205
66.0745	1.25476	5.70394	2.92056
37.2044	6.77325	39.8714	3.36066
104.967	60.9954	24.919	3.29677
16.0502	88.3644	48.0126	4.07605
42.7011	94.8097	69.553	3.6987
94.1022	64.1309	49.6469	3.39209
100.402	47.1086	57.4937	3.91438
8.79579	60.9764	66.3234	3.50921
88.3318	111.678	58.5845	3.08249
93.1401	59.9913	78.2756	2.93998
90.2932	95.8043	41.3228	3.82374
51.2385	23.1305	30.5159	3.41231
16.6471	58.9468	82.2765	3.90036
60.9438	96.9554	26.3368	3.98851
57.5593	47.9773	6.30337	3.63604
7.73376	6.49364	86.4681	3.33003
82.9773	111.945	78.9	3.28168
70.9878	80.8825	16.8235	3.65146
44.1867	68.0981	89.8982	3.53334
4.66581	83.0145	12.1065	4.20781
12.8971	30.745	64.4174	3.93441
107.469	55.6549	12.298	3.51249
25.4712	49.4495	31.7477	3.61225
26.7185	18.6272	23.4438	3.14258
81.3852	44.5379	105.775	3.36441
100.448	57.1503	21.8173	3.19931
51.797	103.24	71.8682	2.97888
1.86154	25.2216	53.0835	3.70726
18.2157	97.9886	4.84455	3.46829
87.6107	88.8813	89.4406	4.14911
25.4641	6.30739	100.518	4.01232
47.6432	56.5242	54.5318	3.76439
4.22298	51.3175	68.9782	3.27669
111.254	16.2358	8.85197	3.91291
8.75738	42.8599	72.3018	4.02431
22.2554	26.6003	112.598	4.19464
112.907	51.1504	22.0674	3.66049
87.8466	100.115	5.90803	3.54643
8.85632	91.2632	89.1067	3.25559
60.1691	110.482	111.311	3.44288
67.7987	30.1232	35.6604	3.43203
89.1618	25.601	76.4206	3.03952
6.84944	105.308	3.84348	3.94282
6.66434	52.4618	19.9466	4.57333
91.2691	103.368	36.0436	3.9148
68.7067	84.9929	9.6592	4.1816
60.4044	43.481	99.7799	3.56401
72.3131	63.2929	0.406006	3.34265
104.867	2.80366	-0.943952	3.43655
40.5399	107.811	87.059	3.74873
112.569	74.6436	45.3627	3.26233
61.02	95.9936	87.5445	3.39815
61.9248	45.2171	108.249	3.81946
49.6805	51.34	65.7826	3.39866
107.727	62.9113	95.9496	3.39282
36.1866	65.6241	42.7783	3.39714
4.29023	103.529	54.8144	3.15267
109.172	102.515	61.0782	3.07814
98.804	1.89424	41.552	3.16061
52.6606	98.628	17.9441	3.75651
69.7674	114.629	83.0817	3.86119
63.5948	25.8069	103.224	3.37351
86.5299	54.1814	23.8197	2.72168
3.3347	45.5397	44.4253	3.96745
47.3439	86.6106	107.243	4.2178
38.909	100.595	49.263	3.64891
62.484	34.256	39.5402	4.27308
21.2378	106.969	32.5254	3.88788
43.032	64.9962	53.8162	3.60273
114.306	45.0023	101.634	3.17923
19.2901	73.2037	62.4184	3.34942
55.4899	59.9105	8.41157	4.33088
43.365	56.5556	66.8412	4.67469
11.6207	33.6324	116.129	3.37928
44.6371	16.4883	101.463	3.24376
96.4986	49.9463	99.0215	3.24058
99.8325	112.716	94.3647	4.07874
111.252	19.693	111.788	3.02492
37.8901	9.673	50.2369	2.65953
80.2706	86.1476	111.552	3.97447
10.7676	4.34972	46.7885	3.63721
86.2176	110.994	110.954	3.78495
112.641	30.9143	49.5884	4.23095
98.6325	34.305	74.1169	3.64869
39.572	49.8167	86.9325	3.12664
111.187	80.016	50.7305	3.5387
101.989	79.3126	7.20415	3.80159
20.7491	88.0562	41.8744	3.59865
33.4415	65.8808	115.447	3.83685
31.8972	106.578	6.19126	3.34983
39.6717	3.95805	111.605	3.38136
17.2555	17.7781	72.6466	3.68219
72.2183	112.981	72.528	3.17277
17.0476	70.266	92.8036	3.80904
1.37197	16.0562	90.3534	3.59686
95.9873	77.7623	100.325	3.71679
85.1656	74.7836	104.617	3.83328
99.6874	84.7582	104.201	3.54461
2.83516	64.0215	99.0203	3.75216
91.2498	26.1023	65.7778	3.18174
4.87775	68.4998	64.8473	3.51552
62.1595	77.8782	34.0128	4.09068
30.4479	82.0105	101.036	3.30235
33.0588	24.5545	13.4465	3.37342
84.1077	5.81703	7.913	3.21274
112.262	104.147	91.0202	3.90767
101.472	3.07864	85.4998	4.16862
116.307	47.1997	16.9825	3.55954
71.4287	100.246	83.9931	3.20323
107.197	97.7154	26.6762	3.40942
16.7421	75.2532	47.5023	3.93966
85.0122	39.195	104.773	3.06649
38.9014	56.3804	11.5474	3.68159
19.749	100.899	98.6644	3.69885
69.2189	80.6956	48.2432	3.43035
12.1227	10.3735	51.7209	2.99197
4.27096	32.9701	100.785	3.8424
110.686	110.397	95.8144	3.90252
57.6242	38.8954	5.26361	3.51259
116.486	88.4402	38.0531	3.46856
66.8093	11.6562	8.72379	3.4539
34.5236	7.16643	87.4001	3.15438
90.3329	59.2299	12.8104	3.96064
6.70155	105.886	11.3881	3.45408
106.715	103.901	86.4274	3.21619
24.2007	3.3229	40.1933	3.11383
52.9796	117.524	71.4784	3.60132
70.952	21.1643	75.1867	3.40005
92.6557	3.15089	111.034	3.7038
49.8229	79.1487	91.4342	3.09119
60.0136	83.9116	22.7062	3.84549
73.5312	72.3094	14.9263	3.44568
79.3874	40.0581	3.40689	3.4441
77.3548	92.1425	83.9606	3.12906
3.19283	58.355	3.19493	3.55922
29.1462	55.8718	107.662	3.43484
57.825	96.5735	42.3731	3.64633
2.2613	34.2928	80.7514	3.23257
114.049	61.1885	93.1213	3.72675
95.7943	83.3098	31.3034	3.69311
93.8382	26.8068	109.681	3.04095
61.9714	40.5274	62.7986	3.58593
102.85	92.4953	24.0463	3.78797
17.5424	25.9308	54.5843	3.40813
55.9519	47.9329	113.803	3.62378
25.7603	80.6619	71.9743	4.15765
91.7071	89.4556	36.1998	3.06244
33.1131	0.843357	61.6646	3.96185
113.239	53.6358	3.43261	3.23595
17.9745	103.203	68.5328	3.54598
21.7046	32.9609	42.5422	3.70707
20.7789	74.7479	7.57503	2.7691
81.028	32.6142	36.9027	3.67703
110.494	62.1267	47.3021	3.50239
85.8213	9.81678	72.84	3.93951
84.1268	41.6484	52.3032	3.09303
94.3518	26.4335	45.6718	3.64846
33.7138	62.3654	79.6351	3.78907
93.769	97.9747	29.2483	2.82786
59.6463	62.9556	14.922	3.7311
56.3329	39.144	46.6116	4.17021
10.364	63.6695	59.8353	3.4817
61.8952	61.2326	55.0252	4.10577
-0.968181	69.5374	83.3695	3.23241
8.22197	74.8645	73.99	2.96418
74.1589	65.2144	104.123	3.78499
84.606	69.7291	71.6718	3.52784
16.3436	99.2808	111.699	3.11635
89.2289	0.922907	97.8411	3.71104
85.7312	33.9747	65.3023	2.89718
29.4017	102.325	11.8093	3.95014
5.91901	72.8306	98.1028	3.30252
56.7515	101.531	98.5272	3.76539
75.3299	32.7532	19.6794	3.41507
43.8706	46.106	6.83063	3.33109
51.3176	70.8689	82.5005	3.59539
39.416	89.5524	-2.26003	3.00343
83.391	19.5688	3.69054	4.4199
26.3203	14.8844	104.229	3.67064
88.215	77.1816	28.3729	3.93023
15.5427	106.551	26.2356	3.71632
28.1713	81.8808	93.7759	4.06855
28.6571	78.6769	42.6458	3.71758
13.3168	110.394	19.4262	4.20964
77.3089	8.41645	64.7142	3.13222
11.1069	61.2935	31.7867	3.16532
85.629	104.143	98.6226	2.74595
38.3351	8.57577	78.381	3.90719
24.737	106.854	101.967	3.26618
108.756	16.4122	104.269	4.06983
63.7846	61.1501	2.53845	3.8228
31.9333	10.2489	104.599	3.56623
24.4107	14.7418	88.2765	3.82869
83.4276	109.861	15.3364	3.59834
42.6615	11.0933	53.6635	3.21131
7.26804	74.9761	110.093	3.77074
18.6018	82.7677	110.805	3.90204
95.1356	88.3038	99.6435	3.60324
13.3765	30.6082	56.8636	3.22377
112.385	109.952	85.0937	4.0684
91.551	3.56459	72.397	4.42452
74.7274	70.7807	52.5895	4.84047
45.7694	113.542	51.6257	2.95833
17.0058	101.531	21.3811	3.3894
73.9916	38.0811	12.0382	4.04455
8.76622	55.9508	27.6924	3.80478
71.9117	36.3593	75.8979	3.54379
31.71	36.7804	110.874	3.71253
60.6056	111.772	40.2853	3.21812
56.4101	23.0302	71.7203	3.87373
42.1357	88.065	86.9379	4.18301
4.34683	112.969	7.05885	4.11445
87.8879	8.92188	19.9326	3.95498
69.9251	27.8675	20.8194	3.1985
61.0183	31.7689	99.393	3.97058
57.8149	2.9036	38.0691	3.70052
94.7064	91.3541	8.70315	3.70555
42.3021	1.17638	27.2423	3.13021
75.8877	28.1884	46.6049	3.33805
36.1672	36.6695	13.3474	3.51918
48.1363	58.0257	10.9927	3.44898
12.6319	56.3001	61.5704	3.3913
23.4218	32.4363	9.96338	3.77295
77.1814	0.551423	49.3751	3.62396
5.93608	16.5734	95.717	3.36842
98.9589	98.4382	47.339	3.54795
72.3363	90.4895	88.6588	3.91202
32.8104	40.4335	27.5301	3.55434
24.9521	31.0958	82.6233	4.27816
49.3597	9.93918	84.4221	3.33214
71.666	46.0593	50.1301	3.57757
78.8931	75.8837	38.3601	4.04757
36.0205	73.1223	110.541	4.0883
54.4303	8.69404	34.2865	3.8734
106.448	91.9871	104.863	3.80872
53.8756	111.184	37.6997	3.98069
93.0033	58.398	3.57184	3.91138
18.2759	71.0169	56.3632	3.12351
38.5725	93.3276	10.7684	3.03087
66.0862	92.3502	33.5797	3.79903
35.8433	44.8217	67.9622	4.18895
50.2956	102.289	50.761	3.85139
18.8913	10.0019	49.9136	3.93976
32.1399	49.7921	105.59	3.64934
67.7178	27.9838	97.7046	3.66195
4.76697	67.9192	112.148	3.78627
90.5549	37.1885	100.942	3.85787
97.9299	54.3648	83.4431	3.50029
21.3311	112.836	79.4665	3.61961
15.8953	59.4422	67.1723	3.79441
66.3517	65.6733	49.8159	3.86897
83.7702	35.2711	85.5347	3.49636
112.732	97.1136	81.6352	3.85788
61.8186	16.6913	52.3349	2.87434
39.5053	100.541	66.2067	3.56819
105.622	8.33639	18.3651	3.35795
53.8894	63.0064	26.0789	4.28633
68.6968	9.06	68.0647	3.73655
11.32	73.6897	15.3918	3.68362
40.6181	67.9326	26.8005	3.38167
53.5503	87.6194	113.107	3.58342
77.7555	89.6721	77.4877	3.73626
36.0282	63.6743	50.4184	4.14284
84.3348	65.2603	22.0264	3.74415
26.1772	4.32046	33.4927	3.8867
21.7898	61.3677	111.004	3.1662
18.4843	58.5279	18.9599	3.35385
54.0615	107.492	45.6632	4.09406
76.364	19.8452	7.21142	3.31113
60.7233	48.2064	49.1895	3.55173
17.197	23.7275	18.189	4.16818
85.1345	77.1056	41.7102	3.08558
57.6827	13.9104	104.286	4.13905
12.6374	4.53092	5.8108	4.02749
58.8579	9.0694	110.603	3.85802
56.3308	85.8011	10.231	3.48661
113.341	100.05	9.49741	3.41106
69.5729	103.743	34.7939	3.69724
10.5485	16.0628	53.0855	2.92908
41.134	52.8367	27.5405	3.92039
101.019	23.7605	47.6409	3.64335
38.1826	24.2384	37.0407	3.45896
21.3782	76.7177	56.147	3.37019
27.7891	96.7612	86.5353	3.50833
54.5978	45.3108	50.8656	3.40761
70.6736	14.3288	30.706	3.87306
10.0156	82.3005	75.4263	4.1168
49.8305	1.83193	41.1175	3.81825
45.3988	33.3685	89.492	3.27959
68.3308	13.9419	2.28446	3.424
25.8452	112.226	36.5217	3.81432
99.6399	63.8184	45.2545	3.11704
76.0493	101.766	110.1	4.09351
41.1413	95.8163	88.3086	3.73385
23.0634	48.396	67.9989	3.95064
39.9086	49.9742	14.9174	3.57278
9.52417	105.486	41.0762	3.76161
46.1978	26.8446	67.9191	4.01248
49.0542	97.2171	73.9423	3.89868
44.8092	33.7828	77.0722	4.26953
102.807	66.3424	66.6825	3.31846
40.373	45.6829	47.3327	3.58777
96.5921	59.0025	16.7943	3.30923
111.959	25.8353	64.3447	4.09931
85.9377	11.0197	33.5176	3.6504
55.0587	8.15703	43.9553	4.56101
49.3619	105.199	38.6634	3.56457
2.8113	102.453	41.736	3.44874
75.7877	25.6655	63.2206	3.55569
3.9652	9.02689	57.7461	3.5575
76.5147	69.3045	79.8733	3.73292
52.9189	38.3561	54.9179	4.72336
94.7839	81.257	76.8059	3.73296
69.6992	36.4674	34.2801	3.16461
39.0634	66.6392	107.56	3.51753
72.5825	104.43	97.7573	4.02103
83.2039	13.8589	67.4663	3.14354
111.09	46.8199	68.5124	3.66472
51.4219	85.9733	88.0605	4.65406
75.1475	13.9191	68.8692	4.09127
83.4447	89.596	105.736	3.22076
110.908	14.9934	1.47224	3.46082
44.7046	111.524	37.1267	4.36249
58.3572	3.14995	17.7777	3.76813
72.0917	11.391	37.7437	3.54597
55.083	31.4598	81.3503	3.97234
43.0775	2.71034	99.3883	4.10189
90.6067	103.135	72.5081	3.51645
102.342	54.542	56.6488	3.77657
82.3502	59.1149	107.806	4.66006
77.2567	76.5894	18.8465	3.29785
34.9151	102.062	56.0496	4.12338
68.8737	58.6842	93.7379	3.6695
111.042	43.7596	9.66095	3.63662
73.3735	52.7089	69.3563	3.42527
110.806	55.765	97.1178	3.62046
79.809	81.3861	99.8231	4.50232
63.2644	14.0639	20.6125	3.66957
103.512	107.005	57.3437	3.88752
3.82868	5.92631	4.57921	3.53274
10.4926	54.8613	68.3759	2.93507
91.1271	44.7924	81.52	4.72573
50.3963	105.159	31.0716	4.07861
19.9602	111.414	96.9248	3.50524
3.29082	2.21498	34.6619	3.96768
10.0762	64.7124	44.4157	3.83024
87.6051	25.7086	46.7109	3.11495
109.268	33.7375	82.2419	4.1291
2.6091	59.4451	22.7471	3.64527
74.3699	67.6311	44.4077	3.84443
89.726	45.5705	50.6957	3.73566
59.7777	24.6974	2.34131	3.73165
90.8918	115.96	79.8555	3.5537
48.0296	83.0865	-0.0848368	3.58708
23.5887	22.3887	72.1286	4.11226
83.2274	4.31892	67.0334	4.17895
49.2042	3.5777	87.5685	3.25918
15.1928	48.3936	14.4487	3.07201
112.521	12.7733	110.13	3.57143
73.8707	96.157	56.0239	4.15527
21.4419	4.2348	27.3996	3.78258
101.647	15.1679	95.7365	3.83975
76.2244	33.1798	81.0309	3.21485
77.6549	13.0683	96.7285	3.50961
3.03864	6.5188	19.0714	3.70141
87.1194	6.95992	83.532	3.79346
71.345	25.4335	39.2018	3.40425
105.601	94.0515	16.9647	3.41685
18.6022	103.192	106.012	4.07083
97.8132	42.4681	26.0553	3.29508
65.2774	60.4482	18.5676	3.42894
25.2972	78.1548	9.26834	3.08597
101.071	33.766	13.5042	3.48506
9.47611	35.8512	7.15807	3.43492
38.3853	2.1846	88.6525	3.21602
70.4936	49.5437	113.687	3.88118
98.5268	38.5243	57.6361	4.02081
79.7027	4.04958	88.5162	3.42879
85.8228	75.1327	3.33271	3.36945
2.30341	51.938	40.2599	3.65453
47.1596	13.6578	68.5619	3.37914
107.213	37.1242	56.5208	4.33193
20.0264	10.5642	18.5262	4.28849
77.7508	22.3664	37.7354	3.66925
29.2062	103.147	83.2515	3.34628
38.8815	86.5536	106.412	4.06168
-0.9401	34.6494	92.6471	4.03071
28.3581	107.61	61.4754	4.34101
15.1633	76.5376	31.447	4.19017
78.8228	91.0795	16.8423	3.72116
77.7595	14.7079	105.078	4.32358
4.33342	69.9486	47.344	3.9791
43.7113	101.105	55.0976	3.73449
18.7771	97.7669	73.5475	3.78209
110.4	109.681	103.294	3.43392
6.10637	63.4783	85.6309	3.73306
78.9674	71.2023	7.3052	3.14484
84.8001	99.2035	54.3864	3.21586
21.6725	90.0019	111.105	3.63524
5.89419	53.136	84.0076	3.41358
83.3905	25.5211	82.2311	3.6015
46.0439	96.5695	48.2698	3.50824
2.07079	52.2262	113.353	3.42201
13.8646	25.3858	69.4358	3.44153
23.4013	94.5368	59.3054	3.61689
40.5579	57.6429	74.378	3.20169
16.3793	38.0635	43.9122	3.39771
63.6535	19.1785	106.834	3.98186
40.8269	101.678	101.339	4.18747
25.4673	14.9518	74.1971	3.64179
20.702	28.6564	94.5671	3.73403
99.9646	38.4645	43.5098	3.83208
48.5907	4.51498	27.1142	3.85892
15.048	22.8084	42.724	3.41182
21.8078	50.4007	39.2049	3.92388
39.8437	87.1656	12.7666	3.42578
41.0782	31.03	37.9495	3.81525
59.5336	44.3551	14.5834	4.33732
15.6212	53.3732	102.858	3.7482
51.2389	2.16056	4.27957	3.12117
79.5492	7.79271	58.3579	3.53778
59.6687	32.4694	1.58092	3.65236
17.4531	110.885	88.5266	3.81789
41.7726	80.4208	26.3648	4.28891
60.9684	39.6735	70.1128	3.2473
19.2759	17.7133	38.7553	4.00187
109.572	69.4784	23.0006	3.78321
53.6408	95.4378	96.3514	3.11123
27.1316	28.5167	31.3524	3.94928
26.2236	58.6819	53.982	3.71914
44.0717	22.6405	41.7981	4.24034
112.633	6.93351	91.3485	3.70336
33.4862	17.0362	50.4483	3.50743
92.1932	53.3739	79.6325	3.43734
23.601	2.83243	59.1087	3.59243
79.5442	107.439	113.753	3.28835
11.5164	17.0265	39.7712	3.68341
100.737	87.0603	10.4972	3.84136
72.0983	64.6536	67.4295	3.97348
101.759	28.2555	71.039	3.73552
64.6573	4.4756	109.99	3.4994
3.25527	45.4325	10.2605	3.68664
19.6019	70.0878	35.5135	3.95932
87.8458	65.7628	47.2063	3.41907
70.3864	2.88248	53.14	3.98008
38.8905	103.687	35.7002	3.19039
104.311	103.131	47.8652	3.55344
65.8583	55.667	110.872	4.21855
105.543	74.0559	11.282	3.70935
25.1808	66.6969	83.8286	4.35101
9.16005	75.6049	49.1545	3.66488
67.7687	53.475	33.4715	3.65109
103.611	77.1749	97.9963	4.078
107.976	64.9784	81.1763	3.61751
106.795	31.2216	92.0114	4.17675
83.5899	105.487	9.44669	3.61466
30.3666	94.7027	29.7939	4.07594
79.8721	63.7376	75.6006	3.81554
36.5047	57.5025	61.9455	3.70212
18.8028	110.312	72.3127	4.2521
40.4958	111.324	3.316	3.46727
86.025	58.6562	19.1894	3.54697
28.8578	45.2558	62.9717	4.29575
103.217	13.0519	22.6279	3.39702
52.9412	43.0091	31.6074	3.84776
14.1676	77.0348	78.381	3.11067
61.747	26.5971	67.3434	3.50698
27.8085	45.0215	4.12105	3.49178
68.7675	98.276	111.143	3.29152
27.2668	102	31.0092	3.82798
28.7478	32.1332	56.0418	3.65082
35.2082	104.656	62.9305	3.06993
2.76159	26.6499	32.9817	4.05975
62.9759	101.063	54.1875	3.91172
63.4298	13.5819	85.5272	3.69386
42.8184	51.5935	44.268	3.39019
55.9048	50.8071	63.1249	3.28919
86.8044	104.899	66.5727	3.65348
88.2083	51.3553	63.2067	3.11891
96.7618	93.8166	81.0984	3.92008
32.9649	79.6003	49.4142	3.58157
95.4033	72.3806	63.7263	3.59882
110.858	85.3402	73.743	3.86916
39.7339	9.16007	101.537	3.38075
56.4653	69.0551	40.8703	3.93539
62.8141	18.1553	4.87632	3.61908
100.001	48.5518	10.7054	3.94459
27.1388	0.70457	114.415	2.84305
74.9096	98.8493	10.7199	3.12644
8.92648	22.551	54.2901	3.77676
8.11184	105.73	82.385	3.56089
111.819	2.81157	14.9762	3.83585
27.1499	19.8033	47.1415	4.04456
97.1557	27.1729	20.4384	3.97914
40.9568	115.817	8.8539	3.52012
28.9087	57.5751	60.8032	3.45267
28.3885	28.5677	71.7998	3.56771
38.1743	98.0248	16.4548	4.15859
102.887	77.4893	111.22	3.39258
5.65638	10.5342	48.8396	4.02748
63.8595	31.9051	22.8647	4.34373
40.584	58.015	53.3059	3.54507
14.855	65.1783	5.41227	3.87853
37.8033	53.1537	3.5205	3.88299
42.9317	28.1758	108.081	2.85021
44.7098	43.3094	69.1913	3.66347
46.6013	59.6177	37.3208	4.4675
14.3459	63.8834	37.7101	4.01802
23.7182	33.1978	103.413	3.24161
0.784589	106.182	7.96665	3.34448
98.2968	106.819	107.992	3.1484
32.377	54.6393	13.7663	3.28114
37.4817	29.9994	16.1134	3.65639
31.2971	85.8487	57.0229	3.32326
0.385087	87.2386	102.121	3.34299
11.5489	111.65	11.3997	3.985
63.958	65.0016	79.1465	3.75923
87.6573	113.079	38.5967	3.24157
46.5467	102.18	67.7648	3.7093
48.2832	38.7823	62.3875	3.78948
75.8455	30.9354	93.2749	3.44263
16.1839	44.2871	26.48	3.35485
43.7887	55.8132	1.64853	2.78641
88.9609	1.61548	6.20869	3.23243
18.2223	99.5023	61.9375	3.73399
2.73887	47.3416	85.7919	3.40808
22.7225	10.4818	36.985	3.74721
46.8517	72.5411	-0.939251	3.90493
111.23	12.7957	30.7143	3.62945
80.8336	52.3777	27.2624	3.87355
110.94	54.9738	110.858	3.83001
94.759	96.2752	2.77824	3.70552
2.88916	88.4494	47.9342	3.46977
60.7378	67.0311	63.2356	3.51885
37.4285	78.8507	41.425	4.96169
32.1231	18.2631	109.477	3.55005
26.3911	97.5781	52.1612	4.23777
55.4598	35.841	29.5758	3.30434
62.374	33.5264	56.2345	3.1281
116.526	10.8612	84.8697	3.55244
68.077	56.9091	57.9349	3.9334
24.5737	47.7836	93.7276	3.44317
92.349	35.5983	53.3881	3.86679
24.9389	101.607	78.1743	3.2694
29.2314	52.1026	37.677	3.66193
112.171	25.6188	43.7071	3.49173
94.6811	34.0283	42.3769	3.09902
77.7281	36.6352	46.9501	4.26981
8.8161	63.3396	1.80529	3.29842
91.7028	112.569	0.617148	3.68393
53.5496	116.591	32.1411	3.6998
41.1358	51.7099	58.1995	4.33466
83.6041	56.2694	87.7145	3.26033
84.6444	11.4993	12.8202	4.26369
68.4818	67.0748	56.7413	3.32149
59.7482	65.7628	101.302	3.47039
113.123	78.2504	10.6902	3.70843
103.484	105.957	15.4658	3.7377
98.0792	17.5224	10.723	3.99292
12.43	68.2272	51.8581	4.67989
14.4634	106.375	46.6931	3.70443
11.1842	99.2686	36.6096	3.30683
13.5802	75.736	54.9677	3.4337
47.1196	66.1911	22.8231	3.44464
83.3213	8.13832	26.7667	4.07003
51.841	43.121	2.96575	3.80887
63.8138	1.48401	88.0295	3.69338
53.206	33.1263	43.0624	3.42425
33.9137	108.335	82.1157	3.45831
110.777	34.7152	43.5301	3.01987
38.5637	87.4442	4.3399	3.8539
65.2721	84.9524	32.8784	3.45888
60.2003	91.9448	81.9907	3.42108
21.9782	93.8881	46.6145	3.49345
34.3555	20.8758	56.5331	3.52964
81.3871	63.6992	95.3613	3.33361
77.41	36.7325	96.9617	3.46479
97.7306	95.2041	58.3103	3.35392
28.6478	86.2024	65.1547	4.94015
86.1234	74.092	35.5186	3.3995
35.2315	84.1733	112.767	3.63609
67.5901	76.0421	52.9562	3.21718
22.2999	67.0777	107.108	3.74144
105.825	26.5536	0.859115	3.33383
29.6929	73.8444	96.5979	4.4067
6.28739	41.924	3.88029	4.07186
10.1789	70.0976	105.319	3.50367
2.65406	60.8083	10.9776	4.43225
23.7641	24.9146	65.1873	3.04424
94.0113	51.6319	47.8166	4.00914
18.8672	111.728	50.3725	4.0685
113.793	96.6918	94.1775	3.9716
42.0481	110.865	72.9025	3.90671
83.1247	18.1805	73.6491	3.97269
12.8763	9.24239	105.209	4.14202
20.6556	79.6278	37.2327	4.08872
92.9998	29.5463	72.1328	3.90812
30.4711	30.7245	15.37	3.24563
49.7008	79.3633	11.2358	3.55381
60.0145	60.7247	111.479	3.42983
80.7311	39.5464	65.2619	3.78441
111.255	94.5257	1.22776	4.06681
113.083	33.0516	33.2055	3.03837
59.4196	70.4995	12.3193	4.01181
84.3736	36.2001	31.2547	3.34331
66.0754	109.698	87.2219	3.50734
70.1851	73.6042	59.2382	3.54947
99.3021	9.96558	14.2707	3.58826
24.3661	59.1526	22.2574	3.31395
24.1718	1.63178	107.468	4.31353
111.252	51.0206	102.685	3.48524
43.8871	84.2038	42.3114	3.46074
51.9145	51.5787	81.8055	3.56058
10.4969	8.69056	12.2203	3.88919
72.9045	52.1284	81.8727	3.24223
34.7721	51.5308	43.4592	4.27958
2.76236	100.083	61.4622	3.98422
104.602	-0.505226	45.737	3.69995
91.9535	63.6047	18.5393	3.35194
21.1957	17.9971	99.509	3.84961
87.1403	62.3325	90.5899	4.08872
57.8647	48.5689	86.0894	4.03541
35.6088	52.4252	111.646	3.47003
88.9332	96.2683	77.9648	3.33238
75.7728	16.1769	42.3643	3.51808
52.3505	94.5962	111.302	3.44662
47.7478	108.53	49.0475	2.9572
42.0642	72.1496	51.6965	3.12046
52.9824	22.042	79.8835	3.58305
49.7509	102.82	92.9789	3.83287
70.447	16.2385	111.519	3.21162
67.1631	77.9063	72.5477	3.78759
7.03628	37.243	95.3225	3.50011
43.6342	43.5439	105.936	4.11314
20.9403	31.7602	58.305	3.73453
65.549	9.01235	58.1201	3.7754
14.4511	112.533	111.737	3.17087
97.8403	102.471	31.8139	3.69988
49.8936	88.43	64.5782	4.0549
81.1944	47.511	78.046	3.70952
18.7538	61.3755	105.455	3.03532
16.4414	89.1015	68.0952	3.80615
82.2616	80.0139	47.1015	3.63816
29.1352	114.758	42.755	3.4943
77.7465	58.3116	47.884	3.62519
88.912	78.6785	99.6991	3.23877
52.4003	5.50156	58.4319	3.17147
91.828	70.6735	50.686	3.22853
90.1213	47.7144	1.91072	3.68125
103.39	4.72102	69.9972	4.27941
81.2911	75.0333	90.733	3.1856
12.715	69.2857	27.1767	3.89472
26.569	104.432	18.9046	3.96895
94.2978	101.254	17.5612	3.17848
42.8843	50.1834	111.721	3.45853
55.94	72.8022	67.6572	4.06284
100.485	31.0559	45.4615	3.78602
100.163	107.35	42.5405	3.87215
58.1888	71.8911	79.1205	3.80308
46.1496	6.37884	9.1766	4.15069
95.6737	92.9419	93.6577	3.92012
9.0129	90.1692	57.2208	2.80352
58.8538	74.8739	92.1976	4.00011
47.4972	64.2472	83.5787	4.00834
79.9675	52.068	72.3097	3.64822
10.0772	70.7126	2.05186	3.98787
25.347	70.6306	55.2236	3.88619
59.8985	76.5984	108.846	3.58329
41.6365	96.4561	96.1168	3.01853
32.2865	93.7685	77.7403	3.42477
89.7557	88.3327	46.1492	3.3589
18.5935	104.285	77.2873	3.41234
54.1409	66.5685	18.846	3.54562
103.704	94.8342	53.8423	3.72774
47.7123	59.6057	29.3992	3.27589
19.4296	6.77235	94.2926	3.35927
109.128	81.0578	38.9397	3.46372
97.1994	70.8869	93.1906	3.44158
76.2013	37.0507	31.5945	3.81854
48.9389	64.3454	58.1041	3.65895
90.4566	62.7534	25.4547	3.57578
69.8232	57.5796	65.4834	3.56403
9.99259	112.555	72.8694	4.02668
70.1772	1.15925	66.4207	3.89167
112.089	17.6634	23.3171	4.13203
82.1263	40.3189	90.6834	3.80148
3.73341	24.3163	14.7507	3.85458
31.6654	89.1221	116.214	3.26068
12.2595	57.1685	16.7304	3.30905
71.2876	21.8151	81.5452	2.96365
106.46	83.1919	54.6325	3.31567
103.315	72.0223	1.07117	3.98583
3.45683	64.9046	17.9418	3.45837
97.8585	69.5646	17.1428	4.16173
0.894695	98.7477	52.0184	3.27769
41.1855	106.554	59.9605	3.69899
103.173	52.9476	63.6013	3.26815
96.2026	22.4047	69.2534	3.83934
20.088	97.9844	82.0694	3.73262
16.2824	24.2951	90.2736	3.80333
53.5774	18.0292	12.0801	3.63817
54.6382	50.5467	55.7243	3.65838
16.6948	95.7927	103.357	3.52791
71.119	31.8517	51.0797	4.05935
74.511	66.1814	59.4796	3.26609
23.3673	95.5776	-0.206419	3.35002
26.1012	110.995	68.7038	3.78388
85.6153	61.3301	41.9845	3.62028
100.838	101.097	84.7936	3.4664
92.3775	74.454	74.3987	3.80484
26.7356	74.6043	35.1615	4.0055
48.3653	29.3225	39.0758	3.66686
86.1976	73.1393	65.7723	3.13139
25.8342	85.3702	0.971542	3.59708
52.8028	28.0858	4.14575	3.79392
39.4656	30.6795	103.269	3.5297
49.1784	22.0651	1.27992	3.62582
111.648	70.1412	2.06201	3.16908
98.8739	17.9083	86.2443	3.15388
104.178	98.4639	33.4101	3.77188
19.1877	33.1533	2.8587	4.26169
79.5744	0.434007	18.5523	4.01456
104.282	43.5973	87.5377	3.57906
59.6532	109.333	82.3252	4.40847
37.9711	105.194	94.0887	4.01766
21.1059	15.668	25.2883	3.3142
21.0406	60.5706	33.9427	3.34238
65.1613	79.9249	60.3722	3.52365
57.663	101.598	21.9902	3.08073
40.6744	63.9014	21.4513	3.20248
2.75098	100.487	16.3316	4.64651
35.6707	93.2971	92.2494	3.34592
99.2379	26.0958	11.8484	4.39976
98.9149	35.8381	30.7381	4.00776
51.1414	3.49986	93.8695	3.13118
81.9312	101.792	33.5933	3.11319
13.405	48.1736	93.218	3.54942
83.139	111.513	67.742	3.82792
115.095	1.98572	115.713	3.22638
22.6602	38.6458	17.8151	3.19265
76.7197	58.1188	114.213	3.51989
28.0042	55.6736	27.8484	4.11498
108.16	47.8396	61.3051	3.80257
111.546	112.09	23.2079	3.29333
82.7293	15.9436	92.8972	3.37233
33.0914	58.9552	112.469	3.48343
43.7783	8.91723	111.85	3.01797
62.0321	30.4553	7.85831	3.33165
23.3908	64.9694	6.77963	3.93456
62.0646	51.3802	1.26517	3.76537
92.7634	40.8547	20.8811	4.01412
5.68923	87.2312	106.749	3.22107
69.7186	85.6139	60.3693	3.3799
95.2093	101.386	67.1409	3.71742
86.4424	76.9373	87.0407	3.41866
90.2132	28.2093	52.8063	3.28344
7.81047	2.99657	-0.732214	3.62978
75.088	111.748	110.099	3.79985
36.4948	95.572	44.5938	3.15583
32.0248	100.222	110.834	3.97027
33.7132	111.068	1.17786	3.61873
14.8763	54.281	47.9566	3.34299
35.6661	19.0464	33.1382	3.46259
84.7441	3.14435	1.39712	3.24161
111.895	87.1403	51.0213	3.49713
101.763	38.7914	112.657	3.46046
90.0643	22.7316	83.2785	3.50008
101.036	17.4763	79.599	3.73309
34.924	30.7598	108.521	3.40951
84.4528	91.1441	38.4861	4.11853
34.6703	113.278	29.3778	3.62678
22.8695	75.8953	91.7951	4.13253
34.4066	39.0932	40.3245	4.19423
64.8997	65.2616	68.1888	3.17837
96.6793	25.3303	95.4296	3.69681
108.879	82.0364	80.1008	3.51952
74.991	34.5957	-1.88742	3.70584
34.3479	69.4416	24.8103	3.17879
89.2554	79.4921	6.24353	2.83283
54.993	47.0583	43.4492	3.93282
21.1988	55.3804	70.4975	3.59194
75.0913	31.4667	106.367	3.74525
30.7926	81.183	36.0011	3.69323
11.5284	29.8147	9.71861	3.34937
28.9185	34.3468	48.8238	3.45338
44.9131	30.4904	10.2641	3.61366
28.1261	55.5965	68.6187	3.43424
56.3016	33.7091	9.72069	3.36798
48.9554	60.8695	2.46861	4.4705
72.594	92.686	101.455	3.45239
74.6515	30.483	34.3846	3.43557
74.3548	0.923516	103.492	4.06736
91.5458	105.414	7.84095	3.1625
38.0303	39.2478	1.3337	3.52164
105.717	71.3233	102.751	3.00632
2.6298	70.2257	23.9824	3.95317
37.2723	98.4657	73.5183	3.82662
25.7164	113.351	28.981	3.64282
62.9157	39.0471	0.950491	3.25401
64.7527	33.6461	111.3	3.78208
105.634	-0.73295	63.8766	3.98897
3.88322	13.0614	4.03275	3.50246
88.6166	31.0749	81.0201	3.82541
10.7788	4.53633	99.7498	3.22051
84.7617	15.7821	27.5979	3.56512
35.1184	35.3147	77.9119	3.27463
110.81	110.815	37.5379	4.22987
5.97472	76.2522	67.3981	3.79043
44.2519	22.4232	94.4589	3.48144
16.5254	16.5768	7.56022	3.80311
75.7542	99.3657	102.683	3.64927
71.0353	2.05481	45.4553	3.75307
35.8287	114.995	40.3338	3.61865
83.1169	34.6375	99.9251	3.00713
47.8486	16.2512	37.7236	3.89115
87.3454	7.31217	112.45	3.10261
111.333	85.7206	87.0143	3.67818
24.5828	57.9025	46.8881	3.27468
106.525	74.8247	37.1727	3.50248
5.96408	19.338	34.7856	4.00376
80.5155	56.4935	54.4574	3.69071
47.7976	-2.79672	29.6632	3.70881
63.1068	81.6148	4.31944	3.84274
95.9212	51.5494	4.04985	3.44725
24.8124	113.926	100.654	2.99099
22.4112	53.6083	106.044	3.66621
111.445	47.6225	114.526	3.29385
52.9101	58.2222	17.7834	4.74919
41.4745	61.7803	101.723	3.53502
111.372	94.0441	51.2758	3.35501
66.5764	73.2591	110.837	3.40341
92.7432	12.8224	45.0197	3.65867
79.6573	78.1693	2.56537	3.44039
111.647	110.418	29.7972	3.43404
85.5038	54.959	68.4187	3.70189
35.2618	43.7741	101.04	4.19983
15.5268	0.987687	75.4172	2.9544
26.3224	81.151	58.0815	3.46694
74.941	101.487	44.6313	3.66452
49.5649	95.2728	55.2603	4.35669
1.53362	31.7236	27.5463	3.40495
110.467	61.6177	13.6487	3.17963
50.616	41.0547	41.9238	3.20818
61.4276	89.5516	70.671	3.45195
113.988	102.116	73.8395	3.4975
2.94351	96.292	10.2018	2.60072
116.026	111.636	70.3365	3.11611
32.3044	86.0293	73.8129	4.45304
50.118	72.3889	89.5407	3.5158
28.6317	87.2112	109.144	4.04841
99.0798	24.2898	60.5502	3.9948
35.1211	83.3599	87.3867	3.18704
92.4796	100.643	51.0421	4.09065
76.6177	79.7395	12.9731	3.15573
9.58313	102.668	89.1079	3.44512
42.5058	5.84899	84.9678	3.22883
105.141	50.1077	23.5162	2.83098
91.652	2.42569	19.9671	3.51734
75.1232	110.558	78.4721	3.69553
89.8504	91.1979	82.412	3.42251
100.198	3.49873	99.5906	3.64115
68.3779	1.11486	94.153	3.75785
1.3575	46.4665	73.068	3.34623
69.1247	101.5	104.281	3.4512
28.3969	34.6724	27.1024	3.57284
96.6357	82.8028	95.4091	3.31372
10.1526	62.4283	79.3805	3.62894
57.6105	94.9522	54.6458	3.60821
72.9201	40.1964	4.90397	3.0507
74.8117	70.427	88.3932	3.87908
24.2547	15.2158	31.6254	3.38669
21.5486	37.6623	48.999	3.79768
48.576	37.4556	28.5647	3.74383
97.2217	14.3959	111.406	3.50713
28.573	76.6964	22.1823	3.19069
36.4812	42.931	82.4797	3.67803
38.5972	109.884	101.152	4.10373
59.7218	56.3113	105.816	3.48102
112.808	33.2808	74.564	3.78183
88.5134	72.1986	80.7757	3.75422
27.2709	23.7623	79.2452	3.88996
94.6089	22.2328	77.9082	3.11692
50.057	33.6535	14.0259	3.39181
62.6222	55.3628	63.5801	3.79556
12.2227	44.2841	8.60133	3.70365
15.752	53.0147	111.686	4.82038
76.0735	16.2202	0.771934	3.4745
76.2693	26.4329	81.4512	3.53295
76.349	42.6203	17.3834	3.31963
97.9544	19.7362	32.7668	3.76748
55.5352	97.7864	80.6791	3.99227
72.4759	31.0379	59.0797	3.57147
1.65946	3.73842	64.0791	3.98334
91.6884	78.5464	0.685279	3.25038
45.8508	5.30755	53.9892	3.35014
2.3973	102.364	80.2348	3.37673
113.235	111.157	77.1965	3.87644
51.4728	115.985	64.2811	3.83257
50.0877	15.8058	105.673	3.62506
77.2413	25.7249	69.7689	3.05463
20.1932	76.1841	14.5368	3.82709
66.9109	35.2828	61.4278	3.59158
116.085	20.4717	2.04303	4.02512
112.447	20.485	31.2372	4.08762
56.9664	40.4763	112.347	3.82213
76.6873	65.9154	18.6837	4.37007
61.888	24.8466	58.5131	3.64459
2.59713	67.5887	33.482	3.84285
96.9672	26.318	29.3662	3.69319
24.5796	55.2877	113.237	3.64027
77.5325	86.6187	63.8514	3.79313
36.7853	66.4763	91.4997	4.18712
53.8376	82.3423	104.202	4.04968
108.108	73.0098	52.2968	4.07903
83.2698	44.7523	84.7385	3.61774
23.7341	20.9312	28.4441	3.04652
108.965	70.3965	41.9193	3.24748
90.727	42.1154	57.8252	4.05062
43.1834	81.8224	65.3949	3.48263
96.0873	41.0244	86.401	3.15932
25.8155	41.5071	27.8777	3.24128
2.79441	14.0534	19.7847	3.53338
107.445	46.8257	50.9662	3.32635
0.0501272	54.1481	81.6308	2.9567
3.52095	21.9161	73.1609	3.35479
73.8112	24.6516	95.7434	3.47059
5.7212	18.6214	85.0792	3.63697
16.4427	3.19179	50.8294	2.98903
64.1646	90.1114	5.51499	3.69458
57.4586	54.5175	112.207	3.16723
7.55898	24.6118	7.93792	3.40931
110.96	2.49296	50.7883	3.63391
39.696	1.04318	49.7444	3.81183
44.9864	99.2821	29.4389	4.00294
28.4794	25.1429	59.5367	3.23803
88.0948	26.6735	96.0853	3.80422
108.642	68.6998	34.5648	3.39961
48.692	81.5514	98.6416	3.50227
49.5791	28.2264	97.4413	3.54426
18.0298	81.7778	69.2575	3.74651
17.9522	4.03484	102.343	3.6163
88.5729	98.8666	84.1745	3.27471
19.7667	13.5281	93.8069	3.17653
86.2942	41.3565	2.36347	3.34597
35.0429	4.58033	3.90163	4.95466
48.2702	52.422	31.8635	4.25671
26.306	46.5762	54.904	3.42265
2.6946	86.6783	64.3484	3.02936
15.9419	14.5879	14.0433	2.98627
91.8624	37.5223	74.0726	3.69994
70.1992	105.775	50.0836	3.4594
2.33156	103.572	96.6078	3.68302
53.8045	112.19	106.453	4.48188
69.8092	37.8451	82.5761	3.61024
77.9257	6.84828	100.748	2.68961
22.6217	64.1602	41.6592	5.0051
80.7127	47.678	4.77191	4.33194
3.28584	72.4884	14.7988	4.30613
11.9644	14.6389	46.7952	3.51463
68.706	58.2493	102.57	4.72028
3.12531	9.8578	41.2771	3.86082
53.9114	61.2771	99.5246	3.86377
63.4209	10.1215	92.1694	3.63527
85.4447	94.2704	1.5598	4.06508
25.0933	26.5048	89.1858	3.53414
21.4061	88.1128	15.2985	3.08115
63.158	97.6452	67.0175	4.09152
11.1027	112.801	50.6493	3.67255
23.8992	93.2828	7.02646	4.17619
38.4987	19.9318	61.919	3.21382
25.7811	63.3332	76.1867	4.01594
20.2837	84.3941	62.2648	3.91126
16.4143	21.2364	1.04302	4.15524
85.9894	74.7456	51.0366	3.85445
72.3484	75.0025	107.928	3.0853
34.3195	1.66369	81.8232	4.60637
60.2169	39.9062	77.7698	3.48673
64.5631	24.3753	8.21741	3.16231
16.5217	22.3536	106.114	4.33998
112.133	48.1489	95.8119	3.60835
105.984	36.956	48.2127	3.94401
87.4646	56.5604	113.813	3.58444
80.9469	112.516	3.32628	3.71531
30.0386	70.6852	89.0487	3.5798
37.1001	67.1011	11.1741	3.8059
73.7967	76.2087	77.3798	3.69439
41.5369	91.5472	46.3935	3.18965
98.9401	15.8828	17.9129	3.34773
53.142	105.008	80.1584	3.59936
107.105	109.15	50.9044	3.63389
41.8999	2.52607	79.5494	3.05543
67.1724	89.7874	96.7456	3.97904
98.4347	48.9084	18.3359	3.77679
105.855	9.02938	27.7477	3.49111
91.7471	44.9294	90.6897	3.9642
98.0592	104.015	24.0361	4.17247
28.7304	20.7315	32.8428	3.54234
47.1184	105.749	104.194	3.51992
80.9611	18.9124	111.238	3.51272
56.8373	103.571	39.0364	4.02286
110.213	30.3262	22.0439	3.476
8.6835	28.2193	37.2616	3.35043
28.1243	111.958	83.8548	3.34264
14.6403	51.5675	41.5672	3.57817
55.4594	30.9465	94.5209	3.32798
7.97697	86.6852	51.8102	3.05554
91.7864	9.21568	78.3164	3.54341
90.3067	106.56	55.4438	3.17502
110.882	115.182	90.2207	3.36937
91.8796	72.2572	97.6126	3.41516
18.2176	54.2049	13.3295	3.56656
81.4352	92.4797	56.0733	4.16978
68.9441	2.2265	76.3525	3.42246
29.1672	40.716	87.3605	3.13098
114.209	74.2738	99.7267	3.78119
26.6247	53.4153	89.3908	3.82982
69.7617	88.7729	52.7144	3.83294
37.1357	42.8975	33.9634	3.42438
63.0794	51.1876	100.735	4.36899
60.0888	107.958	23.0665	3.72448
96.849	79.051	107.533	3.64382
13.68	81.7074	15.4722	4.47305
86.7052	107.531	3.0434	3.7926
83.351	74.4911	97.2442	3.63104
105.786	39.9579	31.6002	4.04181
2.39538	89.3257	55.2933	3.74966
108.847	28.6687	70.4493	3.22707
89.668	83.306	94.6215	3.63312
54.8485	102.002	65.2015	4.08428
96.4523	41.2983	105.253	4.12702
109.756	104.273	79.7372	3.98976
1.24748	93.59	71.3443	4.29018
74.6982	38.3443	39.0885	3.87641
4.79729	86.2271	70.4982	3.32426
80.2925	101.4	68.565	3.33696
74.2152	18.5571	99.069	3.30871
88.4306	17.6735	97.0718	3.66773
17.0362	64.5045	57.5946	3.40978
76.557	9.25065	31.8915	3.81545
26.9055	69.9152	24.4213	4.12995
93.5715	109.615	19.9952	3.75136
44.1777	53.2935	7.65042	3.55731
110.606	59.9204	6.48598	4.11612
13.8038	23.0513	34.8339	4.25393
107.694	52.5126	68.0792	2.96301
63.0902	106.719	48.8208	3.69849
31.674	64.2862	37.7864	3.35677
71.6261	60.4043	51.9928	3.71268
97.6603	62.5423	84.0339	4.38536
66.7425	58.7136	28.1988	3.06922
6.54055	105.726	60.0416	2.93803
35.3768	23.5364	70.4147	3.38008
80.3087	83.2388	57.8718	3.59874
53.2436	59.3407	110.824	3.05705
105.949	43.7064	45.0012	3.47964
2.40032	1.95884	88.1524	3.76708
79.2683	113.363	73.5868	3.19672
85.8551	24.4808	24.7775	3.71519
85.7059	55.8816	94.0705	3.26868
107.428	94.1094	38.7645	3.72479
112.626	37.8507	51.5977	2.92135
86.4982	27.6674	5.57922	4.45134
30.8647	43.105	113.656	3.17441
112.196	40.8119	41.0191	3.69192
111.691	91.3174	44.239	3.71725
90.2411	30	27.2521	3.70773
5.41773	107.684	19.9047	3.77811
27.3693	90.4705	50.3042	2.88404
83.846	89.4196	30.2867	4.06188
111.47	96.7851	32.4655	3.62316
15.0315	18.3871	57.8257	3.7079
14.0038	92.1463	53.695	2.99163
70.8698	43.0532	22.637	4.192
99.1544	90.3763	17.3531	3.89596
41.4337	13.5063	96.4324	3.31216
110.722	12.2226	96.7752	3.78319
26.2978	1.14118	74.6343	4.02535
54.8703	101.524	57.0407	3.85718
18.5812	65.3464	87.7244	3.10937
43.3221	102.122	90.1734	3.1564
63.5201	17.1558	92.967	3.27633
21.3566	73.6576	110.955	3.8696
72.8668	60.4832	109.199	3.13109
53.7232	110.007	69.8048	4.10569
89.1029	65.7411	75.987	3.81847
42.7663	60.0197	7.0805	3.08281
1.73125	111.03	14.2768	3.68997
100.027	4.1492	57.7819	3.711
82.0643	60.6654	65.8521	3.31461
92.0488	70.7187	35.3614	3.37278
32.9176	54.4663	101.18	2.76289
16.193	88.0689	11.3315	3.37837
92.8645	53.7317	89.5161	4.216
46.0447	18.4961	63.8949	3.26816
32.064	26.6257	86.207	4.00463
40.6196	84.4224	57.1325	3.3944
44.4955	65.8476	62.6173	2.77074
69.3411	22.2928	58.6583	3.95443
75.2987	88.2599	57.2453	3.15638
17.6022	70.0258	10.8949	3.77992
66.3317	104.035	70.2067	3.50189
106.116	16.5027	27.8068	3.23979
90.4202	90.6364	104.852	3.78165
15.8928	65.0278	16.5591	3.95034
111.511	61.3885	101.786	3.63657
67.6199	44.7889	68.3801	3.26574
95.7681	10.0265	71.0238	3.28095
22.5927	67.0358	114.645	3.44039
31.8446	76.5846	7.36346	3.83622
38.1368	43.0386	16.2853	3.64554
10.8163	5.10973	61.579	3.42971
83.1346	22.0461	104.88	3.25101
59.5421	18.7686	76.7164	3.35993
80.6372	26.711	110.391	4.20578
88.6399	106.325	87.6889	3.29878
61.951	19.3655	13.3667	4.15765
30.6151	43.0812	107.055	3.31709
103.806	20.2565	71.7848	4.34178
53.7716	34.42	114.007	2.9672
13.5642	44.6882	60.9915	3.49735
112.403	9.45885	23.7559	4.06998
83.7085	103.268	20.6658	3.45822
63.8619	104.518	99.9844	3.81709
104.59	4.47261	39.436	3.41563
2.11279	76.4268	50.5666	3.51079
48.5565	99.184	106.228	3.231
93.076	30.4808	9.23614	3.44021
4.12984	59.9149	32.3531	3.72818
26.9828	49.0015	24.2241	3.4939
26.6896	44.9308	38.2068	3.36353
57.3315	89.7174	65.202	3.38177
22.0325	30.807	51.3188	3.26469
59.0589	24.8443	20.2873	4.31211
19.4219	111.051	104.329	3.72843
65.8185	77.0971	97.8723	3.94175
9.5693	85.8386	38.2828	3.39844
100.811	25.7779	110.804	3.92292
33.6358	89.946	13.6657	3.25089
58.607	97.791	9.38921	3.4642
101.996	100.414	60.6818	3.3345
35.2388	68.9468	83.7254	4.03265
81.2632	18.7894	99.1069	3.56402
73.5499	93.1789	21.4305	2.97187
88.2538	74.6962	18.9471	3.20799
96.552	31.8016	112.135	2.96307
31.4848	56.9251	48.724	3.8926
41.1213	2.60652	33.6528	3.46391
40.532	15.878	37.7417	3.43021
24.587	5.00286	13.6064	4.20762
37.6515	98.0668	25.4193	4.28809
104.517	88.4207	50.5027	3.46659
37.3826	44.9151	54.5216	4.03288
87.2954	49.5525	44.9926	3.49318
89.997	9.34349	65.7181	4.21103
105.939	65.0391	2.77908	3.66453
106.274	97.9292	111.008	3.97428
74.1973	98.4896	17.3494	3.51844
89.3783	16.0122	70.0017	3.47111
41.8406	22.2283	111.287	3.45753
111.972	99.3955	66.9776	4.03578
53.6043	20.7989	58.3288	3.81023
4.66433	29.3418	74.3648	4.14122
15.4301	77.8371	86.8456	3.99193
13.7366	73.0367	99.2534	3.62034
43.1369	19.0576	15.5898	3.46422
82.2122	7.89376	95.7832	3.34431
24.3855	40.0715	92.3937	3.66261
30.3398	36.7262	102.94	4.19348
81.797	68.5817	107.674	3.36919
46.8942	6.50348	62.3112	3.44476
10.8577	47.05	46.811	3.72622
102.038	67.5014	81.2798	2.67499
55.4788	36.3316	72.2233	3.31579
84.9511	85.9529	51.5612	4.21874
9.91853	8.59993	19.6359	3.39707
112.229	41.435	2.76643	3.61974
29.3965	92.4705	22.6946	3.42859
39.0573	108.216	22.7597	3.11823
13.4566	81.4583	50.567	3.55305
33.7817	100.322	33.2655	3.26051
38.2151	91.1336	98.3554	3.42014
104.727	106.892	106.193	3.27495
44.2836	24.0038	59.0279	4.1945
101.304	70.2651	74.5785	3.23777
104.133	1.86713	13.4395	3.99305
103.571	61.7287	54.852	3.58069
73.6473	76.0097	25.3175	3.66858
67.6983	9.38275	50.5541	3.46518
14.0816	33.356	49.2348	3.38737
71.7915	49.0581	10.5242	3.20711
101.057	69.2061	7.74792	3.55974
68.757	104.271	42.0155	3.49527
67.8641	43.9591	101.992	4.1161
88.5912	84.2731	82.761	3.54258
88.4384	53.1854	52.4803	3.32181
93.6872	48.8273	55.4103	3.17059
106.343	83.0814	0.682699	4.04309
79.796	2.25656	31.0187	3.90159
99.2778	52.7551	93.738	3.28895
66.7434	28.569	2.59226	3.93905
20.055	70.6018	27.9765	3.46072
19.824	97.2009	89.1466	3.26886
112.255	85.1503	28.7089	3.28637
96.4348	86.1813	81.9224	3.39902
19.1603	11.3527	112.413	3.13698
13.9068	27.6278	3.91862	3.16783
62.6384	67.939	94.6947	3.84809
14.158	105.713	-0.61221	4.17823
54.9189	17.9269	4.50103	4.05867
106.522	26.8018	7.74182	3.55022
41.6606	93.611	53.3164	3.67908
112.356	43.19	47.9385	3.48995
44.6046	29.9092	18.1501	3.60726
62.4131	31.178	14.4097	3.07137
17.6277	50.8633	76.9256	3.62037
94.7116	53.8058	111.767	4.23732
95.6021	66.2016	39.7658	3.57439
45.5118	29.8779	25.5329	3.71204
5.20348	46.7157	78.8928	3.4003
45.7312	0.310191	14.6573	3.88906
104.736	6.59067	62.5569	3.35998
50.0133	1.17013	112.677	3.65094
22.2043	56.5888	77.6159	3.58922
48.428	87.7451	48.1778	4.72669
96.6163	64.0071	11.1333	4.04476
15.3238	18.1445	22.8959	3.28425
69.7979	70.1682	21.5869	4.13588
89.7973	78.3162	109.316	3.55247
2.93319	50.9348	32.9108	3.73317
52.7892	3.06928	12.4568	3.82853
111.198	25.7866	36.6523	3.54173
38.7928	26.904	64.1834	3.84199
82.1101	51.2366	94.5907	2.53235
49.972	35.9191	95.1943	3.8976
20.4672	11.7269	70.1237	3.49373
111.514	3.27603	68.825	3.13808
27.9977	35.9679	76.7636	3.81361
28.7107	94.4008	63.9134	3.30318
8.77105	49.745	12.4646	3.64873
10.1236	56.7596	9.63562	4.01386
49.0711	91.557	20.0638	3.76861
103.714	51.2251	85.4282	3.31855
30.055	95.625	1.37436	3.4307
78.7155	30.2981	86.8494	3.50821
112.329	70.7971	9.17223	3.91823
21.2245	108.606	111.195	3.59649
67.5263	32.0177	104.156	3.86257
12.7737	75.4431	7.94388	3.96065
23.6358	64.6161	29.3319	3.18007
97.1144	56.0791	9.99205	3.97079
67.0094	17.5195	65.3086	3.43042
43.3125	106.115	31.7956	3.04363
23.8683	41.0956	113.934	3.81422
90.6273	24.2727	59.3137	3.50402
22.6934	18.0297	3.60453	3.26156
80.952	99.6448	95.9385	3.9105
102.668	72.2033	22.5629	3.47431
103.384	111.585	101.086	3.57742
51.2463	24.1872	86.8964	3.41875
40.7707	18.0507	52.1704	3.93377
64.1125	76.9038	19.8233	4.73598
45.7335	78.0331	79.1806	3.31259
86.0817	3.15003	14.6376	4.04091
27.7057	112.657	19.2431	3.32658
74.4578	93.6431	63.6558	3.74431
46.3154	7.92967	77.8854	3.977
36.3437	84.6467	31.2098	4.01076
93.5536	43.636	98.2096	3.67887
95.8923	79.1227	62.2508	3.26767
43.6842	32.6438	63.1408	3.69008
42.5847	43.5001	60.2687	3.77391
43.3152	105.516	4.69742	3.07756
8.39006	48.8391	40.4385	3.15509
11.5234	39.0865	65.7052	3.86219
80.2109	113.611	42.1619	3.47341
26.8724	7.33411	88.2358	3.83062
3.58439	11.8848	11.6532	3.54231
35.9442	58.8526	25.6858	4.07023
73.8943	37.6151	62.1032	3.40668
12.1741	70.3024	34.62	3.34477
85.2955	29.6099	89.3364	3.36615
92.7079	55.7282	72.324	4.18143
43.4497	72.6408	107.35	3.73047
26.6824	95.0058	108.39	3.80271
51.2968	98.3616	36.2274	3.80198
82.3964	99.2602	27.2552	3.54937
96.0561	106.436	13.3373	3.71839
77.2566	44.1901	73.1484	3.28172
25.4826	33.655	96.9899	3.41659
70.5514	29.3358	111.466	3.35059
44.5326	112.83	45.1963	3.61453
76.5598	95.7891	26.1025	3.14403
44.8953	107.038	97.0369	3.70163
13.3009	86.236	105.414	4.23725
12.3126	40.9726	98.5523	3.59048
65.5398	19.6095	-1.25154	3.20161
19.4701	107.036	62.4223	3.66837
40.0968	81.5377	82.6737	3.61689
99.4384	15.8373	58.7874	4.56076
49.7613	30.933	31.9106	3.61612
58.0296	47.227	93.7622	3.55182
69.2932	6.64156	32.6727	3.83008
70.5797	102.709	7.26806	3.55316
73.9347	21.6106	14.6103	3.07889
100.464	97.8312	27.4996	2.96047
61.7637	90.5913	105.449	3.88272
112.308	10.757	15.6352	4.06663
15.02	99.6207	29.6077	3.93402
29.2729	37.587	15.6413	3.67911
94.8871	32.1406	97.5402	3.54775
76.9365	13.4583	24.8677	4.24371
9.42349	34.1364	81.6672	3.71024
104.405	70.1316	59.8089	4.49915
35.7927	72.2891	47.9241	4.14258
64.4693	0.929145	58.8224	4.23268
90.4531	88.8732	68.6377	3.44344
57.6819	28.1226	28.5803	4.64166
26.6031	16.5506	37.9152	3.34879
108.346	88.7482	5.63914	3.53651
37.2052	16.4774	103.467	4.39647
112.595	111.006	3.4949	3.85219
85.9428	95.4745	108.867	3.84657
3.34365	109.068	33.6249	4.37743
6.16115	9.51637	67.1523	3.88613
24.4724	26.5941	15.8123	3.88983
110.511	3.47152	58.5985	4.14437
65.5506	24.3521	26.6082	4.16578
46.6777	98.725	-1.87857	3.84221
90.0975	100.37	62.1776	3.38954
44.7458	0.50346	67.4901	3.47343
107.836	8.41917	2.53353	3.77797
67.383	4.89005	11.103	3.49975
100.027	34.1615	106.59	3.84352
111.065	15.9317	85.3034	3.71944
39.1246	63.3875	65.27	3.47499
44.0378	51.6193	51.0178	3.15677
96.6487	52.389	41.0509	3.19206
19.2744	84.2114	30.9087	3.64253
21.0866	6.64408	64.8327	3.70691
10.8831	82.6458	-3.24875	3.15787
101.237	60.2432	97.9757	3.62316
98.1896	86.9944	25.1981	3.25508
25.2599	67.8631	100.312	3.56569
108.53	70.3352	66.7353	3.4311
30.5757	88.3358	89.6451	3.88841
14.8008	37.7624	26.9998	3.24494
70.4137	7.44534	105.388	3.63261
92.789	86.5113	14.3914	3.88004
111.2	24.5599	14.5916	3.67209
57.5756	3.53951	105.012	3.17143
7.69996	49.7657	89.7289	3.30506
106.538	27.421	47.3979	2.90238
97.3584	84.0663	19.7406	2.97781
95.5805	59.2861	29.844	3.79052
63.1956	24.3067	51.2237	3.76468
62.5738	100.822	3.96906	3.365
65.018	34.4926	77.894	3.45535
65.8975	23.0035	34.1609	3.49822
24.3571	1.58983	94.4031	3.74163
63.3772	71.9432	40.6531	3.35951
69.2816	84.3826	91.8823	3.44068
95.0249	84.65	40.7129	4.14937
60.1422	112.107	33.0043	3.8352
43.6674	34.8462	114.363	3.24523
21.6773	102.883	26.4469	3.34288
75.2595	77.7843	47.6285	3.30097
112.961	78.9804	88.8249	3.43036
56.9721	39.2539	84.9313	3.83984
96.1264	81.9908	52.0236	3.48633
40.4911	3.22741	61.6767	3.67196
91.7718	45.8484	34.0172	3.33915
83.2759	51.8784	18.481	3.5839
70.1753	39.0399	47.4936	3.63152
87.4671	97.527	68.5257	3.81806
59.3915	12.3622	29.1858	3.40611
5.85334	100.405	47.7538	3.4234
93.6563	4.1595	85.5696	3.57455
51.7486	99.3056	25.4558	3.71168
32.1293	73.5357	72.014	3.8417
76.3225	83.9357	2.05625	3.21481
82.0591	11.5456	111.248	3.71386
6.97442	11.7206	91.2229	3.30508
68.248	72.2391	103.247	3.58101
106.878	66.0945	10.3854	3.37953
83.2202	3.57969	101.099	3.39938
60.5225	42.2829	40.3567	3.90563
32.5628	29.4372	22.4453	4.12189
28.5382	10.4993	3.77782	3.67999
30.0772	18.9154	117.146	4.01797
46.8691	76.4135	5.44938	3.52382
69.6491	53.8476	16.1869	3.50667
106.274	22.3602	84.3192	3.93483
23.1333	40.4591	105.856	4.20055
81.9656	15.5635	54.3782	3.47474
96.9876	108.372	35.9147	3.45346
53.7412	31.3736	49.9377	3.64018
77.3806	73.4634	102.944	4.0817
40.9259	12.1972	84.5577	3.27665
46.1745	104.968	24.7698	3.32091
50.2675	87.3238	5.64803	3.82165
76.3128	37.3711	87.186	3.48983
59.0543	62.3173	39.3894	3.32721
73.0185	101.707	67.8639	3.795
43.1666	93.9761	104.518	4.42893
10.8241	98.1663	1.86357	4.24683
24.4056	98.0449	36.3407	3.36208
29.1014	58.7394	94.2386	3.6995
36.9638	75.634	78.3545	4.30908
10.5593	82.9917	67.5185	3.57115
75.4768	10.1019	90.1608	3.95001
8.88104	63.3746	104.81	3.29524
60.1192	111.968	12.6331	3.80323
76.9888	112.672	63.8965	3.20413
97.7559	38.0963	65.6527	3.80959
81.5279	83.6574	16.4322	3.89972
48.3432	2.94508	48.0057	3.2648
38.4985	29.0901	44.7745	3.55379
92.4814	14.274	31.5247	3.58573
102.152	19.1412	101.857	3.30855
28.4148	71.0348	112.454	3.79522
38.5363	6.8313	94.1851	3.92049
42.9923	29.3975	95.0554	3.47599
61.6352	58.7798	91.4257	3.77809
4.29496	76.0135	7.40771	3.73665
24.3875	71.079	10.1274	2.82159
108.855	76.5432	25.1429	3.58848
53.9118	54.872	36.6348	2.54945
30.3904	115.294	24.5122	3.07735
73.7234	1.48031	7.80891	3.62274
76.8419	17.0946	86.0847	3.66919
83.5548	94.1175	22.0014	3.84902
114.121	33.1595	67.3235	3.42909
105.016	95.7734	82.2235	3.72959
97.4327	113.818	80.9965	2.9241
36.8875	34.4977	58.934	3.54725
4.49903	39.6777	85.5206	4.22976
93.8418	100.784	80.0088	3.48637
99.6943	57.977	49.4556	3.83191
3.5892	53.0045	8.13181	3.51457
65.8411	58.4589	46.0728	3.83891
55.3261	49.0292	35.093	3.18952
27.9279	36.669	117.406	3.03202
66.6096	73.4588	90.2945	3.98709
14.3878	3.48928	68.4197	4.34019
93.4722	84.393	110.165	2.92673
29.4402	19.5169	85.2229	3.58432
15.5503	90.1628	99.1092	3.32016
108.362	38.2394	89.6189	3.3222
82.6523	69.8354	0.221836	3.51324
58.6775	39.253	92.3444	3.50681
58.4522	6.90591	70.8729	3.39723
96.7641	36.4934	8.69533	3.47376
110.952	5.22337	110.632	4.00945
95.9961	116.623	66.508	3.16762
86.4317	29.5116	33.4916	3.41469
54.508	93.5851	89.6612	3.67034
40.1987	96.1891	111.475	3.33304
52.0274	106.961	99.2637	3.42809
31.3482	29.6375	77.9577	3.33731
70.0437	56.9476	2.29513	3.57786
76.1446	57.2749	84.8066	3.38779
88.3295	90.3336	97.3158	3.84215
105.511	110.364	89.1675	3.85647
113.296	38.8523	14.0498	3.24617
65.8122	20.6994	85.4634	3.58051
51.1671	25.4094	45.5165	4.11986
44.2402	103.404	74.5113	3.23724
54.6759	30.0496	67.8383	4.11553
68.3941	9.39026	75.6212	3.59804
56.1853	101.098	89.4079	3.57089
13.7726	110.431	79.8421	4.14609
1.24797	114.986	19.9995	3.21164
18.0751	25.7539	61.6989	3.61433
79.4041	20.8619	26.3878	3.57469
81.8599	19.0279	11.6795	3.66633
18.9949	61.1457	50.8051	4.22557
66.7976	28.8883	56.1361	3.01368
9.85664	79.276	36.3136	3.39039
7.31947	114.192	21.2915	2.98097
88.7856	19.1831	13.8111	3.48042
96.5444	72.5677	26.2813	3.61803
34.1973	101.054	2.82483	3.34362
89.7086	67.62	102.545	3.06139
27.5488	8.74566	69.1065	4.07608
94.6329	99.3476	10.1658	4.02378
39.094	81.7605	17.5085	3.71105
99.5989	58.2511	77.2201	3.68355
64.2908	25.8797	110.953	3.76029
91.9809	83.0432	103.901	3.53569
89.6269	65.2906	55.2619	3.75366
92.5713	78.0379	83.1641	3.64801
25.1752	12.2339	45.86	3.81417
105.261	50.3989	39.9298	3.57822
110.516	35.2481	27.366	3.57909
43.4286	80.4735	103.765	3.79282
32.3865	80.9583	14.7291	3.49056
95.0215	21.0199	113.119	3.61806
98.3909	77.5402	45.3317	3.61171
94.5851	2.79088	52.992	3.62046
65.7746	37.3875	99.1544	3.3343
16.1524	54.9334	95.5085	3.74025
34.06	80.1869	59.4122	3.25011
37.8366	60.0992	37.7272	4.05011
43.0236	71.6936	9.46035	3.62592
69.6144	79.5887	86.4866	3.7376
106.513	53.7826	91.338	3.65754
10.4815	74.8675	92.5052	3.96817
106.529	78.6438	85.85	3.43425
68.5591	106.545	24.7335	3.54694
112.454	2.57585	7.48611	3.68182
2.61986	112.357	111.067	3.92861
11.1425	98.7908	43.4711	3.43568
10.7476	92.2401	110.244	3.80012
8.11532	99.4488	8.98874	3.44938
107.406	106.815	43.0036	3.22095
50.1212	14.8967	21.2704	3.46523
33.5522	11.4469	46.0674	3.49929
61.925	77.3536	84.4119	4.4179
102.933	14.1733	66.6433	3.61031
112.432	55.7485	87.3429	3.55373
47.353	46.2243	44.8278	3.47745
111.489	23.1661	102.478	3.40704
64.317	44.5769	94.2745	3.07383
4.54663	26.9007	46.2704	3.66588
91.1968	27.4134	15.4985	3.64172
5.08199	95.5206	80.4877	3.77297
71.1998	77.3952	9.37	3.74996
72.6832	115.439	30.9401	3.4449
99.9445	46.056	81.6146	3.95398
92.8865	37.7997	93.9179	3.42904
40.5144	46.5379	74.6643	3.24155
101.128	91.0781	70.0514	3.94002
43.3493	82.305	93.2152	4.13476
48.097	41.0227	9.15152	3.24399
86.5748	21.6348	52.6973	4.1974
94.849	3.95082	93.1979	3.97081
105.067	46.9337	94.0792	3.73
13.3918	92.9151	24.8645	4.40546
88.3454	37.0148	13.26	4.35465
15.364	114.121	57.6123	4.07454
107.131	47.9121	108.287	4.11022
104.422	10.1609	53.7353	4.39971
87.1815	41.2927	95.9233	3.39197
75.6042	44.1467	62.6008	3.35254
89.5215	52.6636	8.13557	3.97124
19.1581	13.9177	63.1019	3.93559
107.248	33.5483	99.2366	3.39955
97.0829	103.73	4.03588	3.51688
8.80885	67.746	91.8607	3.17845
60.4257	40.8804	32.3247	3.77043
-1.33939	104.474	23.7488	4.42765
102.91	42.8872	69.9293	4.04594
59.603	20.2837	99.394	4.03742
35.5334	41.3195	60.9718	3.53339
18.1952	10.8276	99.8218	3.55316
98.9735	36.1287	50.3962	3.3421
40.6356	8.12932	28.4762	3.97834
3.45553	34.6481	3.29931	3.61863
102.479	98.6616	2.64172	3.82782
70.0638	98.6415	49.5729	3.58329
65.7495	21.155	41.417	3.92585
93.1464	93.9987	111.043	3.62714
72.2023	5.89491	98.0736	3.38633
107.369	51.7786	29.5618	3.36532
38.3536	99.6599	8.48486	3.67663
32.5176	1.98459	69.5956	3.77095
104.816	83.5067	108.695	3.27726
105.976	23.5943	25.6102	4.03044
13.0898	114.675	105.378	3.48239
46.9452	65.85	8.57633	3.37359
82.8383	114.498	60.9347	3.49845
17.4216	12.371	79.6254	3.89042
74.1368	54.5799	75.8061	3.2883
91.6792	97.335	99.2161	4.0169
10.7831	99.5476	107.082	4.10753
54.0939	41.5936	97.3405	3.34794
61.4332	33.7355	66.0984	3.63269
102.706	107.444	4.97753	3.04865
9.76631	93.7388	101.416	3.79011
23.3653	4.73854	5.41575	3.91626
111.955	83.3559	6.34148	2.92438
33.9994	32.028	72.3801	3.03221
104.494	26.3588	64.8935	3.21751
54.8263	96.4923	30.6928	2.91774
75.8637	108.489	69.0597	3.52908
68.761	69.176	116.274	3.41402
115.944	80.3283	104.1	3.73621
110.752	51.6704	74.2732	3.80501
103.709	106.173	113.176	3.81434
10.8075	10.9182	29.9225	3.55463
30.6137	16.7427	98.4041	3.78506
10.047	40.1773	44.7183	3.27023
53.2755	10.8762	8.65671	4.14023
81.7173	8.67753	51.904	3.31209
77.5402	7.48158	11.3318	4.02068
95.5151	27.9818	82.69	3.79818
40.5379	13.9055	65.1618	3.83608
21.0318	30.5557	27.8518	3.33433
51.083	44.2352	89.9263	4.86812
109.94	45.2965	26.4313	4.10347
111.348	99.809	45.49	4.54493
39.0358	59.2048	92.7584	3.47983
65.8834	111.577	70.4358	3.53213
28.0287	41.2429	50.2552	3.64188
81.2155	76.4748	76.295	3.58326
30.6982	29.8775	93.4694	3.70914
48.3997	68.7361	96.0254	3.4835
51.4538	86.7102	33.4497	3.23256
47.5217	18.6317	47.8516	3.73007
20.5215	89.7894	104.093	3.43375
93.3193	111.365	108.951	3.43695
2.47859	94.884	45.8916	3.25696
3.88549	15.0992	112.465	3.43135
17.4536	43.3814	66.9402	3.52397
106.875	38.1672	15.7676	3.26151
60.0381	61.9371	70.739	3.23014
10.4256	41.8864	90.4829	3.64688
64.3842	53.7343	21.5922	3.89458
112.152	59.9562	33.5917	3.39069
18.9506	105.639	15.0683	4.30647
111.051	27.9629	29.3785	3.5719
40.1958	112.782	93.7539	3.8287
45.2506	3.2823	107.216	3.68533
114.38	73.8995	67.1227	3.36842
108.232	95.463	8.17637	3.54221
19.6481	25.2985	77.5547	2.93903
34.6688	31.4892	29.6733	3.51935
60.2006	85.3556	37.9296	3.55204
28.0897	86.4078	9.49231	3.96507
66.4375	25.6934	15.1944	3.72473
43.0418	15.6107	58.6987	3.28113
25.99	48.079	110.324	4.16191
45.8353	63.9071	70.0144	3.63784
48.5282	79.4378	46.139	3.71764
58.0055	86.8805	3.40915	3.40666
7.00397	28.6853	58.0327	3.44258
3.58978	83.9927	3.55994	4.38676
104.452	24.0231	55.1396	3.48611
107.482	8.60657	34.6241	3.02784
46.3063	66.5291	30.8968	3.76187
9.51963	16.4675	76.6646	4.99448
104.935	100.873	40.3536	3.60184
73.5178	76.8444	93.8072	4.40954
107.318	99.9231	13.6541	3.35061
9.21113	15.5014	16.0799	3.86641
45.2053	112.169	22.0021	4.13794
31.0715	70.3603	30.8103	3.29928
6.01237	95.7533	55.6915	3.55157
93.3293	55.9843	22.9659	4.0151
19.8614	54.9429	44.3144	2.80447
86.4398	68.1988	96.8927	3.29705
96.7535	109.756	29.0154	3.4169
114.106	8.58159	72.175	3.49878
85.6109	91.9408	73.1924	3.56542
98.3065	20.013	24.5375	4.1501
47.5503	10.5051	48.0689	4.20835
39.7951	108.523	49.1805	3.89229
99.0815	44.9239	111.376	3.28202
31.2361	45.5979	31.943	3.28761
24.7114	82.526	104.434	3.23798
2.81107	4.15431	52.1541	3.63133
11.0347	40.0068	14.1949	3.21812
62.9121	105.245	12.8531	3.46187
65.9096	25.9443	75.8461	3.56475
112.012	111.891	45.6598	3.98599
38.5083	28.6655	55.5348	3.33656
8.84138	44.1369	19.7615	3.95454
67.3595	47.4668	44.5124	3.46485
54.0661	8.83168	77.6318	3.73959
78.0641	60.5553	40.6934	3.89461
31.2932	44.5853	94.1006	3.69583
55.4219	54.1665	30.8568	3.10745
57.0011	14.0551	69.1813	3.45614
101.762	50.6184	70.3285	3.64413
41.2661	35.9812	43.6309	3.71026
80.1317	54.7551	78.787	3.29452
96.0644	17.008	3.61402	3.36236
36.7446	75.4724	102.192	4.46052
104.279	60.422	62.3681	4.07771
89.1397	78.3213	62.6393	3.44734
88.055	96.0634	11.7872	3.50153
19.9409	38.6535	76.9668	4.06245
16.6657	82.1998	43.167	3.50335
71.6507	83.676	24.4622	4.25694
30.6487	56.6539	20.3341	3.67011
49.3075	23.5736	73.8957	3.41548
13.2107	58.8326	106.521	3.10011
72.4329	91.4149	110.902	4.16176
82.8055	20.1718	19.1645	3.84717
1.54977	14.3889	100.919	3.70738
93.5123	49.6018	13.5634	3.02801
51.3001	102.531	11.6843	3.69838
16.501	60.5184	10.8105	3.32714
74.4413	109.758	45.1803	4.049
81.1835	57.019	14.2469	3.11957
21.6031	52.1603	51.5934	4.49014
64.4302	44.5383	6.36066	3.83644
49.2103	8.82232	1.44705	4.17857
0.884683	78.6966	82.2327	3.70608
12.5809	37.1434	33.8908	3.75862
90.1529	64.1251	31.9913	3.02942
70.7071	84.6041	76.212	3.60323
95.5425	15.2539	66.2498	3.78404
80.364	72.8726	46.1879	3.79824
77.6572	64.7151	111.57	3.44877
108.282	89.7775	57.0232	3.79657
36.2946	105.575	28.8169	4.02085
90.9134	93.5234	63.4404	3.36406
69.3291	108.114	63.9901	4.37981
94.1351	1.62146	36.1918	3.82232
35.4821	12.1894	-0.625398	3.86116
9.63228	39.2797	112.89	3.32095
52.1037	30.4288	56.5307	3.10571
105.269	84.8119	68.7343	3.54401
111.917	53.345	35.4893	3.36618
10.2449	71.0883	59.7186	3.86574
40.9992	82.3406	75.0597	3.84508
47.9227	103.427	60.6712	3.22296
51.2579	55.6094	25.4009	3.33509
103.758	54.7807	34.5129	3.39102
64.5823	38.9396	106.34	3.21541
100.056	111.454	10.0527	3.42287
11.6857	100.769	15.7415	4.15839
105.045	94.3198	46.1898	3.75278
113.901	56.4675	67.5292	4.38471
-2.47907	5.36212	29.6206	2.61115
77.8603	16.9508	32.5399	3.79754
96.9103	45.3377	50.5845	3.40959
48.2309	112.194	92.0015	4.19143
30.9602	92.8211	97.3068	2.96317
109.352	54.9444	61.4361	3.34656
92.6676	65.7514	4.77845	3.53251
4.1019	92.547	19.5675	3.79355
38.6596	28.8853	5.86554	3.28216
62.4463	107.996	58.7667	4.0711
35.4858	38.9243	48.743	4.25657
103.788	28.9978	33.3539	4.53133
7.93613	16.3166	106.524	3.84761
30.446	97.7243	17.8978	3.67923
5.55655	92.4671	62.25	3.67449
51.9767	112.512	84.6796	3.89532
108.463	58.3872	77.3732	3.71041
91.1431	87.8496	75.9348	3.73206
55.7074	22.4731	51.2885	3.35679
23.9722	54.7431	17.3473	3.26494
4.0576	84.1406	41.8874	2.89498
84.189	34.037	52.6443	4.44205
39.9722	76.2591	71.1527	3.2971
75.8263	69.0766	1.62928	3.47623
38.9877	108.743	41.8271	3.44409
39.4715	25.4032	28.2789	4.05698
85.6439	51.8091	82.4139	3.82271
82.0858	27.5329	74.789	4.03841
64.262	95.9729	59.6277	3.45813
35.3108	13.3497	93.9346	3.30214
100.023	87.1164	90.9402	3.69685
85.3219	2.70408	22.3685	3.08867
11.139	23.6028	61.3207	3.6099
91.7108	40.1607	29.0606	3.81685
11.0847	97.2971	60.7058	3.7395
39.7659	11.7429	7.58589	4.24338
62.8483	83.2051	107.474	3.6369
28.5593	42.4034	80.6974	3.65374
84.6769	56.0006	47.0556	3.71951
100.445	53.5039	27.9851	3.85885
110.377	111.578	56.4452	3.16739
86.9983	37.4936	111.137	3.65789
53.9208	61.2324	52.8434	4.04224
29.0912	29.101	104.286	3.54072
56.499	50.0362	106.782	3.51942
14.3151	104.215	7.87554	4.32009
82.1468	107.627	93.3174	4.30281
50.0429	93.7271	12.4888	4.00738
75.4875	43.1107	99.7123	3.65659
35.5874	19.1601	16.4644	3.10403
32.1807	10.3365	10.8469	3.95261
56.6497	17.2351	18.9689	3.75943
77.1161	78.6691	86.6425	3.60044
68.644	42.6548	0.375311	3.47981
112.159	85.7908	109.401	4.42972
37.9507	51.5995	70.8433	3.4147
1.79165	76.7441	20.9755	3.19574
71.5542	45.3157	93.0942	4.20703
111.667	47.9051	41.4425	3.41147
72.0752	68.7381	110.236	3.48624
102.719	46.4688	28.9918	3.5884
53.4055	58.9005	41.2521	3.40486
24.3106	51.5222	59.2954	3.36815
72.9356	50.5269	101.502	3.98764
114.574	105.894	50.1784	3.61973
103.123	51.7339	99.4461	3.569
58.0621	23.7485	106.739	3.13966
0.482126	56.1819	105.081	3.65599
12.4464	91.4931	34.2499	3.93513
59.5469	16.1764	113.414	3.70402
86.9716	10.7544	41.2256	3.3073
13.6532	10.5896	92.8738	3.52002
16.3463	4.01483	13.3853	3.62736
110.213	76.998	94.5845	3.22036
102.186	88.5243	29.4772	2.78572
25.723	90.6554	71.862	3.39392
41.1874	113.273	56.4784	3.58454
32.2629	63.4671	6.72543	2.84488
112.438	102.888	37.1975	3.68464
114.085	62.3036	84.3035	3.67694
100.105	6.88484	25.3341	3.07729
98.812	75.3552	57.4606	3.46157
56.4732	114.892	90.6382	3.78773
44.023	25.617	50.4423	4.45901
8.99801	61.5316	20.6687	3.1291
95.7368	44.7549	63.0047	3.61641
11.2844	112.335	3.04707	3.8969
3.82974	57.5408	89.3769	3.47332
79.2872	66.1878	68.7598	3.37697
107.827	32.7157	11.7117	3.49359
39.4664	23.8231	20.3914	3.97765
25.7363	107.955	75.5781	3.58846
5.79408	45.858	112.154	3.81779
88.7911	89.6811	5.93567	3.02843
23.0982	106.3	47.1096	3.51652
42.6011	53.3009	91.7238	3.38083
112.486	76.5645	76.2901	3.52116
56.2396	107.468	93.2145	3.81641
101.986	82.8648	75.5109	3.57777
90.4462	65.7732	83.0638	3.32748
56.4877	90.6644	31.4883	3.17374
23.3978	59.3973	64.9641	3.54854
94.6971	83.36	7.0571	3.84355
60.7563	68.7933	72.742	3.7302
62.29	4.01208	45.2091	3.48918
85.9532	78.5527	80.4562	3.00494
51.154	14.0783	62.8227	3.46772
50.6018	92.0852	82.5331	3.61524
25.017	58.2222	5.84681	2.86727
105.986	78.6027	45.2922	3.94905
17.7357	50.8916	62.5932	3.93884
17.0325	32.3196	80.4407	3.55967
44.2249	71.0818	74.1557	3.84628
22.2358	109.635	23.239	3.97864
44.2594	74.8067	93.4088	3.33139
63.3295	4.6611	65.4029	3.34475
82.1618	64.9697	59.6598	4.13573
86.3345	33.198	71.7212	3.54909
100.671	37.0701	99.2877	3.98511
47.6833	18.5584	54.8869	3.27679
6.07736	42.3765	59.9217	4.36612
41.9739	42.9751	40.4327	3.89165
6.95755	1.9009	107.557	3.33954
94.821	77.1516	93.0903	3.04219
99.5555	4.44698	19.0782	3.58951
27.1519	74.1579	104.989	4.28696
78.3615	1.37225	56.2089	3.30444
109.972	15.4949	55.2589	3.22924
31.7394	38.1998	70.3373	3.81065
69.5013	58.6482	86.5098	3.24112
71.5951	9.17024	18.966	4.18799
106.509	58.2851	0.400643	3.3637
44.1569	90.8943	7.90488	3.51496
33.3416	112.435	49.4343	3.42139
14.4082	37.6802	58.0357	3.9815
58.5917	20.5534	88.5736	3.98271
68.8074	33.3582	16.3335	3.87887
41.6808	104.288	18.4472	3.22536
44.3154	107.609	11.3241	3.72813
31.2825	97.734	39.5993	3.9432
85.6125	100.637	46.3487	3.92478
79.0742	98.1485	49.9508	3.76731
34.329	98.974	104.058	3.25628
83.7578	62.753	34.9035	3.63759
35.4957	59.782	3.32027	2.97215
2.22325	10.0337	95.5322	3.22703
112.67	28.4301	87.2958	3.79428
25.2721	94.7751	77.9637	3.31811
97.6627	11.176	82.2832	3.79802
74.8916	80.0813	68.0787	3.40584
90.7576	58.3077	35.6729	3.72829
103.946	67.7726	28.6992	4.04644
11.7788	80.2949	99.7669	3.72511
82.825	93.1903	93.4094	3.10956
93.6759	72.5577	105.032	3.56755
4.04849	107.257	74.4813	3.67476
33.3479	87.48	50.6455	3.47743
51.4658	31.0926	104.988	4.63312
4.66604	113.116	77.6757	2.97179
78.7994	99.4183	39.2566	3.17664
51.1711	3.5874	81.2269	3.17298
78.2258	51.2411	12.3483	3.62649
110.226	3.92213	77.7132	3.28419
89.6587	102.304	94.1801	3.32523
54.4111	79.9226	4.74517	4.39428
114.185	28.2257	79.787	3.56675
63.6187	84.2297	100.417	3.38755
41.7117	37.4049	94.6941	4.22072
24.1051	78.4528	99.0303	3.11592
95.9297	48.5868	75.0844	4.07309
61.4131	99.0111	93.6849	3.34437
84.802	107.373	36.0017	3.44135
32.8618	111.419	75.217	4.04529
56.3907	86.5961	52.6324	4.20824
36.7157	13.2428	56.524	3.63563
37.6326	76.1447	12.2462	3.48759
107.106	40.1325	96.4127	3.59946
21.36	53.1201	83.9661	3.59252
97.526	65.3543	61.7319	3.85592
69.004	16.2926	15.8283	3.84785
107.943	17.5353	79.2819	3.13032
72.4512	60.3123	14.5425	3.64179
102.846	98.9188	68.4576	4.18662
109.201	97.7313	88.2905	3.53383
38.0411	28.4446	81.1491	3.99958
13.4901	110.763	94.6316	3.36002
16.3753	91.3921	60.4375	4.14508
111.089	40.1482	63.2918	3.63043
47.6869	109.013	65.1595	3.51818
40.3308	38.6096	65.6629	3.51843
60.8293	70.494	47.3073	3.80885
7.14611	86.3904	100.361	3.37825
115.022	92.8959	25.9164	3.78673
2.75528	23.1547	90.152	3.59563
27.8831	81.4545	86.0339	3.60697
53.6874	48.9935	26.6588	3.75535
2.93763	16.6744	54.2664	4.38738
103.312	113.589	29.3082	4.16801
67.2071	51.9396	6.46274	3.4181
9.7598	50.7241	74.0988	4.08434
4.50829	29.3934	21.0465	4.00889
6.88788	78.4877	17.4912	3.09473
66.7613	111.106	43.8568	3.69138
56.4332	57.005	59.1619	3.8118
79.9312	5.05258	107.592	3.92734
96.3752	21.5883	105.678	3.89641
81.4004	73.8054	83.1042	3.65122
64.6741	16.5841	27.1324	3.4448
103.965	73.6388	90.6834	3.85398
31.5562	89.5489	36.5947	4.52611
32.4964	7.56844	17.441	2.96143
76.3313	13.8274	77.9411	4.8054
78.6831	25.358	10.5772	3.44428
41.1258	35.2352	6.45881	3.44328
77.5454	22.0282	76.4154	3.27045
47.9279	112.317	100.944	3.40804
105.067	83.2505	31.4556	3.26943
5.98094	44.3279	35.5736	3.85617
30.2032	104.584	98.7335	3.34076
59.5165	30.3138	74.5885	4.07371
65.7655	10.6893	98.8239	3.22229
95.8652	75.6776	32.8955	3.2561
54.5528	16.9444	33.1604	3.91894
14.4761	54.0294	54.9598	3.3654
58.142	91.1689	22.2613	3.55943
93.7084	5.86858	103.08	3.99977
82.5193	45.3556	14.6743	3.9291
65.6291	94.7474	20.6489	3.61147
24.2128	6.51926	113.491	3.44185
84.3609	90.8278	65.0189	3.76414
30.3517	93.4026	45.5731	3.34984
67.288	109.094	78.1089	3.87306
82.4929	46.2598	98.8216	3.84011
67.8834	8.54185	43.1217	3.81636
16.2589	94.0951	40.5596	3.84441
89.0528	97.2628	25.3319	3.17969
99.7286	41.7051	16.8182	3.52271
16.3518	88.9398	85.3541	2.97567
1.52695	74.6229	0.505891	3.74483
107.453	89.141	12.3657	3.2455
91.0423	77.9002	12.9774	4.10299
24.4335	34.0773	110.556	3.81237
111.371	97.1928	20.7446	3.73501
105.861	57.3652	102.405	3.29538
39.2522	68.7244	61.285	3.11946
66.4539	6.15001	81.7536	3.37276
94.2286	65.3908	111.069	4.04781
30.4337	100.496	24.4383	3.34118
104.424	100.295	20.5423	3.78539
42.3414	39.2138	54.4346	3.31104
27.4515	76.0633	15.5767	3.48291
1.22261	51.3283	91.2563	3.3936
101.728	102.272	9.34628	3.58572
33.3258	102.659	77.9048	3.33168
46.9016	108.065	55.6843	3.5675
13.8068	15.3459	111.46	3.51674
98.2358	41.3496	75.8989	3.43284
68.5385	18.9292	8.9615	3.44304
20.1107	42.9601	40.1872	3.72613
88.58	76.6168	93.3827	3.14712
4.35315	8.84042	105.748	4.09627
56.1267	102.204	0.898663	3.89516
85.0313	13.5001	79.7339	3.8982
30.3733	110.127	13.3233	3.57881
55.3397	4.18216	52.1848	3.80168
47.3542	86.2185	12.739	3.80177
37.6411	19.8146	95.8498	3.76018
107.381	5.72364	99.0106	3.55883
47.4787	93.4302	90.5354	3.36485
82.02	68.2448	89.4946	3.68219
87.4877	2.30462	32.4662	3.6876
53.1639	59.8065	33.2646	3.20341
13.1496	10.3544	65.4448	3.11024
9.26654	101.815	99.4757	3.83758
3.52901	96.6565	105.102	3.74939
77.8304	72.766	111.399	3.33207
103.865	13.7454	7.26351	3.49406
62.3398	9.33344	14.5661	3.97459
73.6433	55.4879	8.75152	3.56282
12.9182	36.1052	88.0809	3.06247
22.7992	62.5736	95.5218	3.71058
62.6552	102.63	86.2062	3.40992
79.8284	0.765232	112.878	2.84616
104.247	110.884	80.2353	4.41972
52.5692	67.382	12.0842	3.36371
22.4993	80.0655	46.6007	3.5478
57.8283	3.13468	61.0226	3.07907
14.4025	62.9503	92.9284	3.84729
71.1976	13.4935	46.4347	2.97422
43.2549	82.1951	4.67223	3.18368
95.0928	76.68	19.964	3.9139
21.0779	94.0091	98.2905	3.27408
66.8715	28.2265	62.791	3.45526
99.3588	9.27675	41.96	4.07517
10.0929	96.8095	85.6034	3.28921
5.56311	23.1736	103.457	3.89275
73.7439	5.91121	81.1735	3.73673
64.6953	39.3269	26.1461	3.65403
72.9081	112.261	57.9513	3.68242
9.63796	27.3981	28.0011	4.44046
110.485	118.134	29.4247	4.20967
96.9547	74.5338	51.029	2.7682
28.9871	7.98041	58.7657	3.71471
3.94585	59.0728	80.2416	3.44
67.3549	104.417	1.81561	2.84941
20.8276	84.13	89.1891	4.55872
88.0196	0.6023	105.349	3.59323
41.0175	21.6973	81.5339	3.3265
55.9578	0.162749	98.3554	3.85614
100.522	81.937	57.7794	3.32123
33.1523	91.7192	103.811	3.91938
18.8387	4.17041	80.9678	3.47679
91.5528	23.3837	36.7474	4.13905
23.6461	78.1097	63.4583	3.19967
2.70366	52.4781	76.1069	3.35067
79.2402	101.704	2.99397	3.79306
33.8747	46.7294	87.7335	3.25354
58.4914	21.6757	37.9108	3.75288
46.8951	31.8214	45.8637	3.55424
76.6747	104.864	36.193	3.39288
48.8294	39.5498	111.485	4.25671
36.988	94.5784	2.38909	3.54106
97.0343	28.4851	39.1405	3.67096
65.1292	47.579	27.8019	4.64445
110.7	56.6486	41.9727	3.96576
52.5248	44.9925	60.5159	3.82148
78.5924	95.2984	33.1802	4.0935
6.85846	64.245	26.7389	3.78476
78.0469	4.17857	2.82386	3.49601
47.0441	78.543	109.809	3.39774
54.4726	104.261	105.158	3.25728
98.2247	35.1953	19.9992	3.6694
47.2877	57.1533	81.5108	2.98941
117.01	39.0231	112.413	4.02257
96.6912	62.4699	55.4259	2.93458
110.765	43.3242	19.0299	3.5026
6.76695	34.6966	61.8766	3.54626
117.603	70.0096	72.269	3.73522
61.7714	10.9344	3.18951	3.78797
98.298	93.969	104.326	4.22281
52.1001	78.2896	83.7905	3.92888
66.7419	63.7402	111	3.77119
89.3909	14.6292	-1.29356	4.49045
55.5637	73.4169	114.819	3.91198
24.267	94.4995	14.9558	3.78821
90.3569	17.0845	21.6185	4.55952
21.1511	64.5749	69.8726	3.84757
115.224	80.9169	69.183	3.82767
7.60566	30.2936	51.4643	3.23443
103.345	31.1907	25.0824	3.99912
37.49	44.8619	111.19	4.03793
32.5486	48.6502	1.17303	3.14608
62.4111	12.7276	46.4556	3.81356
79.1051	32.5116	68.9128	3.9428
109.258	10.017	66.9023	3.66785
62.1232	101.723	79.0451	3.73338
76.4244	112.29	24.855	3.67163
4.89445	71.081	85.996	3.3355
92.6896	60.96	59.5887	3.00051
47.8801	106.309	86.3951	3.72054
44.7879	100.489	13.9058	3.26487
74.8724	45.882	42.7671	4.27789
32.2333	25.9745	2.54966	3.21282
28.3087	99.7937	59.6337	3.57529
64.271	71.1769	6.21816	3.59651
33.043	110.52	66.7539	3.10627
114.503	93.282	64.2794	2.81794
28.3625	38.7526	34.4364	3.94987
43.0932	64.4145	95.3077	2.94787
55.4288	68.4021	96.2198	3.47064
71.9425	95.3889	44.0039	2.97535
43.4474	16.7894	22.1586	3.28621
113.614	90.5195	78.2971	3.47295
1.31893	33.9663	56.2831	3.83454
89.4067	44.4465	104.24	3.60714
27.4985	17.2264	54.4274	3.57552
22.5547	3.16557	52.1959	3.21198
72.2241	22.4699	45.5459	3.5267
12.631	104.244	62.217	3.47997
22.9939	90.8317	21.0021	3.28983
99.8891	79.9352	90.1959	3.34183
91.5383	57.0783	64.6629	3.44034
14.5966	96.0374	66.9217	3.22124
22.6073	26.1549	102.367	3.56783
11.2191	6.78011	79.2892	4.35776
36.4343	36.3237	33.7167	3.01718
97.2563	112.222	57.1503	3.92597
12.7609	45.8239	-0.0534301	3.69047
106.747	23.1894	107.281	3.03794
57.3166	103.337	28.3073	3.46331
112.784	2.20591	96.5463	3.24675
0.519267	18.5507	106.927	3.60097
78.2817	49.6751	84.1007	3.05121
89.4183	30.3155	40.0026	3.61284
3.43076	73.9549	60.7865	3.37925
105.496	13.6066	14.0015	3.41432
58.4273	66.7866	83.7992	3.05467
91.8949	26.4378	89.4625	3.83457
78.6825	59.632	90.6531	3.36401
21.427	18.9898	78.83	3.62957
71.4345	18.5451	37.0629	3.52749
43.4881	24.3495	4.82185	3.34543
34.4695	110.056	56.4766	3.85842
30.9816	101.328	67.1507	3.73034
113.455	47.7561	80.1815	3.70352
63.6687	80.5633	91.6245	3.26725
29.459	20.8611	66.6612	3.94725
95.1505	108.048	70.4467	3.48083
100.769	112.178	19.4576	3.88324
35.2424	69.2217	66.6775	3.56309
9.90151	66.843	98.6331	3.63951
89.0301	38.0562	35.2047	3.01412
45.8248	90.1348	76.5538	4.08108
57.8318	99.601	72.992	3.96887
71.2425	83.1111	99.6283	4.16448
7.24405	60.069	94.8344	3.40902
62.7179	102.381	112.411	3.51193
104.719	27.0458	18.0998	3.92535
44.323	73.5868	29.7882	3.44661
77.561	26.7174	3.01045	4.16836
19.6205	4.20714	45.1312	3.55826
36.7917	105.615	13.2105	3.99447
14.5001	60.6818	25.3298	3.99036
101.195	96.1127	75.5942	3.41711
60.1011	99.7352	16.1562	3.44476
30.6757	15.2049	61.1912	4.00198
113.066	29.7623	98.6176	3.4124
8.48575	106.226	50.4712	3.34307
80.3709	69.946	32.7556	4.20291
4.27294	68.4604	79.1851	3.5273
58.5137	43.4328	23.1631	4.30075
85.6464	36.1656	6.18774	3.05167
13.9408	4.05184	110.799	3.52416
45.6081	81.0183	19.8554	3.1736
11.0276	9.54783	41.7993	3.50202
5.44679	35.5651	68.8847	3.55909
51.2441	110.82	11.7086	3.72365
25.4791	49.6676	78.3324	3.80911
72.5955	52.8175	89.3583	3.76966
42.4135	33.9617	31.0836	3.71732
53.8997	109.423	59.7119	4.30956
13.0187	106.514	33.9189	4.25978
70.8476	91.7419	78.1841	3.39259
71.8812	12.3277	100.527	3.29736
7.18361	89.8594	28.5377	3.33934
98.0345	49.9875	34.573	3.83613
67.4427	77.9624	40.072	3.83289
97.6121	72.7631	85.9502	3.92499
90.425	66.484	62.5382	3.21265
95.1252	90.2117	87.073	3.15919
13.542	84.1208	93.3802	3.72448
79.5289	33.2951	61.276	3.56783
66.0111	53.0534	40.485	3.54847
57.4903	100.164	49.1229	3.59139
51.2713	28.1302	20.9247	3.67622
55.0341	74.3675	45.8338	3.23228
62.0381	1.44499	0.625045	3.47772
34.9886	58.5762	69.5634	4.05853
97.8931	7.94764	64.5968	3.79102
13.7042	110.789	65.9484	3.90186
19.907	87.4346	74.5245	3.52933
74.1687	70.741	64.0445	3.19459
102.241	50.6454	47.1384	4.13522
89.2514	8.19222	3.98518	3.60385
111.533	86.0498	65.5985	3.29496
72.7196	22.6761	30.6447	4.06776
58.2018	75.8502	39.7814	3.09924
85.9271	101.951	104.751	3.66696
31.5574	113.772	103.745	4.23449
79.3075	52.2365	44.7518	3.11468
13.4893	58.3122	2.83854	3.55851
68.3925	43.5385	13.8909	3.83059
7.74071	0.287639	66.3832	3.30538
11.3836	83.4243	7.49801	3.91135
28.6858	113.913	56.5389	3.06347
62.9214	59.2628	83.8575	3.69464
83.2839	4.62355	38.9553	4.13785
31.989	38.4228	55.609	3.23319
13.8212	97.0867	96.1162	3.53502
22.3542	23.5587	34.4491	3.48263
13.7966	39.6768	3.38446	3.35202
66.4446	52.7475	51.4399	3.91473
44.7096	85.7697	31.6767	3.5943
112.865	50.7617	11.5712	3.64027
37.2157	52.0699	50.8912	3.54767
12.1123	107.592	107.161	3.67377
46.0844	22.9088	23.7075	3.40017
52.5845	21.0119	94.5953	4.48408
86.8595	8.10903	105.764	3.63008
66.2756	109.753	30.1734	3.09933
100.021	88.7729	56.1654	3.61825
63.4334	105.635	92.6018	3.62544
22.7275	73.4817	42.3229	4.14154
3.60234	38.2302	9.9189	3.42203
46.7941	75.5354	63.9698	3.76964
48.1159	114.968	57.5427	3.55045
36.4025	105.669	70.6757	3.82862
99.0254	41.9869	93.0093	4.01951
5.36087	104.699	110.9	4.1933
100.466	92.2514	40.648	3.46435
26.0147	42.9024	73.3378	4.13111
44.0439	2.50205	2.13824	3.88908
102.761	43.4063	38.1716	3.93265
112.57	64.5786	39.2667	3.89675
54.2332	42.8326	9.44773	3.08969
103.759	24.577	94.9152	3.41285
62.9637	106.071	35.6977	3.3377
54.0842	9.88708	16.8679	4.13146
8.75228	53.2496	95.7394	3.60422
111.461	92.0324	99.6661	3.3046
109.656	103.375	107.805	2.96103
106.578	36.7362	38.5936	3.61526
62.5598	114.681	24.7939	3.50442
9.5753	3.8768	28.5224	3.41693
22.9255	59.0567	11.564	3.20698
47.4154	111.465	5.25747	3.60043
104.478	105.772	64.6707	3.54129
41.1192	57.5902	110.817	3.93313
75.9488	31.4025	41.094	2.92989
103.675	14.833	35.9383	3.99042
53.0397	94.7588	48.3148	3.31106
66.56	83.5081	67.0238	4.02451
9.56796	15.1314	8.90627	3.2662
25.7241	92.9636	40.6822	3.3348
113.844	56.168	16.6598	3.764
95.5239	10.3335	20.6657	3.68107
72.4157	72.5262	70.7969	3.79065
69.0463	106.395	110.31	4.19471
14.8528	86.6886	1.30303	3.86264
50.7734	74.9135	39.5563	4.28038
3.37891	18.9822	9.32647	3.70457
10.7493	55.4541	79.7472	3.28859
80.3105	75.9381	56.4913	3.60887
114.397	18.205	15.1817	3.40856
26.3137	16.2555	10.2412	4.29173
90.2294	70.3501	89.4979	4.39196
71.0774	87.2237	44.9986	3.95676
46.284	52.7566	20.1986	4.14736
77.5966	47.7814	57.2008	3.26757
11.3885	100.184	53.095	3.64181
2.77703	105.81	67.0851	3.74171
9.77658	80.0986	43.2769	3.58196
79.8876	40.0172	111.334	3.79546
59.0536	112.91	64.8241	3.58512
108.789	76.3416	4.7538	3.78309
52.598	57.5271	75.9408	4.48343
41.5829	48.8158	100.609	3.65034
8.90747	41.2149	79.5781	3.15261
87.6708	96.6425	32.8621	4.344
54.9832	53.4933	100.445	3.78433
59.7135	19.8623	46.0513	3.63718
4.42663	-1.14916	47.5213	3.5778
38.646	112.487	14.2411	3.01042
2.60175	86.4036	25.2341	3.18207
27.672	11.997	16.8082	3.60516
4.18026	107.785	88.6106	3.93574
41.9671	17.2068	29.1281	3.78275
111.264	84.5989	97.3381	3.56913
72.5668	69.687	29.7159	3.91907
86.0879	11.3343	58.8356	3.87213
35.4576	111.66	8.37494	3.10414
47.4071	15.3609	4.56572	3.09564
100.757	80.5462	24.2686	3.55162
73.7591	88.7403	96.2751	2.6648
39.3221	62.2412	115.112	2.64625
55.6632	36.9714	62.8755	3.5564
37.4584	83.5527	98.8831	4.00142
111.348	26.773	111.326	3.8545
93.5772	59.0911	43.4884	4.53663
70.0144	-1.85944	1.31712	3.71167
85.8559	14.8975	47.8457	3.99257
24.0318	19.5769	60.751	3.73865
19.9585	37.2546	99.2945	3.34283
78.9142	46.8909	90.0609	3.48738
68.3087	110.348	9.62748	4.60109
75.1671	80.69	30.399	3.11464
78.1587	63.1222	53.1742	3.32137
101.635	54.8574	15.8246	3.20553
45.1997	70.9006	57.9599	3.78741
36.8495	5.72087	55.3905	3.83181
105.924	20.0679	62.3272	3.70708
26.6408	27.4904	46.0725	3.68946
42.4323	25.1287	100.347	3.23284
74.0645	107.062	21.036	3.02094
89.1129	17.5673	62.5376	3.83459
39.1848	55.4907	19.51	3.48711
8.33095	56.2321	43.8443	4.47782
74.7341	94.7668	72.1234	4.13749
80.9903	63.2268	28.3848	3.37897
33.3562	82.8206	23.3412	4.44717
97.7965	42.9464	32.7301	3.3703
56.2163	-0.0514045	45.7321	3.79789
112.717	71.9437	29.5353	3.6004
87.1443	64.3002	114.06	3.68574
56.5251	89.15	44.7493	3.98733
19.3709	115.345	18.8725	3.62994
49.471	46.9028	38.0584	3.5946
57.7007	19.1904	26.3382	3.85707
69.2538	99.6516	76.1734	4.13758
79.2523	11.3356	38.4026	3.43501
6.24462	58.1122	73.0522	3.92795
64.0398	101.969	22.1819	3.14528
43.7462	111.608	106.116	3.24909
70.1522	58.1171	22.7946	3.29315
24.1586	106.824	8.42668	3.48032
110.782	78.9461	32.05	3.89269
19.9078	57.693	58.3768	3.93715
75.8625	12.7995	55.1911	3.17319
108.172	111.724	17.1083	3.62423
102.126	50.828	113.976	3.84052
88.0012	40.1718	87.0059	3.02927
71.2996	62.2033	7.36208	3.67383
0.331074	95.9133	39.0646	3.97135
36.0296	50.9597	77.6257	3.58493
56.7501	54.9428	50.8379	2.86173
49.5066	30.4585	85.5315	3.05861
102.66	102.524	78.0668	3.50412
50.0487	21.3606	17.792	3.64605
97.9288	88.756	76.1299	3.11195
48.3223	24.7576	109.373	3.65187
56.0995	30.8953	16.2339	3.48596
17.8076	28.4164	12.2223	3.42141
63.3612	33.829	31.1641	3.79852
37.699	9.78071	21.2746	3.6849
32.8067	93.4452	69.7676	3.82376
48.3504	81.8338	61.2958	3.09233
81.4356	0.95565	94.6345	3.60616
8.86244	52.7114	51.061	3.51297
114.669	92.3527	87.7938	3.68073
92.5482	12.9692	14.2283	3.72023
112.988	43.8672	55.9367	4.34534
15.63	8.65915	24.9131	3.62233
107.86	77.4111	69.8318	4.30203
15.8375	52.0796	20.0118	3.60193
70.0005	24.057	68.3322	4.08195
35.1286	8.48103	63.2897	3.86809
58.3665	108.907	100.836	3.2312
32.1314	10.1538	52.6369	3.10237
91.8037	52.52	30.6645	3.91736
79.6228	90.1037	99.118	3.90567
28.2162	86.6811	17.5735	4.08065
96.0423	10.4733	7.30523	4.0255
17.4768	24.1187	26.8139	4.0798
82.0912	71.6507	16.5764	3.7291
84.7421	102.371	112.704	3.9502
3.15465	27.5066	3.55879	3.38191
64.7164	50.0405	12.6397	3.43416
9.8468	51.2283	32.7375	3.11783
48.2031	55.1449	111.86	3.56313
18.6327	27.3989	39.0008	3.42132
21.3248	19.6846	92.431	3.20347
96.8257	73.9335	39.3601	3.37922
61.5935	48.999	58.889	3.93618
4.0828	36.403	48.5397	4.39479
76.1517	60.5927	62.8499	3.31249
73.6128	23.6316	87.6717	3.68834
113.787	4.02547	44.283	3.51746
81.0742	113.15	106.436	3.30973
47.28	81.5706	36.8147	3.50274
98.1208	64.0881	23.7192	4.25465
30.3302	69.4271	14.2985	3.81759
9.21417	68.48	20.4282	3.65427
46.9219	36.6139	37.4228	3.91289
75.7177	5.49031	72.4631	4.89668
21.5674	50.2574	99.6	3.52743
9.58633	85.4189	22.3162	4.20794
43.0249	42.2043	87.4701	3.6974
43.1445	60.3585	59.3875	3.42329
87.5256	88.6607	111.304	3.43209
66.2974	87.4317	19.5162	3.79898
57.5234	51.3073	20.3754	3.25576
94.3115	42.9717	12.0949	3.74558
80.1891	71.5952	24.4933	4.15502
101.383	22.0867	4.75837	3.92254
16.6768	70.1854	72.2657	3.66928
88.6154	12.1955	91.0546	3.62859
85.7523	49.7001	89.7451	3.71299
45.8239	64.1799	110.369	4.11468
60.0818	112.47	52.5525	3.75356
80.0807	26.2194	31.6038	3.85207
100.943	10.8922	1.56018	3.47505
11.455	13.1368	85.1478	4.25158
52.0251	69.6037	74.7844	4.0441
113.045	5.44507	84.6895	2.77781
85.1974	37.3083	59.9201	3.40271
48.636	23.7352	10.647	3.96446
47.9657	10.5867	98.4432	4.01591
92.0329	7.1424	27.5495	4.56427
25.9154	74.0466	77.2011	3.87457
30.2072	56.0903	76.0894	4.12297
20.3798	58.5715	89.1637	3.90953
94.7611	8.81448	-0.443265	3.28212
35.0104	59.606	98.2654	3.2828
0.288496	0.483076	103.854	4.0546
17.2293	30.4436	100.512	3.3342
55.0204	14.6859	50.3284	4.33287
91.1186	39.3614	6.39367	3.18581
41.1443	6.87059	45.5237	3.50593
3.60806	38.4413	22.4326	4.19222
89.4486	108.709	96.8829	3.39752
94.4595	61.3226	90.9683	3.26873
62.3749	48.3513	35.938	3.70784
20.7141	86.0366	6.21479	3.74506
2.41444	111.124	26.1311	3.40986
84.7716	61.409	51.615	3.34894
44.5082	3.41455	92.0968	3.14886
2.33043	8.21837	113.142	3.53295
105.697	107.387	24.0796	4.12437
54.5002	82.1174	94.9895	3.3404
72.0135	8.01748	26.2681	3.161
56.1919	29.2785	37.2118	4.04013
17.4063	6.70051	57.2128	3.87228
94.3858	43.1645	69.8641	3.4786
100.382	34.3273	37.7528	3.05834
69.9612	99.2448	61.6723	3.32451
88.4651	83.4975	33.2856	3.86604
63.5319	77.2464	10.7543	3.93032
43.4476	58.7303	24.0492	3.15267
49.4264	11.6087	55.8571	3.85665
80.19	8.24027	18.6677	3.73896
48.6725	58.9366	47.0115	3.95899
101.127	58.9212	90.5983	3.81182
-2.29622	16.6954	65.8227	3.2958
32.745	42.0777	12.0379	3.00272
50.0448	47.4654	8.78424	3.1656
26.8688	62.6869	16.2844	3.85495
11.5244	26.3209	76.0316	3.51985
102.668	72.6986	42.5665	3.33945
108.895	69.0304	110.644	4.06007
109.098	20.7937	49.3903	4.38216
77.0401	114.119	84.6344	3.4659
96.5084	64.0464	71.5501	4.86513
2.31106	15.1114	71.1255	3.8349
106.859	84.0218	25.4612	2.99726
69.8109	115.438	24.3942	3.62013
112.792	80.2881	0.881079	2.96264
26.2289	74.7608	84.6491	3.38022
71.0635	21.9398	2.7566	3.83869
18.8762	43.7461	95.9672	3.81805
39.2756	41.4859	9.10401	3.47063
91.2932	78.2053	38.1892	3.61385
49.5244	57.7884	61.5955	3.45616
36.5645	109.956	35.474	3.38368
68.6922	30.4005	90.1653	3.93989
41.5471	38.3002	24.8968	3.78067
10.3631	5.45428	35.6486	3.77035
111.408	105.771	13.7298	3.77196
101.788	76.3725	64.4512	3.55311
110.99	24.342	93.6313	3.86327
87.0371	103.948	79.2319	3.92711
95.6616	16.4134	74.0468	3.72854
4.06608	3.83938	98.073	3.57229
67.8496	86.881	38.6031	2.83641
31.166	43.5088	19.52	3.49912
104.579	1.27085	53.4135	3.21256
21.5123	102.479	0.012147	3.65946
105.003	2.47757	105.769	4.12358
102.577	94.3369	89.5395	3.89642
16.9839	64.8232	31.0413	3.17535
99.2158	24.3313	88.195	3.48007
88.6695	110.618	74.0688	4.25687
112.74	9.29788	53.4703	3.75604
21.7025	49.9828	0.691289	2.88904
3.98536	30.7222	9.87175	3.60634
107.433	8.06694	86.188	3.56012
55.8143	95.2859	61.5487	3.25311
106.705	29.7656	41.0886	3.71048
102.687	7.40964	92.9683	4.22072
52.4382	87.6617	26.0912	4.09872
55.2477	60.3222	83.4019	3.7956
112.857	85.3194	14.5942	3.55081
59.0728	54.3015	43.9852	4.31342
15.0285	11.4291	36.0474	3.59568
22.736	106.83	84.0561	4.01624
86.1295	58.0332	29.3473	3.889
17.6447	64.2274	76.7262	3.69942
116.961	20.6915	47.7984	3.16063
8.54465	114.143	91.1073	3.4791
67.6632	79.2523	79.6233	3.25289
105.371	67.2001	46.921	3.65619
69.0081	91.2102	26.3403	3.86738
6.28506	36.5111	75.6885	3.30946
54.8223	65.5737	113.558	3.9048
18.108	56.7856	38.5299	3.2645
34.4467	54.1247	90.109	3.74735
72.5689	61.1307	44.6257	2.87147
60.6122	92.0671	93.3273	3.42931
103.668	65.8816	103.926	2.83951
31.4825	28.2868	65.2241	3.6178
1.10564	69.4155	92.7289	4.53804
54.9211	76.0161	33.2994	3.25554
48.9803	87.2286	56.8638	3.79346
80.143	106.211	84.3245	4.92702
18.5804	45.0568	73.5408	3.14652
94.9244	21.2728	16.4399	3.41623
44.6415	103.512	44.7009	4.20651
74.1677	45.145	108.072	4.06651
63.2925	73.1007	60.919	3.4415
113.646	11.5762	61.3819	3.42845
92.1872	105.241	-1.80009	3.77726
8.47319	91.3718	11.8329	4.97445
17.0087	72.1684	20.6892	4.14802
87.6244	69.8403	30.4219	3.30589
76.4259	24.3795	102.927	3.98008
28.1683	113.304	6.36287	4.27809
53.2359	63.2932	70.2463	3.63661
61.0258	46.9648	66.5473	3.88899
18.0479	10.7408	42.5271	3.44308
37.8425	9.28502	108.06	3.13806
16.7454	51.037	26.8587	3.33846
111.309	3.61588	37.3288	3.63283
65.2068	53.6758	88.0942	3.22578
90.7642	33.1378	20.3	3.78181
10.1835	84.459	84.2885	4.61934
24.9286	60.6683	105.31	3.13384
101.264	94.847	10.7803	3.85529
108.708	21.1472	3.53709	3.21303
103.824	30.8465	52.574	3.74435
85.4858	45.2505	111.532	3.66156
110.915	51.9639	54.8894	3.89657
25.244	85.8911	24.5981	3.11281
43.173	90.9959	60.6457	3.97428
6.11722	43.6836	51.8814	3.75823
70.6722	16.3283	90.9487	3.76408
21.8053	13.2439	56.1148	3.45688
29.414	111.638	110.63	3.19867
89.8076	53.3487	17.1072	3.12701
60.6665	3.64375	30.501	3.31764
84.3273	83.0928	66.8729	4.1069
15.1726	51.1047	7.03059	3.86987
105.364	20.4258	11.5365	3.78312
101.413	80.0859	38.9352	3.86266
81.4596	32.3242	10.365	3.88429
30.8873	34.073	8.87612	3.82664
67.3554	66.0229	100.141	3.40771
56.8488	64.2014	77.1933	3.29357
79.4715	57.4025	32.693	3.44511
14.2372	47.3406	99.9068	3.09575
49.2831	17.4615	27.6817	3.11407
23.4116	22.9786	41.5056	3.09405
67.0214	18.3038	48.6192	3.61334
66.4175	95.5729	82.4683	3.74929
62.6127	106.183	42.0508	2.88476
64.837	80.9861	27.1813	3.25907
30.2144	77.8493	64.476	3.35372
85.8061	86.3986	22.9056	4.13731
2.95319	60.7735	61.6234	3.9133
15.4139	103.835	84.4934	3.85173
99.8623	68.3107	52.4456	4.18289
86.6941	48.5521	57.3093	3.50646
3.06757	71.0554	105.496	3.48836
69.7225	39.629	55.4397	4.19009
85.6399	68.9129	7.03602	3.77035
34.2519	94.8533	51.5053	3.87167
25.2461	28.2865	38.5957	3.09757
79.9009	20.1253	66.8262	3.77723
93.8983	94.5936	72.5399	4.20129
61.8942	12.4011	74.1896	3.63365
46.9064	39.3324	48.2954	4.10269
15.9382	23.8595	98.0803	3.73788
89.1421	16.0872	37.5529	3.42894
88.1222	39.8893	67.8016	3.87061
46.1031	30.3943	3.39893	3.22505
110.07	29.4478	56.9703	3.62634
66.9656	66.2908	13.4729	4.38165
20.6708	73.0157	98.3992	3.34586
60.4531	26.0428	94.4607	3.50805
89.8072	71.6371	42.6289	4.15696
85.2576	100.554	39.0242	3.25775
102.182	103.69	91.7715	3.62802
82.1352	48.2849	39.205	3.50801
20.6089	65.1823	22.9792	3.82207
26.3207	113.464	49.4099	3.50436
18.5482	78.5063	103.911	4.13535
94.3084	70.3089	57.2408	3.26463
80.467	63.291	3.75065	4.18785
90.3759	95.6452	56.724	3.66977
14.0413	20.7953	83.2866	3.65627
36.3934	101.427	84.8799	4.14389
48.7967	72.836	12.8574	3.11399
98.4089	81.2701	0.529273	3.89257
48.987	93.8356	42.0917	3.75724
2.98547	83.7574	87.5273	3.25261
16.9765	95.5598	12.0053	3.98911
95.1487	50.1633	67.6485	3.43673
43.2832	74.7129	37.157	3.31767
56.3277	77.5621	14.4615	3.90137
75.7571	27.6802	25.1486	3.90568
40.5089	68.3392	114.692	3.55393
94.9667	106.655	92.2523	3.74236
109.976	102.624	97.7831	3.20655
46.9274	13.5451	12.6372	3.76229
58.796	14.491	39.9085	3.69809
14.3176	76.5665	113.351	3.91321
47.4347	64.9318	43.0234	3.28988
75.228	52.6002	117.971	3.17982
47.1835	115.245	77.823	2.96173
84.0705	111.32	30.2043	3.46774
111.888	65.7967	61.1018	3.90822
108.701	1.18454	83.6552	3.37963
74.0703	52.1552	31.0779	2.99769
42.8422	62.4509	13.5523	3.77264
38.2761	16.8651	77.0631	3.69271
42.2297	96.3658	41.5764	3.29783
31.24	63.7866	22.189	3.51957
44.0358	9.04323	38.9141	3.8555
103.186	60.2789	8.92532	3.45141
39.4087	39.2816	73.3125	4.11751
111.162	22.1413	57.33	3.76512
65.3274	20.7309	20.0063	3.14795
105.433	32.408	111.855	3.8373
26.3247	39.47	43.0491	3.78383
9.41512	62.7006	14.2944	3.21485
38.5373	101.196	108.146	2.79438
0.987153	48.5577	62.8464	4.0856
67.8156	97.8321	97.6943	3.99931
108.106	32.6617	63.2321	3.67632
54.7128	51.1237	13.025	3.97514
61.0356	106.232	66.2672	3.44273
97.2956	17.7014	47.3698	3.26577
113.374	24.8274	7.63106	3.48543
17.7651	46.6166	106.041	3.85198
26.3858	67.1502	34.7096	3.28225
113.304	84.4975	58.818	3.58632
37.706	3.30251	104.856	3.52954
96.8664	70.3503	45.4549	3.54783
20.6277	21.8957	11.1979	3.70538
9.47729	117.176	15.9769	3.34766
36.1626	17.0957	23.6659	4.13137
80.2304	36.9068	16.4149	3.61545
7.41652	97.9742	67.5319	3.85488
10.4631	27.2308	16.0677	3.51525
49.5856	48.1318	110.287	3.54641
110.371	48.3258	87.3714	4.05023
33.7881	4.07535	46.0888	3.73303
85.7549	3.98903	56.2223	3.71573
23.295	80.7739	19.9453	3.80561
81.4729	38.5568	73.1518	3.60249
39.4327	88.1008	70.0922	3.75874
80.7302	105.725	42.2493	3.87159
72.8847	111.322	90.3574	3.88064
29.4343	107.554	25.5097	3.70126
19.4011	29.675	68.1591	3.59311
19.4151	76.5682	74.2673	3.55427
62.3642	11.9102	64.5592	3.84867
20.2259	108.82	3.00348	3.3943
55.4076	2.02143	24.8736	3.66871
112.485	67.6253	15.8637	3.38344
47.489	45.5616	53.8836	4.23078
74.0657	52.6673	53.2037	3.84953
101.638	67.2749	110.088	3.39432
65.8413	90.6323	64.2358	3.57327
41.2308	21.0765	67.8861	3.28437
61.1165	59.1248	98.8648	3.65686
88.9085	95.8986	92.1463	3.43081
61.1399	3.77511	94.294	3.38053
31.0011	24.2983	39.3702	3.88982
18.2632	114.16	7.77252	4.01165
89.8779	32.228	47.0373	3.68463
95.483	18.7269	98.7177	3.61584
99.6282	101.059	54.0773	3.6228
71.6543	96.6953	37.0648	3.96558
46.5539	55.2096	103.466	4.86805
50.6726	89.6121	95.2083	3.32082
70.1262	29.4848	29.325	3.21308
26.0307	32.9351	20.2255	3.60894
42.4789	69.4494	16.761	3.79794
6.88868	58.3648	111.172	4.53198
-0.569651	22.1276	83.6694	3.5947
46.7649	43.5092	97.868	4.13386
49.217	49.9495	73.0817	3.97884
60.2568	83.15	113.492	2.88156
90.9468	109.485	82.3491	3.27383
37.8025	23.8795	90.1541	3.15442
103.601	19.5952	90.477	3.23299
65.7899	74.4856	27.5909	3.19916
45.2319	33.4338	100.301	3.397
83.4189	82.674	88.9868	3.27864
112.154	68.6675	47.9377	3.2085
85.6336	20.8351	88.9819	3.4125
10.7528	4.27781	54.127	3.66712
44.5939	10.1529	18.8397	3.59091
72.4137	100.179	1.20125	3.21252
19.5039	10.4106	30.5914	3.34548
8.60528	52.0396	2.26662	4.12067
33.2531	58.8181	55.5452	3.36949
47.9764	34.8015	69.3696	4.09913
25.6385	8.94528	52.4261	3.33014
30.1078	92.6466	57.3315	3.5196
7.4402	98.2734	22.9824	3.64486
56.854	2.13356	111.492	3.2828
100.429	82.7351	64.7481	2.93606
20.912	55.3009	29.702	3.18707
78.4842	104.954	16.4974	3.42669
2.61426	23.7515	40.0737	3.43973
34.91	37.1875	20.8952	3.95003
55.9815	67.5591	6.81833	2.84885
14.6639	89.5008	79.2452	3.28393
87.9576	106.213	42.0496	3.36928
61.5907	81.4916	53.0518	3.05866
4.86645	101.491	35.2254	3.33543
21.8762	94.6804	66.8756	4.01014
71.937	11.6543	61.5102	3.89474
25.9196	79.9833	110.914	3.74365
50.7531	105.812	111.299	3.99963
75.8835	25.417	56.1498	3.51413
97.1621	101.447	73.9768	3.33665
81.0504	82.6124	27.8688	3.47381
74.4391	62.7311	96.818	3.73486
113.538	94.9427	57.958	3.49841
17.3124	7.33015	74.3643	3.22275
8.90472	111.503	60.3133	3.30139
90.9995	79.6763	46.7826	4.16472
41.7393	70.4055	98.1674	3.53601
23.95	105.735	94.8085	3.68174
13.4371	29.7422	86.158	3.50368
64.0311	92.0566	76.5487	3.22831
2.8003	99.489	87.3253	4.13954
84.5941	100.918	89.5142	3.56486
107.047	56.2189	49.9471	3.61135
16.2532	85.8687	36.9933	3.25627
17.6517	43.9858	47.84	3.69253
20.5307	84.6398	98.5398	3.80239
104.513	39.5204	23.0765	4.46455
57.1892	35.9246	21.0873	3.58172
3.67953	40.1574	104.044	3.67856
104.236	57.9462	83.3076	3.50283
31.8995	2.76069	92.3661	3.98358
88.1102	68.5752	17.4752	2.977
104.148	86.1174	84.2899	3.94941
48.7146	50.9623	59.2439	3.21936
39.6766	96.3759	34.8135	3.90332
15.6232	47.9338	35.1683	3.7219
93.7556	9.47536	58.2162	3.93959
97.4824	93.839	33.5461	4.18821
5.7385	71.8864	54.1834	3.1958
89.2048	58.6065	83.8192	3.82413
79.7096	51.0117	111.8	4.42597
71.203	32.3096	67.1983	3.90236
32.5789	65.6477	72.692	3.87019
11.535	11.6837	58.5545	3.83493
67.6847	22.9996	92.3184	3.6687
45.9477	11.666	25.1495	3.00336
-3.28052	51.6236	47.4363	3.4691
27.9212	86.5061	43.9744	3.99155
68.1547	49.3053	107.05	3.08504
91.0712	69.7833	68.8428	3.46956
69.0522	32.931	8.64972	3.72985
56.7537	28.0616	88.4893	3.38976
68.4922	87.4157	105.488	3.49926
47.2378	10.9001	32.033	3.85742
66.5628	83.534	55.3976	2.7651
5.96186	112.7	83.6025	3.10056
73.0673	63.3333	89.7457	3.32119
30.2903	68.7668	78.5089	3.10133
102.771	112.641	37.2289	3.81222
20.0244	34.2265	88.8907	4.21152
111.64	36.7086	20.2833	3.25852
18.52	113.883	33.0291	3.40842
0.94125	79.9457	95.82	3.28173
60.0864	98.8199	33.8038	3.57554
66.2886	61.0239	73.1347	3.19505
5.55082	23.6276	79.6741	3.56898
21.848	95.3606	29.705	4.08775
103.365	39.1143	81.7121	3.68883
46.2164	78.6377	54.3882	4.78403
19.3675	50.9614	90.4001	3.42324
91.9197	89.8069	28.9621	4.06204
36.3696	82.288	9.14572	3.49137
39.8499	57.3837	84.1192	4.6952
7.88164	12.2168	36.0637	3.34445
54.4739	63.2821	62.9083	3.68407
27.8402	73.6422	48.522	3.83804
76.1794	101.852	29.8292	3.54785
75.8246	86.2716	12.2217	3.40788
81.8729	87.1424	83.5808	3.53539
15.6277	96.1854	48.1577	3.38231
3.17027	22.7638	60.2976	3.89961
3.57018	78.6476	75.566	3.11525
43.2479	48.6645	65.0928	3.2363
7.04838	33.4221	89.4158	3.48791
15.4889	104.011	93.3346	3.7561
52.2593	74.9268	96.103	3.49845
38.5045	36.0253	110.649	3.10441
61.6385	115.437	76.0026	4.10571
91.0376	15.8465	55.3478	3.49255
3.8238	110.717	54.4171	4.02844
32.9795	105.861	105.424	3.85258
15.2282	67.1892	64.9672	4.27499
26.7826	48.7906	17.3892	3.20412
63.7481	83.6109	76.1781	3.18699
44.5897	10.3737	90.5324	3.93393
83.7023	26.8829	63.9009	4.43682
30.2972	51.5183	96.209	3.57275
63.6348	20.7049	71.2217	3.6449
62.8925	98.1597	106.364	3.66514
69.7603	25.3713	106.145	3.31349
44.8841	111.132	112.859	3.59975
38.5449	75.8059	63.625	4.24525
83.5719	64.3119	13.5658	4.32886
51.561	100.166	43.7779	3.14298
103.394	65.9074	39.3478	4.06796
8.70119	78.2417	60.7701	3.39446
4.29755	38.592	40.5106	3.88623
14.1461	33.7482	16.2631	3.90621
25.4781	39.9381	9.35761	3.91103
113.026	83.8448	44.4633	3.797
70.7947	66.3977	75.3172	3.93221
106.264	82.4568	92.1759	3.77828
35.3881	11.4914	34.2321	3.94752
46.2818	67.2552	102.959	3.62829
75.4303	85.66	18.6493	2.86325
40.4143	14.479	45.0978	3.80893
47.659	4.07461	34.7432	3.24301
99.9479	7.23367	33.2568	4.72527
5.95296	97.8947	94.0852	3.37391
69.1011	79.4791	32.1588	3.22494
29.3447	36.8601	62.2545	3.98103
75.2068	44.0795	0.0207144	3.14511
26.0949	102.691	107.03	3.38774
45.1467	87.1453	25.0375	3.17086
108.883	96.3423	74.0299	4.17224
57.1241	11.9634	57.9646	3.95665
25.869	83.5101	32.0723	2.9466
80.9748	11.2247	4.0436	4.0389
108.651	9.0907	104.848	3.23317
60.5968	55.8546	74.0554	3.49841
55.1047	35.9947	100.125	2.97995
107.727	45.1482	101.402	3.141
77.0075	92.7673	40.7044	3.52179
102.722	42.0469	52.4989	3.38295
78.8693	102.432	55.8874	3.4067
92.8989	32.1165	105.89	3.47273
97.3708	95.0309	65.0433	3.26166
80.4164	55.3235	6.79371	3.41156
105.813	37.5019	5.67173	4.32351
42.7704	80.7051	11.2685	3.40897
111.468	57.2204	26.7822	3.95094
113.39	34.2912	8.03308	3.27819
0.132694	40.3577	77.1012	3.99219
96.7167	11.85	51.3847	3.78753
103.584	52.074	77.4712	3.67027
101.876	65.6901	93.3038	3.46532
35.0574	67.1665	100.405	4.15793
4.49485	81.6327	55.3947	3.94327
40.2705	24.5743	11.5961	3.8692
83.8263	111.688	100.117	3.57883
30.1697	22.2624	19.1368	3.39644
81.6216	98.3845	9.35198	3.6605
65.7901	-2.29463	106.944	3.79023
21.1541	43.6321	59.9532	4.08755
73.5563	9.47841	3.89569	3.47193
104.957	75.8987	77.5692	4.09335
70.189	46.0775	35.5155	4.31604
18.0627	71.5777	2.62559	3.60856
77.7694	60.8657	10.2715	3.1263
83.275	53.5218	60.1153	3.03634
62.1468	108.735	3.31525	4.02521
23.0641	18.0293	17.3911	3.74384
23.971	10.4318	82.3496	3.42522
109.726	89.6835	21.2215	3.92005
54.9589	81.7071	42.2797	3.98522
97.4777	12.2449	89.6963	3.53001
34.357	93.438	85.0864	3.84742
109.808	14.525	73.0716	3.83975
18.8758	30.7217	107.14	3.31628
9.6886	45.7823	84.4552	3.52116
13.0852	16.8651	100.672	3.90607
61.8602	78.6611	46.1132	4.30896
98.6444	77.5224	71.393	3.7678
77.251	59.128	70.7133	3.36091
53.3055	46.0281	67.4947	3.0767
31.383	77.7433	29.3915	3.55471
96.0495	17.4431	40.0284	3.90107
113.913	7.49321	101.055	3.33768
74.1699	88.4516	31.736	3.7917
31.904	4.54799	110.192	4.34244
31.5514	19.2194	91.7956	3.22055
35.5175	96.0692	61.5299	3.96341
74.884	57.8143	57.5275	2.80433
53.6278	34.3013	88.9062	3.28418
27.0893	83.7009	51.2274	3.79427
8.09613	21.8928	21.1776	4.18184
48.2193	98.5643	98.9437	3.59887
110.267	18.6929	40.9776	4.11945
62.1209	68.4977	19.901	3.88845
59.013	53.763	80.7331	3.38381
31.7296	44.5217	45.022	3.36521
59.9742	81.461	69.5385	3.28309
82.2233	33.1644	0.646046	4.06234
96.396	31.9209	25.5361	2.91186
66.0403	46.0417	54.0064	3.19717
37.1393	85.3452	63.413	3.67603
25.042	31.2014	64.2176	3.39304
88.9648	80.9789	19.0442	3.00775
35.4436	61.3939	16.3665	4.02706
59.9545	4.1024	8.53147	4.24784
106.164	2.12025	22.3405	4.01961
6.76363	81.9111	92.6634	3.38273
4.31515	28.7555	84.5381	3.55568
92.0699	2.167	60.544	3.88656
63.4243	34.4487	48.7974	4.31238
95.3686	27.4343	2.5159	4.13832
14.3844	113.725	43.7948	3.80396
62.5003	16.6535	33.9619	3.57461
1.14769	64.8997	51.7517	3.24297
76.987	45.3168	29.6905	4.48222
87.0442	72.0229	58.636	4.06479
27.2347	61.7425	115.315	3.47883
26.716	96.3689	93.863	3.43124
113.667	9.67024	6.87296	3.34958
46.3489	90.7281	114.67	4.2227
2.3341	42.1894	67.3493	3.78488
51.4873	30.0923	74.8643	3.42332
30.3458	55.1124	3.00969	3.7885
37.0217	22.328	5.45096	3.34676
93.4335	13.7541	104.733	3.92564
102.699	22.7446	39.8154	4.38082
78.1442	38.7608	23.8131	4.20823
26.7099	11.3573	94.7791	3.68221
1.72537	103.902	103.916	3.63379
27.9183	88.5191	80.9345	3.93769
53.8382	68.4631	55.2715	3.24079
43.9509	73.947	44.1058	3.61689
32.3242	2.36777	12.4026	4.0375
70.7305	12.2593	84.4483	3.69885
34.0031	30.5942	36.4941	3.35351
57.7263	7.65607	99.3822	3.6378
24.1402	102.181	65.2272	3.30769
62.4719	112.07	96.1867	3.70677
105.336	86.5339	42.8832	4.18942
48.5906	96.3109	63.3539	3.81658
58.5179	35.2254	106.951	3.698
51.9098	21.2293	66.1644	3.44941
7.98377	75.835	81.3767	3.80377
22.5398	103.553	56.2772	3.78957
96.0221	31.3	58.4435	3.62847
37.3421	112.194	109.626	4.03993
20.6144	114.99	-0.532723	3.68312
105.334	61.6284	33.2014	3.617
67.2683	100.447	16.1615	3.62003
17.6893	66.243	100.247	3.8883
35.2086	74.6072	19.529	4.1997
113.48	13.852	46.9073	4.08013
33.2917	46.2392	38.0703	3.09063
98.3311	111.045	86.8667	3.58075
60.9687	8.83854	52.3387	3.3651
29.0059	106.394	52.0128	3.94334
18.6649	101.951	49.6814	3.07391
25.7575	3.83542	21.4712	3.46044
20.4179	43.9661	13.684	3.80542
114.191	31.7236	15.5424	3.98008
51.0618	13.3684	92.1965	3.373
2.53912	9.48491	31.9888	3.75406
71.7056	43.47	77.3503	3.6392
70.389	103.69	90.2171	3.83308
73.9975	81.7932	40.2636	3.67258
45.0134	24.6385	33.7946	3.75962
36.7654	66.201	32.8208	3.79435
82.3226	59.986	82.3614	3.31619
103.526	61.856	16.5404	4.04074
65.418	88.9409	111.663	3.02274
87.2193	58.1476	57.205	3.54671
98.3059	100.845	111.821	3.67429
8.81868	5.53717	93.2645	3.35121
28.5854	11.9539	111.122	3.81951
101.714	4.64471	5.89698	4.11099
91.3755	21.264	29.0488	3.80775
33.8625	3.82187	34.0308	3.77597
50.5676	42.3361	73.8692	3.69257
90.255	25.5907	103.309	3.67064
3.71044	76.4772	90.4087	3.19145
85.9448	111.928	8.73288	2.93259
18.2503	101.154	36.2141	3.53422
19.0569	30.7564	21.2137	3.56059
75.7958	33.9688	5.49773	3.6822
51.2501	84.4471	76.0397	3.66602
79.4285	82.8059	7.65855	3.25863
89.2133	65.4879	37.9872	3.07554
13.9717	75.5739	66.9402	3.99324
24.6519	46.6072	45.7239	3.9881
33.5155	110.749	89.2418	3.96699
21.4191	37.004	24.5885	3.78924
85.1258	40.5994	20.3545	3.56914
40.0624	111.225	80.2012	3.49799
31.9714	87.1162	96.5609	2.85608
69.2857	85.7721	1.49392	4.03649
53.5425	38.0979	78.5724	3.26131
45.4321	31.3215	56.2346	3.50996
30.3065	25.4364	110.866	3.89239
57.6378	13.9202	95.1529	3.69902
6.3125	34.8855	15.7493	3.81363
31.2357	13.4506	79.9037	4.57403
87.2072	4.73238	91.4911	3.83616
1.50401	84.194	77.9734	3.17709
86.221	90.0337	15.8238	3.66607
67.5551	96.1386	2.18818	3.16326
88.4732	69.8389	108.874	3.43381
64.7702	89.3449	88.1164	3.75063
100.051	94.086	111.671	3.16246
52.9032	80.5558	66.967	4.14487
71.3609	91.8021	5.88483	3.61653
109.181	46.5276	34.6428	3.87542
51.4805	16.3404	73.9546	3.94051
101.03	44.6703	99.9951	3.60792
8.73505	77.9335	2.30962	3.08348
61.451	7.15093	23.9682	4.10278
99.7969	71.455	68.5443	2.8897
61.0431	69.3576	55.0051	3.86651
63.9158	99.8007	45.4583	3.74418
102.961	29.5256	84.578	3.68875
77.9645	26.1981	17.8951	3.76417
50.1329	92.198	101.525	3.34261
18.4637	8.78289	87.1248	4.02366
39.9314	76.6634	5.92949	3.18803
111.68	34.7739	108.92	3.43256
72.5912	51.2013	61.6595	4.1593
77.0213	58.1024	101.825	3.3533
108.511	40.8567	111.618	3.63271
43.6009	87.247	18.7344	3.30559
24.7553	111.171	89.8698	3.38613
43.3069	71.4543	82.2488	4.16239
75.507	75.0657	32.4275	2.72418
98.9727	-2.34204	2.97868	3.7431
81.5645	41.2269	36.1125	4.11981
73.5705	54.1962	108.155	3.17853
96.3387	35.8459	81.322	4.00046
3.21313	57.4727	50.9622	3.69702
46.4823	108.23	78.9501	3.6741
3.48035	17.1897	42.3431	3.33479
99.2136	97.4698	16.9255	3.04356
38.3011	8.59511	69.8736	3.28693
79.6763	105.363	100.87	3.71295
29.5984	8.24913	40.2558	4.14326
74.7605	19.3687	51.9803	3.83736
49.233	17.3763	86.6864	3.49257
91.2807	59.5236	106.659	3.73346
46.418	85.2523	70.6956	3.5186
66.9233	39.0748	89.6727	4.03891
43.5529	104.222	109.933	3.28471
92.2921	76.3886	55	3.47136
93.1574	31.8183	33.8024	3.59761
64.3621	103.307	29.4986	3.48216
45.8099	15.8468	79.9617	4.10679
73.0827	28.895	74.823	3.98498
9.39625	113.153	99.7287	3.41641
82.8263	54.1187	100.453	3.80128
70.2789	100.245	22.688	3.2322
111.161	62.305	20.7305	3.77589
74.9	55.3373	95.8071	3.50607
30.3263	63.0403	88.4496	3.46406
2.31946	53.4888	26.5442	3.0487
99.4417	70.6389	100.109	3.70273
76.0194	53.0074	38.0109	4.19536
14.7719	39.6654	82.6174	3.59442
60.7861	89.4824	58.8053	3.71152
106.036	83.2645	101.793	3.28011
38.5064	23.9811	105.617	3.33409
75.9102	86.5697	105.132	3.7853
30.2449	49.4134	71.5968	3.63673
102.305	57.7948	41.563	4.34485
96.5209	66.6619	31.1727	3.72454
117.588	88.0602	93.8261	4.09363
42.1101	69.2412	67.3322	3.24468
83.2142	68.1247	52.7343	3.50143
107.935	62.1615	88.5607	3.71623
17.4911	3.89179	38.0209	3.77094
53.6533	94.238	5.21174	3.84727
48.5287	37.627	84.0781	4.16111
99.4091	87.2549	111.128	3.64375
22.0034	31.1835	74.909	3.74455
49.2763	99.021	85.1472	3.6263
61.57	64.8868	8.07334	3.15956
52.6984	39.9863	67.8281	2.94088
35.7824	72.2098	3.0329	3.31878
106.145	90.3101	112.158	3.53874
94.6722	55.8902	55.0194	3.85376
29.8669	66.1926	106.721	3.71663
53.7611	19.9807	110.607	3.64553
78.0066	64.288	85.316	3.32849
30.2931	108.318	32.5189	3.25692
109.609	107.651	70.3735	4.30686
14.2487	89.7089	17.7482	3.39473
108.174	91.0469	29.1152	3.64551
91.5899	4.56336	43.9035	4.67612
45.1955	7.05671	70.1675	3.61053
40.9429	33.1941	50.5993	3.69315
83.0805	76.6417	10.3097	4.27009
98.818	110.458	64.5195	3.7793
-0.838906	99.4447	110.864	3.85971
81.9002	49.2437	51.1137	4.3058
33.589	16.7284	40.5806	3.98273
73.3926	81.6101	110.812	4.14243
22.7261	91.6555	85.8761	3.62175
63.4259	86.3791	47.1611	3.54592
61.2416	83.4694	15.1124	3.7711
62.3722	9.0928	35.5861	4.0273
82.2349	98.4878	82.5529	3.07946
38.3573	76.429	55.6543	3.3946
44.6546	58.4967	96.3411	2.99353
36.4628	89.7501	58.0266	3.14654
3.85049	46.2443	26.2787	4.25432
34.9755	60.5313	105.451	3.86575
20.4694	68.7796	49.4548	3.65071
105.749	69.1611	16.6435	3.49075
95.5742	96.2696	22.8427	3.86026
101.381	112.761	111.427	3.36124
53.9965	113.043	77.2736	3.7836
46.3688	98.7285	6.40483	4.42412
109.732	87.5331	35.6061	3.72339
90.0243	43.2074	41.0405	4.26392
105.05	89.651	77.1336	4.0043
36.6161	26.9652	96.8189	3.41719
1.66783	91.6073	6.01573	3.76889
8.7553	57.7793	55.957	3.45488
11.5718	43.5316	31.1989	3.20518
11.0987	69.5535	77.0404	3.65599
85.7995	50.7103	106.483	3.60367
90.3529	103.497	22.6631	3.47884
26.2979	52.3808	11.1481	3.63156
48.3859	35.6482	21.2598	3.77055
10.2815	21.6366	111.284	3.50776
86.9897	83.9451	40.9932	3.8993
3.36469	4.25828	80.8164	3.9116
68.1082	73.2725	34.2946	3.37753
90.6533	34.0159	1.74605	3.86089
80.8699	46.2452	22.4253	3.59751
17.7412	107.161	40.1644	3.52319
44.1552	26.3054	88.0502	3.78851
48.9578	54.1891	88.0982	3.77025
83.4052	86.1296	94.7139	3.04412
3.51455	50.3053	106.991	3.17378
2.62602	54.178	57.5985	3.71218
57.3369	104.757	7.85992	3.5842
115.209	14.8412	36.5307	3.53157
111.825	21.7149	70.9406	3.66569
2.5471	79.9447	36.7557	3.88191
29.7033	70.9221	61.7103	3.90705
91.2863	71.3336	0.20045	3.77962
87.2674	22.5429	69.7962	3.10537
50.9023	47.6186	103.028	3.53823
44.9529	43.048	32.9119	4.09711
8.83827	93.3576	49.0569	3.98061
96.3924	84.7011	70.0532	3.81283
61.3767	32.8743	91.9179	3.25827
69.0945	15.1192	55.0153	3.82447
78.8672	54.4106	65.165	3.61729
30.1336	15.3146	28.03	3.35115
67.9415	92.8586	47.4978	2.79576
105.233	11.92	80.9992	3.25781
34.335	17.6075	9.98783	3.6053
46.1805	46.9464	26.0204	3.87732
88.7049	31.183	58.8949	3.62526
7.65896	92.7911	40.6314	3.98145
35.9092	78.3905	92.7089	3.99987
52.6902	74.2749	106.815	4.10945
24.4475	81.8819	79.4302	3.42694
4.78008	28.4354	65.9561	4.13066
95.0878	105.046	85.3065	3.38136
75.8389	111.216	13.3493	3.58561
80.7972	26.7917	51.2728	3.49521
7.15079	103.876	28.3438	3.93181
37.2882	74.1374	32.6806	4.08561
115.526	28.3822	105.313	3.62207
55.9656	84.4196	61.7645	2.85084
104.001	40.169	105.241	3.33025
50.7931	35.5465	5.2659	3.92299
10.1525	89.9644	95.3567	3.23707
113.929	37.3911	99.4711	3.26381
92.2534	16.1518	80.7535	3.65758
55.9166	78.2727	51.3737	3.59059
53.5125	10.1703	25.7381	3.7133
13.5174	34.0392	72.6204	4.69133
14.9092	46.8594	54.2247	3.63005
75.0286	49.7002	19.0447	3.85778
70.065	5.35785	87.8334	3.57871
9.64395	111.532	28.0953	4.05762
84.8101	20.3328	33.5399	3.8416
32.6641	23.2078	101.764	3.69113
9.3199	50.3475	58.666	3.7576
72.6032	105.037	57.3148	3.45118
87.1905	104.667	29.2756	3.83212
106.203	71.3288	83.0554	3.11259
68.8653	35.7857	1.86572	3.51178
12.5007	11.9257	2.84898	3.84099
87.3479	88.1293	58.7757	3.60142
96.9245	29.9989	65.7008	3.58958
18.2265	95.2843	19.2424	3.29859
80.4639	72.0189	62.4196	3.4206
94.025	11.2769	96.8254	4.20391
3.02809	85.6046	18.8419	3.16827
11.7335	56.4287	88.5864	4.423
96.7791	113.974	47.2653	3.57515
26.8256	55.9005	100.795	3.50401
74.2064	60.5323	78.2034	3.10203
86.1017	110.577	22.7315	4.19992
105.885	112.113	2.02996	3.05671
80.8069	64.8131	46.7616	3.53967
115.863	31.1393	39.9148	4.137
40.8437	14.6641	110.17	3.36572
7.45276	28.953	113.753	3.15617
2.70066	63.4038	69.0604	3.42397
69.2227	29.6006	81.9949	4.13196
14.2457	27.8694	112.008	3.83031
17.6887	100.9	43.2994	3.36251
114.521	63.4791	75.9309	4.18841
27.1504	58.5237	83.31	4.05718
111.241	39.6243	70.5347	3.61855
19.1986	45.3069	81.0232	3.34614
93.495	88.1516	0.817972	3.96533
113.398	93.2378	14.1163	4.16201
40.2373	88.6582	37.279	4.12183
71.513	3.02962	111.306	3.50234
106.869	13.5249	90.7356	3.43192
78.3852	90.6471	3.22161	3.87861
75.1627	4.65817	39.2312	3.94932
91.0007	112.834	91.1655	3.57511
77.3988	98.1051	88.1312	4.11946
87.1941	61.8917	6.79603	3.30134
20.2334	76.4913	81.2686	3.39193
34.1205	113.585	18.4209	3.19732
81.3007	9.30301	44.7563	3.48417
30.835	37.2669	94.4075	3.46871
23.4157	82.5439	13.2547	3.05546
52.052	64.9694	90.3922	3.9911
109.739	76.6557	111.502	3.50976
55.3102	41.9848	104.97	3.79412
88.9654	51.232	37.8321	3.80886
64.695	97.617	38.8541	3.2288
29.3847	111.113	95.8928	3.69523
55.9006	7.63898	92.4938	3.3213
86.2819	79.7255	56.5171	3.33939
76.6278	35.5834	55.1097	3.60999
25.14	104.851	39.7971	4.13646
73.2472	19.2617	63.6832	3.03921
105.02	29.1267	105.575	3.15298
8.9101	11.0622	98.939	3.3568
111.779	68.4419	103.531	3.53769
97.9019	81.2159	13.9783	3.46472
83.2018	33.1278	106.569	3.45001
22.408	33.8131	34.9508	3.75754
3.43787	88.7454	82.8233	3.47977
31.2342	51.6576	83.3715	3.82474
74.9645	30.8122	12.9358	3.10542
92.8276	88.8323	53.2526	4.09108
2.15891	50.0374	51.6288	3.54212
3.39951	24.184	110.857	3.72938
23.344	-2.88023	13.3501	3.72681
32.1154	34.0061	84.0411	3.46649
26.6066	2.19371	65.4141	3.40343
70.392	68.3151	94.1869	3.48315
5.32633	9.0318	25.3714	3.3921
95.6858	87.7778	62.561	4.09583
22.0797	44.1223	22.5129	3.63042
82.5879	98.5119	61.8356	4.22401
16.8286	93.5201	-0.443559	3.30891
111.445	33.7032	1.38358	3.64349
35.6231	88.6855	43.8207	3.70994
46.6909	84.3958	81.7567	3.33029
95.4312	105.676	100.75	3.90857
17.5701	16.6824	87.9772	3.26033
34.7992	98.6353	96.9577	3.64743
15.9427	50.1517	69.7883	3.38163
29.8351	63.6669	65.3085	4.05998
104.225	54.7123	108.24	3.21828
60.5568	107.401	73.7907	3.99699
88.2623	98.3589	18.4563	3.40034
76.6591	44.6633	10.4	3.20538
25.6066	10.2127	25.01	3.65732
93.0195	18.6073	90.6972	4.10146
63.8061	41.6536	83.4807	3.23026
52.6995	80.1365	21.9852	4.25225
67.0719	17.543	99.4146	3.77642
104.096	84.696	19.2339	3.61818
14.589	57.0409	74.1204	3.60795
116.246	99.144	28.3673	2.99812
37.567	53.3768	96.6885	3.49609
6.56963	74.4908	31.0819	4.28416
60.6067	9.14238	80.3809	3.28986
111.536	41.1956	83.9334	3.69554
89.6206	15.3197	7.34147	3.89021
67.4087	6.76829	3.2587	3.16799
99.1416	107.866	50.8735	3.82095
39.5664	78.6571	-0.610522	3.45547
2.851	78.2408	43.873	3.38623
65.9823	3.33963	18.4653	3.82814
41.4099	25.4387	74.3525	3.94564
97.6846	43.3899	4.00659	4.77891
102.358	11.9529	74.1235	4.07863
16.9504	71.3645	105.119	3.21767
38.0471	45.8521	3.49417	3.34424
3.05791	92.8788	99.2584	3.13086
17.2033	37.6469	9.85232	4.19015
2.61416	91.9518	111.801	4.21483
67.8572	69.8126	64.7687	3.18397
68.323	15.3722	71.7621	3.35877
61.6836	93.5428	48.6196	3.57291
8.29564	23.408	96.1664	3.79596
17.4668	83.07	79.8661	3.64582
39.8149	37.6806	102.585	3.4277
25.0095	56.4639	40.6248	2.86083
87.0973	48.1076	25.0281	3.3726
32.4305	80.0108	107.362	3.59929
103.962	35.2868	68.8952	3.68299
5.10855	34.4214	33.725	4.02937
72.0972	53.5502	45.4971	4.04694
100.289	113.036	73.2148	3.80531
62.0242	88.9785	28.0006	3.5204
12.9296	42.4042	38.9707	3.45232
58.7384	28.8805	53.8394	3.12673
93.3188	10.1798	37.3605	3.4764
97.2341	99.5527	39.8602	4.10929
30.4221	102.825	90.8998	4.39039
41.1283	17.4264	1.85536	3.92602
23.0766	55.4484	95.1971	3.20932
67.9252	40.9255	40.9657	3.33843
22.3662	9.26539	106.76	3.54817
45.2917	42.4696	20.0913	3.55166
65.2426	62.0979	62.52	3.1751
36.9044	90.6805	20.6536	4.39095
92.1906	82.8107	57.8545	3.42738
105.51	19.1201	19.0264	3.811
49.6935	67.1764	37.1619	3.28488
53.2679	77.3112	76.202	3.74103
19.355	10.1556	10.3312	3.69604
113.526	64.757	27.6726	3.83823
64.4742	39.0855	18.7079	3.6521
76.0685	97.4337	79.5573	3.7813
92.7285	65.7766	95.7354	3.35032
50.5134	4.07787	101.868	3.68931
43.1423	92.5795	15.0099	3.17915
64.4021	3.52724	101.393	4.29371
77.2597	101.485	22.842	3.41977
58.2892	2.33211	82.9213	3.7027
71.9054	69.9393	7.86162	3.84786
73.6684	13.8066	9.6585	3.57589
82.3658	98.5601	75.2479	3.87477
22.4744	39.5255	83.9597	3.24936
73.0543	44.4182	84.9788	3.96199
11.1014	41.9614	106.071	4.02886
29.3755	64.5094	57.5493	3.71457
22.1086	78.8001	2.32718	3.93325
72.682	2.32292	15.2814	3.60409
74.2413	63.1729	26.0184	3.73858
95.9384	104.677	59.9481	4.05589
53.1498	18.3362	42.9098	3.6551
51.3418	22.8024	37.4746	3.4918
79.8629	88.6857	70.5247	3.4606
86.4123	43.6892	74.3236	3.60495
94.1057	39.2234	112.463	3.72448
45.3571	45.5561	13.4984	3.47931
64.7576	45.953	75.1779	3.84927
24.4717	37.9466	56.0514	3.40682
66.2372	16.5106	78.9517	3.96305
112.136	59.3216	56.555	3.58427
31.7891	22.8272	26.584	3.59579
82.2712	43.2539	58.4969	3.34479
40.537	58.7401	45.4725	4.1255
78.4415	40.3328	80.1448	4.20539
76.5236	105.078	9.9529	3.25462
5.58182	100.024	74.4913	3.56442
56.7632	106.212	52.2197	3.01743
32.2944	51.2062	57.2162	4.43412
110.835	10.485	40.4051	3.6456
42.6917	4.15184	20.6121	2.91023
57.4339	83.6488	30.848	3.854
87.5731	45.1573	8.82598	3.80163
12.4948	21.2251	12.0507	3.72002
12.9991	60.311	99.7978	3.58591
16.0008	30.4921	32.8573	3.71192
36.8059	21.8465	45.8359	3.88098
31.6829	13.214	87.9905	3.44108
57.2901	93.0801	15.253	3.68478
25.7358	98.8057	44.0074	3.08302
104.958	11.4026	111.08	3.44297
51.4156	53.649	7.13424	3.15898
102.247	67.4806	86.9315	2.95049
32.3643	28.0912	50.6964	3.59491
39.9755	36.1552	83.3246	3.94274
46.6096	92.6005	33.9816	3.85632
77.2785	4.3956	24.3945	3.38452
94.465	51.9516	61.0573	3.23064
103.27	89.113	98.0324	4.18302
40.4912	31.9071	70.0341	3.74776
26.6979	30.0873	3.29995	3.71374
101.3	25.193	78.3197	3.90289
26.1891	3.22615	82.0157	3.62327
51.8383	71.703	27.5103	4.39554
65.8596	52.2406	70.0331	4.01531
110.002	102.955	2.70242	4.56982
33.7604	48.7337	9.21446	4.22168
12.8995	86.3801	29.0318	3.23444
1.61124	47.9193	3.61969	3.46277
29.3275	98.9249	73.7914	3.46475
7.91175	84.8366	61.4562	3.14614
102.577	10.8165	101.85	3.67123
7.59609	20.9744	67.2565	3.72749
57.0987	88.303	99.0216	4.18874
83.964	3.20363	47.7873	3.81457
71.9853	80.8316	54.5056	3.29408
87.4594	50.6303	74.6856	3.27959
44.6742	87.7633	98.9435	3.72828
45.085	98.2783	21.074	4.08298
101.551	96.8505	96.6798	3.71122
31.2705	58.2773	41.4005	3.46698
50.1076	105.203	3.82516	3.3036
53.3898	13.4084	112.518	3.0937
61.4362	54.9284	28.3267	3.40053
54.8386	96.8516	104.134	3.55845
21.3911	21.8254	85.4763	3.4666
10.069	48.5217	66.0616	3.6339
25.0634	87.7879	57.8917	3.15245
99.0843	7.44122	109.157	3.80715
37.3367	101.717	41.9878	3.56583
86.9663	93.6007	50.3625	3.75323
94.5938	3.37873	3.41175	3.28534
29.9986	58.4528	9.06348	3.06375
25.9114	42.9946	98.8839	3.57566
34.7737	70.0209	55.7004	3.89964
83.3387	78.5121	22.2095	3.74576
67.1017	27.5255	44.7598	3.271
93.9787	111.483	41.1807	3.25839
78.5293	14.3737	48.5535	3.23489
82.7762	68.2976	40.3935	3.90186
13.4794	45.2007	77.4936	3.24666
30.7229	70.8023	41.4316	4.14272
33.7036	50.1157	27.244	3.62942
98.1222	74.5988	11.3829	3.42013
52.5611	112.239	52.0976	3.74581
53.4368	65.9763	105.707	3.88264
36.9869	17.9459	86.3589	3.81581
93.8299	57.2192	97.4497	4.38835
42.8746	97.7339	80.1127	4.57092
102.2	78.2147	51.923	3.59478
110.747	40.2151	104.694	3.43342
9.55832	23.4957	88.1896	3.26183
66.0385	46.7829	87.5698	3.58306
63.687	42.1306	46.9854	3.37135
51.0472	26.8139	61.9961	3.43576
27.5913	97.9856	101.161	3.9942
97.8085	30.826	90.8661	3.39236
61.1991	60.699	24.2828	3.39804
4.14202	81.7842	110.94	3.70546
103.825	41.7778	62.3657	3.62846
33.4878	25.5371	32.5046	3.07569
95.3742	-1.97042	100.893	3.58484
45.2708	10.5789	105.484	3.41064
109.991	75.2102	62.3152	3.26136
42.3513	73.4516	22.9208	3.50071
18.1587	97.3308	54.7464	3.70025
56.3618	6.0652	1.90387	3.45668
95.1436	38.5636	37.334	3.46184
16.7679	78.5681	24.2789	3.15407
112.91	62.3838	113.726	4.2402
69.6083	72.483	82.9827	3.89454
85.19	82.9257	106.03	3.5267
55.0318	37.4076	36.9285	4.05581
86.1443	38.0548	79.0939	3.76316
93.4579	94.7192	15.9048	3.30834
91.4562	108.407	48.3473	4.13661
73.7385	70.2888	37.2682	3.59545
4.20686	9.85487	76.3556	3.19323
102.967	18.3425	109.828	3.55779
12.5692	98.6497	78.7786	4.14781
3.99145	29.0043	94.1456	3.46356
82.5559	78.1914	111.01	3.71835
86.0338	83.4151	1.29404	4.05839
56.7697	25.3963	10.6318	4.19536
10.8482	104.115	22.1202	2.98169
18.7882	36.4679	64.5018	3.66828
73.0795	108.353	30.0304	3.55595
31.1188	19.5406	74.3106	3.51758
31.4054	77.3816	114.992	3.5374
108.282	70.2315	96.2922	3.83155
5.29432	45.3547	96.4214	4.8098
108.78	77.3458	104.363	3.70537
93.751	83.5089	88.3243	3.70844
37.2758	63.5396	58.0605	3.21817
109.393	90.2989	92.8432	3.75088
33.9596	50.1551	19.1803	3.56687
63.7326	90.312	12.8927	3.68228
77.0089	49.2324	95.884	2.94696
13.4515	106.854	55.4713	3.58416
77.9979	88.8513	24.5032	3.88063
83.7353	84.0705	75.7892	4.4331
76.8431	92.7741	10.2053	3.26602
63.4456	91.2424	41.4817	3.68869
77.4717	83.3702	51.2066	3.50605
54.5319	89.6823	106.391	3.45475
3.28693	111.76	95.8163	3.93294
82.6986	31.8199	25.2108	4.12419
109.662	65.504	53.6692	3.65703
58.9667	20.0019	65.046	3.76997
66.2761	0.677915	30.0552	2.99997
106.822	12.9974	60.7906	3.455
30.4846	63.1386	29.3437	3.69204
22.3734	100.286	10.0035	3.43368
57.4329	84.5178	81.3392	4.41946
23.2287	89.4712	34.8035	3.82274
58.87	79.4459	99.3827	3.20839
59.92	13.6376	9.33448	3.07394
51.7748	8.5593	107.774	3.69646
112.242	10.8992	79.0787	3.56241
71.8183	105.712	15.0362	3.29401
30.37	49.4942	49.642	3.41478
79.18	14.3992	61.583	3.80053
102.323	105.265	98.5461	3.1029
39.9862	64.7181	74.9096	3.80157
54.7728	110.701	28.0679	3.51323
66.2259	65.0939	26.4119	3.46004
95.8197	64.3567	102.032	3.75121
2.18125	53.0027	98.3784	3.46796
24.2212	72.4472	68.9989	4.60455
74.2653	22.0143	111.091	3.70999
55.9031	51.9493	70.0994	3.59523
7.5363	4.54445	72.6944	3.51272
88.524	62.9135	68.2445	3.75432
11.1029	28.1344	104.551	3.57305
63.1472	26.4714	88.2414	3.11777
62.9395	27.0091	38.6771	3.00299
20.2669	60.1251	2.12553	3.33493
1.64752	58.6715	38.8161	3.13815
92.4768	46.5484	110.301	3.44391
49.8601	80.1898	29.814	4.02121
55.7814	26.5726	99.9314	3.31714
48.8985	22.4006	102.16	3.71321
20.9904	19.981	53.938	3.43419
26.6004	23.4392	96.1706	4.23337
110.787	74.8639	17.3948	4.05682
38.2448	53.7742	104.867	3.54723
60.3596	63.2763	45.9975	3.41277
76.8979	84.5788	91.8553	4.09358
94.4723	40.055	47.3838	3.05665
11.7266	104.491	72.8592	4.09665
107.487	110.898	9.32057	3.86511
65.9409	1.92296	38.4795	4.35989
44.3014	34.5386	107.317	3.60073
45.7237	48.4357	84.3191	3.69607
17.9135	6.09407	0.809855	3.27165
25.1003	71.9962	3.89701	3.4266
106.122	45.2602	4.43274	3.50751
84.4138	24.5142	40.5027	3.82708
104.396	42.5987	11.4024	3.32783
41.1662	60.6698	30.924	3.46756
29.1778	62.1862	100.853	3.17153
67.8676	44.7676	61.3542	3.76378
43.8185	114.222	86.0054	3.50117
80.3108	83.8882	35.4555	4.25182
44.6707	18.8101	73.2636	3.26043
21.9471	112.415	43.1248	3.77453
15.0886	33.2427	39.3921	3.3021
65.0309	46.6636	19.484	3.28462
88.6417	47.3635	68.5533	3.4826
75.7772	63.9714	34.6822	3.36817
42.3416	12.6372	73.2273	3.2428
71.4425	37.8807	107.726	3.64922
59.4527	27.8253	45.0428	4.25692
37.6288	31.5853	89.954	4.21973
31.7516	100.893	46.8861	3.83112
96.7622	29.8928	51.5562	3.35423
54.1732	91.6058	76.1056	3.71834
29.796	87.3505	28.7755	3.22324
81.0418	46.6293	67.3417	3.53329
8.60896	18.8543	2.84326	3.84581
21.8871	24.9124	4.81592	3.28828
74.9619	7.97926	48.7632	4.05024
56.4657	106.059	14.9196	3.18835
69.9588	33.4517	43.0586	3.47777
2.46109	92.6081	32.6749	3.3918
107.506	8.08346	10.0205	3.59983
48.1884	49.8506	2.16884	3.84656
8.32871	81.713	28.9543	3.28845
50.9028	51.4876	48.8218	3.96284
54.7387	91.7584	37.9547	3.38969
42.0144	67.2974	46.8255	3.68837
90.8454	110.87	32.8586	3.62654
17.9245	85.7237	23.3487	4.11462
92.2755	70.4582	10.4326	3.74582
3.30957	67.3551	58.1537	3.29667
19.8058	44.3898	5.13995	4.41021
54.4807	86.1232	17.0911	3.61291
67.0308	55.4073	78.2973	4.13386
66.1823	58.0769	10.7717	3.69315
24.5978	46.3957	86.1688	4.07137
45.2538	60.5732	89.7787	3.45859
101.198	31.0581	6.02481	3.35765
74.6446	107.995	3.74759	3.74803
18.6646	20.5523	66.3479	3.30561
55.1578	53.3139	92.0874	3.35637
66.07	14.2074	39.293	3.22583
56.3422	73.1508	20.5445	3.55156
97.4951	45.6549	43.2648	3.61528
83.1247	55.1994	39.6335	3.31925
60.1731	75.8861	73.4298	3.33803
110.681	108.863	62.6576	3.55764
89.54	8.64613	51.3533	4.00398
104.513	64.0238	74.8762	3.60846
48.7574	70.0914	68.0037	3.23358
0.100873	17.3988	77.8401	3.50095
107.655	114.558	73.5444	3.36593
22.9999	66.5045	61.8807	3.98366
81.202	95.1921	69.312	2.90908
24.6232	89.5016	94.1031	3.60468
62.2117	33.2548	84.5568	3.7271
57.8719	8.37717	86.2833	3.14593
39.2245	73.2314	88.5226	3.42152
113.905	24.838	23.0258	3.16234
108.575	104.066	30.4815	3.48139
53.1461	105.859	23.5157	3.26119
9.45045	14.4702	23.6588	3.6128
22.5735	111.029	57.1286	3.56962
9.63732	69.9548	69.8995	3.47886
114.316	42.5104	90.9689	3.81205
77.4255	69.8962	95.8004	3.79685
14.6893	74.7353	39.7553	3.74723
1.71709	79.6932	27.3003	3.71769
55.5011	8.34774	64.6384	3.59184
107.135	55.8865	20.3038	3.75028
61.6668	62.2269	30.953	3.38944
5.62427	15.5457	62.1343	3.86997
103.606	105.68	35.0735	3.40593
81.7136	106.633	107.57	3.226
48.96	38.7936	103.307	3.38066
44.8865	77.7635	86.799	3.73878
38.792	13.7173	14.9824	3.24279
19.388	27.0877	46.1926	3.50803
76.1567	111.759	97.2425	3.67363
26.8591	101.201	4.63732	3.50108
39.5613	111.317	65.5227	3.46745
106.552	37.0635	75.4078	3.48094
84.204	111.053	47.3608	3.45964
27.7822	105.878	113.75	3.51207
80.0899	24.8363	91.7941	3.87187
70.4753	58.6812	38.7348	3.66781
15.6223	59.9097	44.0232	3.44339
43.5318	52.3667	78.077	3.87738
62.6177	75.2768	115.961	3.37833
80.5721	0.340696	10.0469	3.60755
80.4386	106.527	26.5495	3.51266
117.272	111.367	62.357	3.39254
66.1109	96.8559	9.34595	4.04478
72.6348	20.6031	22.0436	4.40716
16.9634	17.1081	30.6818	3.57337
35.2452	34.0759	65.6541	3.23058
12.4773	26.0781	48.5893	3.74468
82.6033	30.4811	45.1553	3.742
105.125	21.2181	32.6229	3.2444
104.124	57.6789	71.0404	3.67234
39.1194	2.62181	73.3932	3.63265
79.5948	74.6535	69.2027	3.78123
74.1467	79.6161	61.0963	3.43459
35.6473	33.7615	98.0968	3.51132
58.5892	76.8731	26.8177	3.92881
89.1728	108.701	103.881	3.4406
102.195	18.2189	51.9029	3.20179
73.8504	46.3339	68.3532	2.97179
1.54561	31.5423	112.343	3.35736
57.6548	30.4167	60.5518	3.62233
81.5142	39.7337	9.9299	3.38042
92.5726	22.6202	8.43198	3.81737
9.2782	32.1861	43.4741	3.87004
6.70103	63.7901	54.1814	2.91375
14.5813	65.5038	111.24	4.98847
54.19	111.731	18.9587	4.03247
39.8607	28.7002	113.9	3.74501
28.2741	24.0867	8.0799	3.81096
43.3704	42.3478	79.6054	3.75596
52.3667	41.3534	17.9335	3.83565
66.6587	85.6025	82.1281	3.5448
32.3964	104.934	37.8941	3.34098
3.69844	4.22237	11.8179	3.82152
79.5667	86.1914	43.4487	3.95574
85.0293	47.6205	32.1069	3.87673
14.186	92.3782	5.79556	3.38079
33.5197	14.2383	69.2429	3.99474
109.938	69.9648	75.9735	3.52648
5.48602	1.72307	58.1312	3.33076
53.5272	64.5387	45.9296	3.43018
30.7638	69.4857	6.9171	3.31579
91.3109	111.198	64.9363	3.6099
32.6118	8.00259	27.4377	4.05325
2.67515	66.8633	4.6297	4.20027
60.8315	95.43	99.9084	3.48202
47.3153	16.2017	112.709	3.52899
3.0445	85.4336	31.9305	3.42243
3.37842	23.1483	26.7995	3.05649
110.076	-2.352	111.768	3.44964
83.0096	20.3978	59.4274	3.41802
2.52185	80.4911	62.2426	3.25855
78.0837	93.4222	105.734	3.34676
12.399	17.8803	92.8117	3.78917
67.5852	92.6975	70.7705	3.41073
67.1111	65.3685	41.6427	4.17944
60.6118	56.0253	35.7764	4.09288
30.2571	3.65778	52.4316	3.48472
76.9625	15.1429	16.5832	4.13284
104.002	15.0771	45.4673	4.07386
76.6883	90.6968	49.5041	3.96429
6.91458	55.0646	36.5179	2.99179
93.6282	93.8534	47.5672	3.36463
39.2675	45.9647	93.604	4.14514
16.7793	37.1261	110.672	4.26563
0.947235	2.08915	74.0035	3.53469
87.8727	30.022	111.052	3.66763
33.0884	82.1607	80.9113	3.56976
86.367	77.1297	71.1313	3.41716
7.84441	55.6554	103.043	3.92675
60.3504	25.0029	81.3776	4.27003
8.39759	20.6913	45.9076	3.43047
3.20662	109.698	41.8299	3.64769
108.922	100.858	53.8814	4.14233
42.3708	67.447	38.2056	4.00518
71.4802	25.7665	9.3983	3.77076
41.3195	80.2707	34.1352	3.1545
0.518431	20.4201	97.3408	3.2625
71.5964	51.9019	25.206	3.35855
68.1075	64.4419	33.6312	3.87099
74.5403	95.0769	94.8523	3.70076
55.2942	27.4977	112.071	3.84606
70.0818	24.6428	51.6151	3.0855
109.074	63.061	68.8696	3.89087
101.76	36.2379	88.361	3.66979
24.2214	97.7205	22.08	3.72645
12.7348	35.2183	102.821	3.49451
20.7465	11.7949	3.63278	3.2382
43.6735	37.6794	14.0634	4.06261
95.9868	100.115	94.1722	3.10994
109.587	69.1038	88.3148	3.37713
99.7836	5.25105	48.5171	3.52726
39.5446	6.18196	14.3829	4.22506
44.9832	40.2749	3.19991	3.50769
48.5988	105.905	17.9543	3.83133
60.4316	42.1382	53.8689	3.55953
59.1109	75.8657	56.7798	2.96236
62.9246	37.4965	10.7034	4.10319
95.6076	69.1908	79.1316	3.94201
8.94042	68.5059	9.845	4.01696
71.0545	64.8043	82.9459	3.84212
23.8485	8.14399	75.724	3.43815
14.8198	50.3285	83.978	3.32818
81.2605	106.34	74.2068	4.04199
72.4893	58.5915	31.6211	3.54745
9.98981	91.9679	73.0593	4.67349
26.8687	88.221	101.087	3.68955
97.2642	72.8911	111.263	3.54505
67.746	96.4436	90.0207	3.66109
6.43736	54.7136	63.6748	3.13776
2.84856	98.3907	2.28504	3.69778
99.9347	79.6752	82.7023	3.8918
82.438	11.9582	86.8867	3.72365
47.2791	92.9211	27.0458	3.08272
38.7713	45.9892	23.2627	3.92517
30.3825	76.1565	55.1428	3.55597
33.279	76.4789	85.5864	3.70948
5.82895	2.88675	41.8006	3.46528
33.9304	55.1901	32.9205	3.67911
100.375	56.965	3.28667	3.45719
56.5609	47.2639	76.8239	4.45567
85.1759	-1.06887	85.8921	4.3377
21.3171	90.8886	53.1102	3.59497
79.0559	111.373	35.5875	3.52336
104.547	100.118	103.306	4.03736
100.369	60.0063	111.581	3.97715
66.1428	110.409	18.3369	4.2146
72.7556	75.867	2.18341	3.71619
40.6924	64.6227	81.6946	2.97752
98.3064	56.7638	66.3955	3.48261
86.7396	61.2703	100.285	4.23634
34.6768	80.0716	69.1724	3.41424
29.675	32.8257	41.706	3.66342
38.1462	88.717	79.6333	4.14382
102.933	75.9393	30.3571	4.17829
88.9615	46.7672	18.0981	3.49341
80.7335	66.2107	101.66	3.15305
33.1502	5.15143	99.5412	3.59683
66.1943	80.2073	112.863	3.32367
12.4783	68.9218	85.0624	4.40244
77.3776	42.5057	52.6436	3.59109
88.9011	114.097	52.5655	3.15696
8.362	38.209	28.3971	3.24301
26.9606	21.8256	105.386	3.16068
82.3655	94.1665	45.003	3.26123
113.811	105.764	57.2388	3.35395
83.1071	28.1554	101.477	3.53059
106.926	7.02604	46.0784	3.98741
84.7174	41.8225	27.3417	3.51106
95.3075	22.2282	53.2722	4.29651
7.99696	96.7298	30.8839	3.6152
71.6116	107.037	83.7335	3.46417
23.0457	69.4647	16.3503	3.68787
15.6418	4.53284	31.2509	2.9618
10.7911	48.335	27.2737	3.00418
60.2302	94.4455	-0.975888	4.91637
11.1476	60.2576	50.0851	3.28594
55.92	15.0626	82.6537	4.34566
37.4257	105.365	113.379	3.73933
14.7373	81.0461	59.1783	3.25003
70.831	35.3541	95.3825	3.28489
59.6657	68.9246	27.2951	3.87718
46.9513	78.0859	71.8333	3.71485
96.8258	0.7655	24.9718	3.81263
106.331	48.938	16.1081	4.17888
71.2422	18.8345	105.348	3.37476
98.3026	48.2188	88.6367	3.54668
99.1603	63.6811	3.9813	3.26043
64.4733	65.9314	87.204	3.89502
84.2342	30.503	17.5863	3.68723
108.827	90.9015	68.9832	3.18072
98.3613	57.5476	104.366	3.86427
51.7845	70.2488	61.6203	3.63267
106.799	81.7914	61.8946	3.98852
40.1407	83.5808	49.3721	4.40278
79.1005	50.3313	104.511	2.84523
22.7095	18.0405	111.11	4.40558
